ts,host,url,hour,dns_ms,tcp_ms,tls_ms,server_ms,transfer_ms,total_ms,response_size,http_status,cache_state,conn_reuse,success,error_stage,error_type,source,cause
,cdn-near.example,https://cdn-near.example/,18,7.608,6.938,23.014,37.099,4.158,78.816,60159,200.0,cold,0,1,,,synthetic,NORMAL
,cdn-far.example,https://cdn-far.example/,22,28.444,106.528,437.295,107.895,27.287,707.449,130703,200.0,cold,0,1,,,synthetic,NORMAL
,cdn-near.example,https://cdn-near.example/,23,13.637,0.0,0.0,78.379,9.835,101.851,114312,200.0,cold,1,1,,,synthetic,NORMAL
,shop.example,https://shop.example/,23,0.0,47.537,89.537,222.425,90.466,449.965,737187,200.0,warm,0,1,,,synthetic,NORMAL
,cdn-near.example,https://cdn-near.example/,19,0.0,10.462,3224.868,0.0,0.0,3235.33,0,,warm,0,0,TLS,,synthetic,TLS_PROBLEM
,legacy.example,https://legacy.example/,15,498.527,77.889,76.703,345.478,12.223,1010.82,132431,200.0,cold,0,1,,,synthetic,DNS_PROBLEM
,legacy.example,https://legacy.example/,7,0.0,0.0,0.0,192.301,23.406,215.706,174313,200.0,warm,1,1,,,synthetic,NORMAL
,media.example,https://media.example/,6,24.896,41.431,880.274,65.104,191.895,1203.6,1537221,200.0,cold,0,1,,,synthetic,TLS_PROBLEM
,legacy.example,https://legacy.example/,3,0.0,58.098,116.672,311.896,22.182,508.847,132136,200.0,warm,0,1,,,synthetic,NORMAL
,shop.example,https://shop.example/,2,28.363,25.82,91.953,126.575,57.939,330.651,480499,200.0,cold,0,1,,,synthetic,NORMAL
,shop.example,https://shop.example/,21,81.59,38.044,157.182,314.598,116.268,707.682,598175,200.0,cold,0,1,,,synthetic,DNS_PROBLEM
,legacy.example,https://legacy.example/,9,0.0,161.476,143.604,412.511,38.018,755.609,193293,200.0,warm,0,1,,,synthetic,NORMAL
,shop.example,https://shop.example/,8,0.0,67.874,198.062,734.027,380.617,1380.58,2285811,200.0,warm,0,1,,,synthetic,NORMAL
,cdn-near.example,https://cdn-near.example/,13,4536.593,0.0,0.0,0.0,0.0,4536.593,0,,cold,0,0,DNS,,synthetic,DNS_PROBLEM
,cdn-near.example,https://cdn-near.example/,6,10.076,5.558,23.26,36.721,39.008,114.623,267136,200.0,cold,0,1,,,synthetic,NORMAL
,shop.example,https://shop.example/,19,17.745,36.668,130.909,235.943,60.516,481.782,288513,200.0,cold,0,1,,,synthetic,NORMAL
,cdn-near.example,https://cdn-near.example/,21,18.954,17.791,55.293,136.504,16.099,244.641,114194,200.0,cold,0,1,,,synthetic,NORMAL
,shop.example,https://shop.example/,6,0.0,26.367,643.312,280.959,34.851,985.49,306133,200.0,warm,0,1,,,synthetic,TLS_PROBLEM
,shop.example,https://shop.example/,12,0.0,0.0,0.0,255.46,20.424,275.884,191035,200.0,warm,1,1,,,synthetic,NORMAL
,media.example,https://media.example/,16,0.0,264.519,85.225,54.227,144.222,548.193,1564657,200.0,warm,0,1,,,synthetic,CONNECT_PROBLEM
,media.example,https://media.example/,22,20.644,72.566,377.298,229.725,211.848,912.082,1203075,200.0,cold,0,1,,,synthetic,NORMAL
,shop.example,https://shop.example/,11,0.0,25.03,241.291,178.368,35.798,480.486,313042,200.0,warm,0,1,,,synthetic,TLS_PROBLEM
,cdn-near.example,https://cdn-near.example/,15,0.0,0.0,0.0,22.34,7.638,29.978,230899,200.0,warm,1,1,,,synthetic,NORMAL
,media.example,https://media.example/,1,0.0,38.649,128.991,87.174,161.435,416.25,1527183,200.0,warm,0,1,,,synthetic,NORMAL
,shop.example,https://shop.example/,2,0.0,0.0,0.0,237.288,87.66,324.948,883510,200.0,warm,1,1,,,synthetic,NORMAL
,legacy.example,https://legacy.example/,7,38.661,126.03,236.398,369.79,32.083,802.962,209761,200.0,cold,0,1,,,synthetic,NORMAL
,cdn-near.example,https://cdn-near.example/,20,14.069,8.814,2816.846,0.0,0.0,2839.729,0,,cold,0,0,TLS,,synthetic,TLS_PROBLEM
,cdn-far.example,https://cdn-far.example/,12,182.156,108.698,144.463,102.326,76.182,613.825,340030,200.0,cold,0,1,,,synthetic,DNS_PROBLEM
,cdn-far.example,https://cdn-far.example/,16,37.749,104.309,355.379,76.857,24.22,598.514,216881,200.0,cold,0,1,,,synthetic,NORMAL
,legacy.example,https://legacy.example/,15,37.418,4746.265,0.0,0.0,0.0,4783.683,0,,cold,0,0,CONNECT,,synthetic,CONNECT_PROBLEM
,cdn-far.example,https://cdn-far.example/,19,25.288,126.262,329.767,1465.621,46.98,1993.919,255447,200.0,cold,0,1,,,synthetic,HTTP_PROBLEM
,legacy.example,https://legacy.example/,18,0.0,79.492,83.615,6190.662,33.49,6387.26,369325,200.0,warm,0,1,,,synthetic,HTTP_PROBLEM
,legacy.example,https://legacy.example/,8,37.987,91.94,249.544,733.944,32.949,1146.364,180951,200.0,cold,0,1,,,synthetic,NORMAL
,cdn-near.example,https://cdn-near.example/,17,12.048,11.142,36.599,52.85,5.74,118.379,121581,200.0,cold,0,1,,,synthetic,NORMAL
,media.example,https://media.example/,15,31.629,17.908,47.24,31.847,82.165,210.789,1239161,200.0,cold,0,1,,,synthetic,NORMAL
,api.example,https://api.example/,22,0.0,27.622,105.225,848.806,3.86,985.513,27432,200.0,warm,0,1,,,synthetic,HTTP_PROBLEM
,cdn-far.example,https://cdn-far.example/,5,30.003,0.0,0.0,741.936,11.072,783.011,135177,200.0,cold,1,1,,,synthetic,HTTP_PROBLEM
,media.example,https://media.example/,5,0.0,31.685,101.002,1046.597,84.574,1263.857,1780571,200.0,warm,0,1,,,synthetic,HTTP_PROBLEM
,shop.example,https://shop.example/,3,0.0,473.823,40.141,184.583,30.538,729.085,316484,200.0,warm,0,1,,,synthetic,CONNECT_PROBLEM
,shop.example,https://shop.example/,2,16.846,35.669,733.469,302.85,68.866,1157.701,448609,200.0,cold,0,1,,,synthetic,TLS_PROBLEM
,shop.example,https://shop.example/,22,0.0,120.248,144.633,368.867,211.809,845.557,912023,200.0,warm,0,1,,,synthetic,NORMAL
,legacy.example,https://legacy.example/,14,0.0,28.909,90.88,271.274,16.025,407.087,265311,200.0,warm,0,1,,,synthetic,NORMAL
,cdn-near.example,https://cdn-near.example/,5,12.804,67.699,23.152,54.918,8.486,167.059,52068,200.0,cold,0,1,,,synthetic,CONNECT_PROBLEM
,api.example,https://api.example/,21,0.0,40.01,421.932,206.361,7.368,675.671,44046,200.0,warm,0,1,,,synthetic,TLS_PROBLEM
,shop.example,https://shop.example/,4,10.666,66.76,1508.94,193.193,78.501,1858.059,251211,200.0,cold,0,1,,,synthetic,TLS_PROBLEM
,shop.example,https://shop.example/,18,18.638,30.707,101.363,214.221,89.708,454.637,743752,200.0,cold,0,1,,,synthetic,NORMAL
,shop.example,https://shop.example/,20,16.834,118.884,151.294,3999.034,118.669,4404.715,568663,200.0,cold,0,1,,,synthetic,HTTP_PROBLEM
,cdn-far.example,https://cdn-far.example/,4,0.0,0.0,0.0,53.473,52.241,105.714,254490,200.0,warm,1,1,,,synthetic,NORMAL
,cdn-near.example,https://cdn-near.example/,2,10.982,43.905,24.572,23.339,15.638,118.435,131229,200.0,cold,0,1,,,synthetic,CONNECT_PROBLEM
,legacy.example,https://legacy.example/,20,25.876,67.077,200.962,3247.263,65.652,3606.83,315156,200.0,cold,0,1,,,synthetic,HTTP_PROBLEM
,cdn-far.example,https://cdn-far.example/,0,318.943,92.579,133.032,66.514,4.476,615.545,69265,200.0,cold,0,1,,,synthetic,DNS_PROBLEM
,api.example,https://api.example/,17,30.178,10.759,33.317,83.776,7.285,165.315,57291,200.0,cold,0,1,,,synthetic,NORMAL
,cdn-near.example,https://cdn-near.example/,6,7.664,9.574,35.86,83.005,26.675,162.778,103996,200.0,cold,0,1,,,synthetic,NORMAL
,cdn-far.example,https://cdn-far.example/,9,0.0,160.384,3181.75,0.0,0.0,3342.134,0,,warm,0,0,TLS,,synthetic,TLS_PROBLEM
,legacy.example,https://legacy.example/,17,43.53,52.446,904.879,297.208,33.861,1331.924,312171,200.0,cold,0,1,,,synthetic,TLS_PROBLEM
,legacy.example,https://legacy.example/,9,70.295,0.0,0.0,7585.768,70.045,7726.108,250852,200.0,cold,1,1,,,synthetic,HTTP_PROBLEM
,api.example,https://api.example/,21,0.0,388.226,143.111,127.984,5.469,664.791,21626,200.0,warm,0,1,,,synthetic,CONNECT_PROBLEM
,legacy.example,https://legacy.example/,14,71.711,41.998,170.785,368.596,21.082,674.172,198934,200.0,cold,0,1,,,synthetic,NORMAL
,media.example,https://media.example/,8,294.493,63.949,84.517,66.455,435.345,944.758,2345589,200.0,cold,0,1,,,synthetic,DNS_PROBLEM
,cdn-near.example,https://cdn-near.example/,7,0.0,0.0,0.0,340.607,8.665,349.272,113706,200.0,warm,1,1,,,synthetic,HTTP_PROBLEM
,media.example,https://media.example/,11,17.173,47.669,173.478,1410.358,226.25,1874.928,1465333,200.0,cold,0,1,,,synthetic,HTTP_PROBLEM
,cdn-near.example,https://cdn-near.example/,0,0.0,0.0,0.0,21.415,4.482,25.896,58320,200.0,warm,1,1,,,synthetic,NORMAL
,legacy.example,https://legacy.example/,7,0.0,40.799,93.922,372.301,23.51,530.531,274988,200.0,warm,0,1,,,synthetic,NORMAL
,cdn-near.example,https://cdn-near.example/,0,7.841,0.0,0.0,29.54,17.762,55.143,129852,200.0,cold,1,1,,,synthetic,NORMAL
,shop.example,https://shop.example/,20,0.0,0.0,0.0,231.607,167.899,399.505,1105590,200.0,warm,1,1,,,synthetic,NORMAL
,cdn-far.example,https://cdn-far.example/,22,0.0,145.323,242.342,97.404,16.83,501.9,155154,200.0,warm,0,1,,,synthetic,NORMAL
,legacy.example,https://legacy.example/,0,198.89,23.379,104.414,331.139,52.399,710.22,754681,200.0,cold,0,1,,,synthetic,DNS_PROBLEM
,cdn-far.example,https://cdn-far.example/,22,18.112,165.451,331.1,105.523,31.006,651.193,267786,200.0,cold,0,1,,,synthetic,NORMAL
,api.example,https://api.example/,7,0.0,18.462,39.41,191.935,4.919,254.726,60769,200.0,warm,0,1,,,synthetic,NORMAL
,cdn-near.example,https://cdn-near.example/,21,0.0,157.661,62.583,56.379,25.683,302.305,89830,200.0,warm,0,1,,,synthetic,CONNECT_PROBLEM
,api.example,https://api.example/,21,0.0,24.066,55.475,177.508,9.021,266.07,31131,200.0,warm,0,1,,,synthetic,NORMAL
,cdn-far.example,https://cdn-far.example/,0,0.0,84.55,167.828,94.475,15.288,362.141,173295,200.0,warm,0,1,,,synthetic,NORMAL
,legacy.example,https://legacy.example/,13,37.269,47.86,144.024,261.945,21.656,512.754,224408,200.0,cold,0,1,,,synthetic,NORMAL
,api.example,https://api.example/,9,0.0,53.579,59.311,73.35,1.758,187.998,10091,200.0,warm,0,1,,,synthetic,NORMAL
,api.example,https://api.example/,9,25.908,20.452,4749.118,0.0,0.0,4795.479,0,,cold,0,0,TLS,,synthetic,TLS_PROBLEM
,shop.example,https://shop.example/,0,0.0,51.631,136.112,12021.105,154.059,12362.908,815000,200.0,warm,0,1,,,synthetic,HTTP_PROBLEM
,api.example,https://api.example/,11,0.0,26.498,75.16,56.797,6.129,164.585,35725,200.0,warm,0,1,,,synthetic,NORMAL
,cdn-far.example,https://cdn-far.example/,2,15.629,81.527,165.305,68.148,23.944,354.552,164809,200.0,cold,0,1,,,synthetic,NORMAL
,cdn-near.example,https://cdn-near.example/,23,0.0,0.0,0.0,65.295,15.012,80.307,87515,200.0,warm,1,1,,,synthetic,NORMAL
,legacy.example,https://legacy.example/,21,44.256,170.529,213.393,245.073,33.559,706.812,131039,200.0,cold,0,1,,,synthetic,NORMAL
,shop.example,https://shop.example/,13,0.0,0.0,0.0,1239.525,30.213,1269.738,345981,200.0,warm,1,1,,,synthetic,HTTP_PROBLEM
,cdn-near.example,https://cdn-near.example/,18,0.0,7.199,19.307,44.907,7.124,78.538,53807,200.0,warm,0,1,,,synthetic,NORMAL
,api.example,https://api.example/,9,0.0,56.639,113.396,3377.88,2.044,3549.96,9996,200.0,warm,0,1,,,synthetic,HTTP_PROBLEM
,cdn-near.example,https://cdn-near.example/,18,5625.711,0.0,0.0,0.0,0.0,5625.711,0,,cold,0,0,DNS,,synthetic,DNS_PROBLEM
,media.example,https://media.example/,4,0.0,0.0,0.0,1000.732,175.527,1176.259,2355814,200.0,warm,1,1,,,synthetic,HTTP_PROBLEM
,api.example,https://api.example/,4,17.57,13.948,21.606,43.691,3.761,100.575,50798,200.0,cold,0,1,,,synthetic,NORMAL
,api.example,https://api.example/,14,10.562,0.0,0.0,668.822,0.338,679.722,2069,502.0,cold,1,0,HTTP,,synthetic,HTTP_PROBLEM
,shop.example,https://shop.example/,10,0.0,23.848,122.753,178.337,24.433,349.371,262204,200.0,warm,0,1,,,synthetic,NORMAL
,cdn-near.example,https://cdn-near.example/,14,0.0,7.577,152.694,38.359,7.543,206.173,79219,200.0,warm,0,1,,,synthetic,TLS_PROBLEM
,media.example,https://media.example/,17,0.0,447.358,139.267,135.234,398.214,1120.073,1789366,200.0,warm,0,1,,,synthetic,CONNECT_PROBLEM
,shop.example,https://shop.example/,19,11.684,101.395,124.744,205.756,81.391,524.97,315772,200.0,cold,0,1,,,synthetic,NORMAL
,cdn-near.example,https://cdn-near.example/,4,0.0,51.383,34.06,53.145,6.293,144.882,32122,200.0,warm,0,1,,,synthetic,CONNECT_PROBLEM
,cdn-near.example,https://cdn-near.example/,1,0.0,8.235,38.37,78.695,7.358,132.659,69730,200.0,warm,0,1,,,synthetic,NORMAL
,cdn-far.example,https://cdn-far.example/,20,288.363,91.794,221.677,110.476,11.042,723.352,88903,200.0,cold,0,1,,,synthetic,DNS_PROBLEM
,media.example,https://media.example/,2,0.0,36.604,95.746,59.164,370.32,561.834,3813427,200.0,warm,0,1,,,synthetic,NORMAL
,shop.example,https://shop.example/,6,0.0,51.684,364.254,174.55,31.567,622.055,304977,200.0,warm,0,1,,,synthetic,TLS_PROBLEM
,media.example,https://media.example/,22,21.781,83.881,240.098,485.386,0.601,831.747,2491,500.0,cold,0,0,HTTP,,synthetic,HTTP_PROBLEM
,cdn-near.example,https://cdn-near.example/,10,0.0,43.922,42.772,70.251,13.225,170.171,118014,200.0,warm,0,1,,,synthetic,CONNECT_PROBLEM
,cdn-far.example,https://cdn-far.example/,1,0.0,78.989,3622.654,103.142,38.984,3843.769,301586,200.0,warm,0,1,,,synthetic,TLS_PROBLEM
,cdn-far.example,https://cdn-far.example/,3,271.767,112.81,208.162,54.613,14.82,662.173,127414,200.0,cold,0,1,,,synthetic,DNS_PROBLEM
,cdn-near.example,https://cdn-near.example/,3,19.463,5.177,233.033,31.523,7.173,296.368,93891,200.0,cold,0,1,,,synthetic,TLS_PROBLEM
,cdn-far.example,https://cdn-far.example/,8,0.0,121.199,193.737,108.109,26.636,449.681,239956,200.0,warm,0,1,,,synthetic,NORMAL
,legacy.example,https://legacy.example/,23,40.019,163.565,93.205,317.178,33.426,647.392,169688,200.0,cold,0,1,,,synthetic,NORMAL
,media.example,https://media.example/,6,37.575,29.703,647.349,40.792,60.825,816.244,709949,200.0,cold,0,1,,,synthetic,TLS_PROBLEM
,cdn-near.example,https://cdn-near.example/,19,80.343,14.58,31.659,75.888,20.313,222.784,91671,200.0,cold,0,1,,,synthetic,DNS_PROBLEM
,media.example,https://media.example/,21,0.0,180.813,425.858,106.293,164.605,877.57,1159787,200.0,warm,0,1,,,synthetic,NORMAL
,media.example,https://media.example/,2,0.0,0.0,0.0,50.213,139.331,189.544,1315736,200.0,warm,1,1,,,synthetic,NORMAL
,cdn-far.example,https://cdn-far.example/,1,0.0,134.221,240.798,41.725,20.273,437.017,71977,200.0,warm,0,1,,,synthetic,NORMAL
,shop.example,https://shop.example/,14,20.785,37.117,477.393,203.431,79.742,818.467,766551,200.0,cold,0,1,,,synthetic,TLS_PROBLEM
,media.example,https://media.example/,4,0.0,37.896,96.189,1674.294,0.113,1808.492,1516,503.0,warm,0,0,HTTP,,synthetic,HTTP_PROBLEM
,media.example,https://media.example/,13,0.0,21.723,89.868,446.011,187.046,744.648,2989639,200.0,warm,0,1,,,synthetic,HTTP_PROBLEM
,shop.example,https://shop.example/,8,0.0,40.923,166.925,300.765,136.151,644.765,792691,200.0,warm,0,1,,,synthetic,NORMAL
,api.example,https://api.example/,18,4434.824,0.0,0.0,0.0,0.0,4434.824,0,,cold,0,0,DNS,,synthetic,DNS_PROBLEM
,legacy.example,https://legacy.example/,22,0.0,49.064,295.166,4181.364,93.076,4618.671,348180,200.0,warm,0,1,,,synthetic,HTTP_PROBLEM
,legacy.example,https://legacy.example/,20,0.0,104.933,290.033,294.611,54.157,743.735,220696,200.0,warm,0,1,,,synthetic,NORMAL
,api.example,https://api.example/,22,0.0,40.75,522.83,62.397,1.825,627.802,15555,200.0,warm,0,1,,,synthetic,TLS_PROBLEM
,api.example,https://api.example/,3,28.524,21.532,72.513,65.296,7.314,195.179,46423,200.0,cold,0,1,,,synthetic,NORMAL
,cdn-near.example,https://cdn-near.example/,15,13.296,0.0,0.0,25.701,7.494,46.491,86627,200.0,cold,1,1,,,synthetic,NORMAL
,legacy.example,https://legacy.example/,11,76.685,58.258,527.924,681.042,31.361,1375.269,276054,200.0,cold,0,1,,,synthetic,TLS_PROBLEM
,shop.example,https://shop.example/,4,24.803,146.759,64.606,212.315,36.831,485.314,279109,200.0,cold,0,1,,,synthetic,CONNECT_PROBLEM
,api.example,https://api.example/,1,0.0,10.127,69.074,77.256,4.368,160.825,30909,200.0,warm,0,1,,,synthetic,NORMAL
,media.example,https://media.example/,4,23.045,32.106,130.278,1560.154,313.372,2058.954,2434011,200.0,cold,0,1,,,synthetic,HTTP_PROBLEM
,cdn-near.example,https://cdn-near.example/,10,0.0,4.935,28.645,18.362,9.295,61.237,109041,200.0,warm,0,1,,,synthetic,NORMAL
,legacy.example,https://legacy.example/,4,0.0,0.0,0.0,801.162,62.089,863.251,415226,200.0,warm,1,1,,,synthetic,NORMAL
,media.example,https://media.example/,15,0.0,0.0,0.0,52.257,94.238,146.495,1378750,200.0,warm,1,1,,,synthetic,NORMAL
,media.example,https://media.example/,8,43.647,45.307,3014.0,225.059,116.632,3444.645,1203728,200.0,cold,0,1,,,synthetic,TLS_PROBLEM
,media.example,https://media.example/,20,0.0,0.0,0.0,127.058,147.588,274.645,1168570,200.0,warm,1,1,,,synthetic,NORMAL
,shop.example,https://shop.example/,19,0.0,45.041,83.624,397.873,110.274,636.813,510719,200.0,warm,0,1,,,synthetic,NORMAL
,cdn-far.example,https://cdn-far.example/,6,0.0,46.648,270.979,53.174,7.151,377.951,165733,200.0,warm,0,1,,,synthetic,NORMAL
,media.example,https://media.example/,0,0.0,41.044,528.461,126.515,89.672,785.692,1740893,200.0,warm,0,1,,,synthetic,TLS_PROBLEM
,shop.example,https://shop.example/,10,25.441,42.215,64.441,155.143,57.206,344.446,260858,200.0,cold,0,1,,,synthetic,NORMAL
,api.example,https://api.example/,8,14.169,79.051,62.683,2017.376,10.809,2184.088,60070,200.0,cold,0,1,,,synthetic,HTTP_PROBLEM
,cdn-near.example,https://cdn-near.example/,17,0.0,10.323,37.959,41.718,13.708,103.708,91120,200.0,warm,0,1,,,synthetic,NORMAL
,legacy.example,https://legacy.example/,19,0.0,5751.224,0.0,0.0,0.0,5751.224,0,,warm,0,0,CONNECT,,synthetic,CONNECT_PROBLEM
,legacy.example,https://legacy.example/,8,40.962,77.104,195.918,168.708,14.314,497.006,132467,200.0,cold,0,1,,,synthetic,NORMAL
,shop.example,https://shop.example/,1,6.876,40.836,100.774,383.185,0.236,531.907,2464,503.0,cold,0,0,HTTP,,synthetic,HTTP_PROBLEM
,shop.example,https://shop.example/,9,12.866,74.554,77.171,248.504,218.548,631.643,1136523,200.0,cold,0,1,,,synthetic,NORMAL
,cdn-near.example,https://cdn-near.example/,7,0.0,4.476,24.423,713.16,0.246,742.305,1355,503.0,warm,0,0,HTTP,,synthetic,HTTP_PROBLEM
,shop.example,https://shop.example/,0,0.0,26.762,78.294,138.401,37.868,281.325,300104,200.0,warm,0,1,,,synthetic,NORMAL
,legacy.example,https://legacy.example/,23,0.0,76.094,157.138,453.356,64.393,750.981,305219,200.0,warm,0,1,,,synthetic,NORMAL
,cdn-far.example,https://cdn-far.example/,20,37.911,140.312,387.274,85.283,37.135,687.915,135054,200.0,cold,0,1,,,synthetic,NORMAL
,cdn-far.example,https://cdn-far.example/,3,0.0,68.723,228.575,64.254,19.44,380.992,173182,200.0,warm,0,1,,,synthetic,NORMAL
,shop.example,https://shop.example/,15,0.0,54.312,1308.145,133.278,34.327,1530.062,455487,200.0,warm,0,1,,,synthetic,TLS_PROBLEM
,shop.example,https://shop.example/,5,0.0,33.575,62.567,236.103,394.547,726.792,2286248,200.0,warm,0,1,,,synthetic,NORMAL
,media.example,https://media.example/,15,0.0,59.22,3927.775,0.0,0.0,3986.995,0,,warm,0,0,TLS,,synthetic,TLS_PROBLEM
,shop.example,https://shop.example/,12,26.31,16.248,938.643,181.357,69.861,1232.419,480897,200.0,cold,0,1,,,synthetic,TLS_PROBLEM
,cdn-far.example,https://cdn-far.example/,14,0.0,160.762,216.414,61.698,9.262,448.137,111280,200.0,warm,0,1,,,synthetic,NORMAL
,cdn-far.example,https://cdn-far.example/,18,0.0,47.872,1755.292,68.313,66.588,1938.064,472876,200.0,warm,0,1,,,synthetic,TLS_PROBLEM
,legacy.example,https://legacy.example/,1,0.0,41.45,115.433,161.368,27.489,345.74,328672,200.0,warm,0,1,,,synthetic,NORMAL
,media.example,https://media.example/,5,18.129,19.9,547.722,49.555,334.846,970.151,3406596,200.0,cold,0,1,,,synthetic,TLS_PROBLEM
,legacy.example,https://legacy.example/,18,37.884,4238.53,0.0,0.0,0.0,4276.415,0,,cold,0,0,CONNECT,,synthetic,CONNECT_PROBLEM
,cdn-near.example,https://cdn-near.example/,9,13.037,133.9,33.465,62.353,36.893,279.648,153851,200.0,cold,0,1,,,synthetic,CONNECT_PROBLEM
,cdn-near.example,https://cdn-near.example/,3,14.837,4.173,37.273,22.993,3.36,82.636,66166,200.0,cold,0,1,,,synthetic,NORMAL
,cdn-near.example,https://cdn-near.example/,2,12.159,7.887,218.706,42.487,5.778,287.017,44814,200.0,cold,0,1,,,synthetic,TLS_PROBLEM
,cdn-near.example,https://cdn-near.example/,1,0.0,0.0,0.0,46.359,3.661,50.02,47828,200.0,warm,1,1,,,synthetic,NORMAL
,cdn-far.example,https://cdn-far.example/,15,19.064,68.95,146.851,51.762,20.116,306.744,248378,200.0,cold,0,1,,,synthetic,NORMAL
,media.example,https://media.example/,6,15.235,4993.858,0.0,0.0,0.0,5009.093,0,,cold,0,0,CONNECT,,synthetic,CONNECT_PROBLEM
,api.example,https://api.example/,19,22.195,31.711,49.056,146.147,1.461,250.57,14612,200.0,cold,0,1,,,synthetic,NORMAL
,legacy.example,https://legacy.example/,2,0.0,93.32,202.484,186.475,29.074,511.353,357192,200.0,warm,0,1,,,synthetic,NORMAL
,cdn-near.example,https://cdn-near.example/,3,0.0,47.115,27.605,42.667,14.742,132.129,69532,200.0,warm,0,1,,,synthetic,CONNECT_PROBLEM
,cdn-near.example,https://cdn-near.example/,7,0.0,8.248,44.118,23.099,3.491,78.956,34350,200.0,warm,0,1,,,synthetic,NORMAL
,shop.example,https://shop.example/,8,21.323,51.057,64.965,3089.304,140.188,3366.837,980840,200.0,cold,0,1,,,synthetic,HTTP_PROBLEM
,cdn-far.example,https://cdn-far.example/,22,25.507,131.849,4435.104,175.892,31.23,4799.582,149805,200.0,cold,0,1,,,synthetic,TLS_PROBLEM
,shop.example,https://shop.example/,19,0.0,0.0,0.0,779.673,28.803,808.475,192227,200.0,warm,1,1,,,synthetic,HTTP_PROBLEM
,shop.example,https://shop.example/,23,21.257,37.938,110.653,417.88,147.696,735.424,648222,200.0,cold,0,1,,,synthetic,NORMAL
,cdn-far.example,https://cdn-far.example/,5,0.0,82.573,156.745,718.864,0.142,958.323,1702,502.0,warm,0,0,HTTP,,synthetic,HTTP_PROBLEM
,cdn-far.example,https://cdn-far.example/,14,0.0,129.171,95.801,74.484,29.991,329.448,291900,200.0,warm,0,1,,,synthetic,NORMAL
,shop.example,https://shop.example/,0,10.422,29.486,2594.033,0.0,0.0,2633.942,0,,cold,0,0,TLS,,synthetic,TLS_PROBLEM
,api.example,https://api.example/,10,0.0,31.571,73.693,954.63,0.389,1060.283,2333,503.0,warm,0,0,HTTP,,synthetic,HTTP_PROBLEM
,media.example,https://media.example/,5,93.888,39.758,164.778,78.472,146.22,523.116,885511,200.0,cold,0,1,,,synthetic,DNS_PROBLEM
,media.example,https://media.example/,17,25.844,19.892,73.558,47.717,461.957,628.967,3519286,200.0,cold,0,1,,,synthetic,NORMAL
,api.example,https://api.example/,22,52.2,31.855,55.137,68.239,6.08,213.51,21173,200.0,cold,0,1,,,synthetic,DNS_PROBLEM
,media.example,https://media.example/,9,0.0,75.977,3125.807,0.0,0.0,3201.784,0,,warm,0,0,TLS,,synthetic,TLS_PROBLEM
,shop.example,https://shop.example/,16,0.0,36.235,78.482,172.033,87.959,374.709,792995,200.0,warm,0,1,,,synthetic,NORMAL
,shop.example,https://shop.example/,6,9.279,317.242,150.321,253.911,127.052,857.806,579901,200.0,cold,0,1,,,synthetic,CONNECT_PROBLEM
,cdn-far.example,https://cdn-far.example/,3,0.0,112.882,257.13,78.672,25.441,474.124,232280,200.0,warm,0,1,,,synthetic,NORMAL
,cdn-near.example,https://cdn-near.example/,21,10.244,10.374,59.077,577.104,0.371,657.17,2925,500.0,cold,0,0,HTTP,,synthetic,HTTP_PROBLEM
,api.example,https://api.example/,7,15.86,15.773,34.765,92.75,2.795,161.943,32488,200.0,cold,0,1,,,synthetic,NORMAL
,media.example,https://media.example/,23,0.0,87.017,67.017,136.396,168.754,459.185,1451302,200.0,warm,0,1,,,synthetic,NORMAL
,cdn-far.example,https://cdn-far.example/,4,0.0,90.985,327.18,55.668,15.389,489.222,166110,200.0,warm,0,1,,,synthetic,NORMAL
,shop.example,https://shop.example/,8,0.0,96.517,221.437,2495.678,57.299,2870.931,303708,200.0,warm,0,1,,,synthetic,HTTP_PROBLEM
,media.example,https://media.example/,5,202.268,32.79,67.591,156.149,218.504,677.302,2112631,200.0,cold,0,1,,,synthetic,DNS_PROBLEM
,shop.example,https://shop.example/,0,0.0,0.0,0.0,115.633,54.839,170.472,467203,200.0,warm,1,1,,,synthetic,NORMAL
,cdn-far.example,https://cdn-far.example/,4,0.0,108.876,233.288,46.456,12.314,400.934,155179,200.0,warm,0,1,,,synthetic,NORMAL
,shop.example,https://shop.example/,22,0.0,57.096,938.441,335.079,128.858,1459.474,801854,200.0,warm,0,1,,,synthetic,TLS_PROBLEM
,cdn-near.example,https://cdn-near.example/,22,9.347,11.733,31.465,42.108,30.877,125.53,185669,200.0,cold,0,1,,,synthetic,NORMAL
,shop.example,https://shop.example/,2,0.0,0.0,0.0,233.845,82.856,316.702,680098,200.0,warm,1,1,,,synthetic,NORMAL
,cdn-near.example,https://cdn-near.example/,21,12.187,9.524,50.163,70.419,8.978,151.273,101505,200.0,cold,0,1,,,synthetic,NORMAL
,api.example,https://api.example/,13,13.141,24.172,44.87,892.009,2.633,976.824,28993,200.0,cold,0,1,,,synthetic,HTTP_PROBLEM
,cdn-far.example,https://cdn-far.example/,6,0.0,652.932,138.834,91.515,15.221,898.503,119482,200.0,warm,0,1,,,synthetic,CONNECT_PROBLEM
,shop.example,https://shop.example/,22,146.339,43.538,114.29,243.557,147.789,695.513,1020578,200.0,cold,0,1,,,synthetic,DNS_PROBLEM
,api.example,https://api.example/,22,0.0,24.44,48.758,144.964,3.349,221.511,26270,200.0,warm,0,1,,,synthetic,NORMAL
,api.example,https://api.example/,1,7.816,130.24,33.338,106.536,4.82,282.75,24087,200.0,cold,0,1,,,synthetic,CONNECT_PROBLEM
,media.example,https://media.example/,1,0.0,35.294,88.15,61.984,130.796,316.224,1227289,200.0,warm,0,1,,,synthetic,NORMAL
,media.example,https://media.example/,18,379.47,53.313,132.171,69.854,224.973,859.782,2736555,200.0,cold,0,1,,,synthetic,DNS_PROBLEM
,cdn-near.example,https://cdn-near.example/,3,0.0,8.281,23.738,956.005,0.597,988.621,3945,503.0,warm,0,0,HTTP,,synthetic,HTTP_PROBLEM
,cdn-far.example,https://cdn-far.example/,18,0.0,883.671,155.236,75.349,37.578,1151.833,137038,200.0,warm,0,1,,,synthetic,CONNECT_PROBLEM
,api.example,https://api.example/,14,0.0,144.051,63.934,169.276,3.114,380.375,15245,200.0,warm,0,1,,,synthetic,CONNECT_PROBLEM
,api.example,https://api.example/,2,0.0,9.239,44.364,1147.999,0.192,1201.793,1920,500.0,warm,0,0,HTTP,,synthetic,HTTP_PROBLEM
,legacy.example,https://legacy.example/,11,0.0,0.0,0.0,405.156,82.034,487.19,327318,200.0,warm,1,1,,,synthetic,NORMAL
,cdn-far.example,https://cdn-far.example/,5,167.183,196.393,317.177,115.412,21.246,817.411,171891,200.0,cold,0,1,,,synthetic,DNS_PROBLEM
,cdn-far.example,https://cdn-far.example/,4,34.591,1687.288,193.635,71.979,31.117,2018.609,123014,200.0,cold,0,1,,,synthetic,CONNECT_PROBLEM
,legacy.example,https://legacy.example/,10,0.0,60.163,164.966,3503.923,59.465,3788.517,609044,200.0,warm,0,1,,,synthetic,HTTP_PROBLEM
,legacy.example,https://legacy.example/,6,0.0,100.23,216.429,345.613,9.325,671.596,93298,200.0,warm,0,1,,,synthetic,NORMAL
,legacy.example,https://legacy.example/,20,0.0,70.373,1145.928,638.68,51.328,1906.308,240261,200.0,warm,0,1,,,synthetic,TLS_PROBLEM
,shop.example,https://shop.example/,17,16.85,54.129,70.466,229.818,30.326,401.589,376779,200.0,cold,0,1,,,synthetic,NORMAL
,shop.example,https://shop.example/,13,11.888,18.309,100.731,3635.574,74.226,3840.728,974746,200.0,cold,0,1,,,synthetic,HTTP_PROBLEM
,shop.example,https://shop.example/,10,0.0,0.0,0.0,199.905,31.97,231.875,342388,200.0,warm,1,1,,,synthetic,NORMAL
,legacy.example,https://legacy.example/,2,17.033,0.0,0.0,4492.17,22.228,4531.43,216586,200.0,cold,1,1,,,synthetic,HTTP_PROBLEM
,media.example,https://media.example/,17,0.0,19.446,100.689,463.33,0.233,583.698,1569,503.0,warm,0,0,HTTP,,synthetic,HTTP_PROBLEM
,api.example,https://api.example/,20,180.228,40.347,86.874,106.532,4.228,418.208,16603,200.0,cold,0,1,,,synthetic,DNS_PROBLEM
,api.example,https://api.example/,13,22.121,223.054,36.032,64.745,9.656,355.609,34838,200.0,cold,0,1,,,synthetic,CONNECT_PROBLEM
,legacy.example,https://legacy.example/,7,0.0,60.741,260.125,2242.728,77.016,2640.61,513520,200.0,warm,0,1,,,synthetic,HTTP_PROBLEM
,cdn-near.example,https://cdn-near.example/,19,0.0,0.0,0.0,1249.042,0.843,1249.885,4472,503.0,warm,1,0,HTTP,,synthetic,HTTP_PROBLEM
,cdn-far.example,https://cdn-far.example/,0,21.71,105.723,141.302,55.832,11.111,335.678,149928,200.0,cold,0,1,,,synthetic,NORMAL
,legacy.example,https://legacy.example/,10,0.0,40.797,400.146,179.599,18.542,639.084,208607,200.0,warm,0,1,,,synthetic,TLS_PROBLEM
,legacy.example,https://legacy.example/,15,0.0,40.193,125.846,1861.254,0.174,2027.466,2186,503.0,warm,0,0,HTTP,,synthetic,HTTP_PROBLEM
,api.example,https://api.example/,3,0.0,31.813,53.973,124.112,1.526,211.425,18024,200.0,warm,0,1,,,synthetic,NORMAL
,shop.example,https://shop.example/,22,0.0,54.494,246.751,1464.816,0.408,1766.47,2698,500.0,warm,0,0,HTTP,,synthetic,HTTP_PROBLEM
,cdn-near.example,https://cdn-near.example/,17,21.808,9.205,43.828,50.127,7.93,132.897,68735,200.0,cold,0,1,,,synthetic,NORMAL
,shop.example,https://shop.example/,19,16.702,31.925,282.426,2585.19,106.828,3023.071,514162,200.0,cold,0,1,,,synthetic,HTTP_PROBLEM
,cdn-far.example,https://cdn-far.example/,10,36.048,722.574,128.115,95.693,31.871,1014.301,196562,200.0,cold,0,1,,,synthetic,CONNECT_PROBLEM
,legacy.example,https://legacy.example/,18,0.0,65.47,68.711,282.24,45.951,462.372,247320,200.0,warm,0,1,,,synthetic,NORMAL
,cdn-far.example,https://cdn-far.example/,18,0.0,0.0,0.0,691.966,17.144,709.111,171543,200.0,warm,1,1,,,synthetic,HTTP_PROBLEM
,api.example,https://api.example/,22,0.0,30.839,159.439,155.498,7.187,352.963,53479,200.0,warm,0,1,,,synthetic,NORMAL
,api.example,https://api.example/,15,0.0,34.629,41.641,142.78,2.572,221.622,24510,200.0,warm,0,1,,,synthetic,NORMAL
,cdn-far.example,https://cdn-far.example/,20,31.104,131.561,8455.592,152.959,66.727,8837.943,204763,200.0,cold,0,1,,,synthetic,TLS_PROBLEM
,cdn-far.example,https://cdn-far.example/,9,0.0,101.181,973.765,116.152,14.692,1205.79,91525,200.0,warm,0,1,,,synthetic,TLS_PROBLEM
,legacy.example,https://legacy.example/,13,20.884,35.039,99.721,328.228,10.211,494.083,208905,200.0,cold,0,1,,,synthetic,NORMAL
,cdn-near.example,https://cdn-near.example/,8,160.44,17.607,70.984,46.344,13.061,308.436,90225,200.0,cold,0,1,,,synthetic,DNS_PROBLEM
,cdn-far.example,https://cdn-far.example/,23,0.0,149.105,485.231,1689.978,24.591,2348.905,88292,200.0,warm,0,1,,,synthetic,HTTP_PROBLEM
,cdn-far.example,https://cdn-far.example/,5,12.867,135.874,139.934,63.358,9.763,361.795,106954,200.0,cold,0,1,,,synthetic,NORMAL
,shop.example,https://shop.example/,13,15.939,20.55,70.978,211.939,49.692,369.098,436056,200.0,cold,0,1,,,synthetic,NORMAL
,media.example,https://media.example/,0,23.702,36.773,106.043,122.979,390.192,679.689,2376985,200.0,cold,0,1,,,synthetic,NORMAL
,cdn-far.example,https://cdn-far.example/,20,14.864,193.148,880.805,124.555,101.589,1314.961,272811,200.0,cold,0,1,,,synthetic,TLS_PROBLEM
,api.example,https://api.example/,21,15.784,251.877,59.031,186.108,3.131,515.932,14681,200.0,cold,0,1,,,synthetic,CONNECT_PROBLEM
,cdn-near.example,https://cdn-near.example/,20,0.0,9.487,27.966,960.22,0.146,997.819,1478,502.0,warm,0,0,HTTP,,synthetic,HTTP_PROBLEM
,cdn-near.example,https://cdn-near.example/,2,0.0,105.536,28.488,53.491,86.882,274.397,231401,200.0,warm,0,1,,,synthetic,CONNECT_PROBLEM
,api.example,https://api.example/,1,0.0,47.064,531.655,70.157,4.905,653.781,35388,200.0,warm,0,1,,,synthetic,TLS_PROBLEM
,api.example,https://api.example/,13,0.0,0.0,0.0,541.644,4.59,546.233,31135,200.0,warm,1,1,,,synthetic,HTTP_PROBLEM
,legacy.example,https://legacy.example/,18,54.275,375.149,61.792,214.01,67.93,773.156,479173,200.0,cold,0,1,,,synthetic,CONNECT_PROBLEM
,api.example,https://api.example/,20,14.164,182.814,246.245,205.466,4.664,653.355,20301,200.0,cold,0,1,,,synthetic,CONNECT_PROBLEM
,shop.example,https://shop.example/,8,0.0,64.439,130.443,336.945,234.884,766.711,1115815,200.0,warm,0,1,,,synthetic,NORMAL
,api.example,https://api.example/,6,0.0,22.174,45.799,105.807,1.983,175.764,18556,200.0,warm,0,1,,,synthetic,NORMAL
,media.example,https://media.example/,20,36.594,41.756,209.978,89.661,294.743,672.732,1342237,200.0,cold,0,1,,,synthetic,NORMAL
,cdn-near.example,https://cdn-near.example/,3,0.0,0.0,0.0,53.706,10.278,63.984,134284,200.0,warm,1,1,,,synthetic,NORMAL
,shop.example,https://shop.example/,7,17.282,0.0,0.0,422.279,262.95,702.511,1393805,200.0,cold,1,1,,,synthetic,NORMAL
,cdn-far.example,https://cdn-far.example/,13,170.006,77.595,211.09,64.36,23.458,546.509,260741,200.0,cold,0,1,,,synthetic,DNS_PROBLEM
,media.example,https://media.example/,9,141.709,87.085,136.769,181.54,506.823,1053.927,3653690,200.0,cold,0,1,,,synthetic,DNS_PROBLEM
,media.example,https://media.example/,20,0.0,551.424,446.716,79.76,231.327,1309.228,982958,200.0,warm,0,1,,,synthetic,CONNECT_PROBLEM
,cdn-near.example,https://cdn-near.example/,18,0.0,0.0,0.0,18.169,5.369,23.538,47580,200.0,warm,1,1,,,synthetic,NORMAL
,shop.example,https://shop.example/,23,0.0,86.855,1044.106,388.747,119.042,1638.749,687665,200.0,warm,0,1,,,synthetic,TLS_PROBLEM
,cdn-far.example,https://cdn-far.example/,4,0.0,0.0,0.0,393.475,17.328,410.803,102949,200.0,warm,1,1,,,synthetic,HTTP_PROBLEM
,shop.example,https://shop.example/,22,0.0,51.996,132.07,381.959,182.305,748.33,942786,200.0,warm,0,1,,,synthetic,NORMAL
,api.example,https://api.example/,9,6.861,38.743,185.693,674.247,0.552,906.096,2190,503.0,cold,0,0,HTTP,,synthetic,HTTP_PROBLEM
,cdn-far.example,https://cdn-far.example/,14,128.467,52.732,163.683,48.007,15.026,407.916,221449,200.0,cold,0,1,,,synthetic,DNS_PROBLEM
,cdn-far.example,https://cdn-far.example/,17,38.927,123.758,238.94,86.328,13.928,501.88,160603,200.0,cold,0,1,,,synthetic,NORMAL
,api.example,https://api.example/,6,13.531,0.0,0.0,44.877,1.482,59.89,8833,200.0,cold,1,1,,,synthetic,NORMAL
,cdn-far.example,https://cdn-far.example/,7,206.392,107.869,161.709,72.161,4.674,552.803,64417,200.0,cold,0,1,,,synthetic,DNS_PROBLEM
,cdn-far.example,https://cdn-far.example/,4,0.0,105.17,652.951,66.363,5.697,830.18,105668,200.0,warm,0,1,,,synthetic,TLS_PROBLEM
,legacy.example,https://legacy.example/,15,822.396,109.521,152.878,544.188,29.529,1658.512,423207,200.0,cold,0,1,,,synthetic,DNS_PROBLEM
,media.example,https://media.example/,9,30.966,71.364,260.486,58.017,250.846,671.679,1614173,200.0,cold,0,1,,,synthetic,NORMAL
,cdn-near.example,https://cdn-near.example/,14,0.0,0.0,0.0,48.129,9.462,57.591,74660,200.0,warm,1,1,,,synthetic,NORMAL
,api.example,https://api.example/,7,0.0,8.829,32.344,954.187,3.855,999.216,31298,200.0,warm,0,1,,,synthetic,HTTP_PROBLEM
,cdn-near.example,https://cdn-near.example/,4,0.0,8.819,249.163,33.407,9.837,301.226,110177,200.0,warm,0,1,,,synthetic,TLS_PROBLEM
,legacy.example,https://legacy.example/,6,401.228,43.458,124.624,241.608,31.252,842.17,391564,200.0,cold,0,1,,,synthetic,DNS_PROBLEM
,legacy.example,https://legacy.example/,4,0.0,43.69,97.179,2672.308,16.988,2830.165,262330,200.0,warm,0,1,,,synthetic,HTTP_PROBLEM
,api.example,https://api.example/,1,0.0,39.266,38.833,121.794,4.686,204.579,28402,200.0,warm,0,1,,,synthetic,NORMAL
,cdn-near.example,https://cdn-near.example/,17,230.121,14.504,33.079,38.35,16.481,332.535,103363,200.0,cold,0,1,,,synthetic,DNS_PROBLEM
,cdn-near.example,https://cdn-near.example/,23,16.66,115.072,93.611,48.223,65.695,339.261,179067,200.0,cold,0,1,,,synthetic,CONNECT_PROBLEM
,shop.example,https://shop.example/,0,0.0,0.0,0.0,315.18,104.707,419.887,568752,200.0,warm,1,1,,,synthetic,NORMAL
,legacy.example,https://legacy.example/,4,0.0,69.215,183.036,2770.08,41.244,3063.575,284542,200.0,warm,0,1,,,synthetic,HTTP_PROBLEM
,legacy.example,https://legacy.example/,9,0.0,0.0,0.0,7345.573,89.378,7434.952,377641,200.0,warm,1,1,,,synthetic,HTTP_PROBLEM
,media.example,https://media.example/,10,0.0,0.0,0.0,125.76,292.733,418.493,3140386,200.0,warm,1,1,,,synthetic,NORMAL
,media.example,https://media.example/,14,21.869,37.84,115.609,103.589,107.155,386.061,1741148,200.0,cold,0,1,,,synthetic,NORMAL
,cdn-far.example,https://cdn-far.example/,3,20.206,6693.205,0.0,0.0,0.0,6713.412,0,,cold,0,0,CONNECT,,synthetic,CONNECT_PROBLEM
,cdn-far.example,https://cdn-far.example/,6,481.825,77.826,152.759,114.75,18.495,845.656,202282,200.0,cold,0,1,,,synthetic,DNS_PROBLEM
,api.example,https://api.example/,13,0.0,12.223,178.721,119.519,6.104,316.567,36148,200.0,warm,0,1,,,synthetic,TLS_PROBLEM
,cdn-near.example,https://cdn-near.example/,11,0.0,4.142,204.561,51.008,4.343,264.053,48068,200.0,warm,0,1,,,synthetic,TLS_PROBLEM
,api.example,https://api.example/,19,0.0,33.9,124.326,203.104,10.426,371.756,42650,200.0,warm,0,1,,,synthetic,NORMAL
,media.example,https://media.example/,15,0.0,0.0,0.0,93.146,71.258,164.404,954126,200.0,warm,1,1,,,synthetic,NORMAL
,api.example,https://api.example/,11,7.866,26.189,53.542,82.608,2.68,172.886,24809,200.0,cold,0,1,,,synthetic,NORMAL
,media.example,https://media.example/,1,16.879,0.0,0.0,567.793,0.127,584.799,1585,503.0,cold,1,0,HTTP,,synthetic,HTTP_PROBLEM
,cdn-near.example,https://cdn-near.example/,18,0.0,5.225,466.315,50.309,18.863,540.712,163729,200.0,warm,0,1,,,synthetic,TLS_PROBLEM
,cdn-far.example,https://cdn-far.example/,11,0.0,89.778,226.372,50.795,12.033,378.977,169121,200.0,warm,0,1,,,synthetic,NORMAL
,cdn-far.example,https://cdn-far.example/,17,0.0,4784.407,0.0,0.0,0.0,4784.407,0,,warm,0,0,CONNECT,,synthetic,CONNECT_PROBLEM
,legacy.example,https://legacy.example/,0,0.0,53.708,75.98,345.54,11.632,486.861,212138,200.0,warm,0,1,,,synthetic,NORMAL
,cdn-far.example,https://cdn-far.example/,20,0.0,5927.336,0.0,0.0,0.0,5927.336,0,,warm,0,0,CONNECT,,synthetic,CONNECT_PROBLEM
,api.example,https://api.example/,17,21.108,60.581,67.707,1555.277,5.494,1710.167,36401,200.0,cold,0,1,,,synthetic,HTTP_PROBLEM
,shop.example,https://shop.example/,12,0.0,32.053,65.157,3173.327,133.497,3404.034,784064,200.0,warm,0,1,,,synthetic,HTTP_PROBLEM
,shop.example,https://shop.example/,20,0.0,50.48,141.639,2061.132,182.547,2435.798,523326,200.0,warm,0,1,,,synthetic,HTTP_PROBLEM
,cdn-near.example,https://cdn-near.example/,12,125.337,9.999,53.528,56.598,4.922,250.384,44229,200.0,cold,0,1,,,synthetic,DNS_PROBLEM
,api.example,https://api.example/,16,3182.271,0.0,0.0,0.0,0.0,3182.271,0,,cold,0,0,DNS,,synthetic,DNS_PROBLEM
,cdn-near.example,https://cdn-near.example/,7,0.0,6.13,29.165,381.527,11.808,428.631,81121,200.0,warm,0,1,,,synthetic,HTTP_PROBLEM
,cdn-far.example,https://cdn-far.example/,15,22.681,92.152,205.868,891.607,0.175,1212.484,1762,500.0,cold,0,0,HTTP,,synthetic,HTTP_PROBLEM
,cdn-near.example,https://cdn-near.example/,14,0.0,5.058,34.687,50.658,6.276,96.679,58649,200.0,warm,0,1,,,synthetic,NORMAL
,legacy.example,https://legacy.example/,19,57.802,50.055,123.702,581.713,94.006,907.279,708435,200.0,cold,0,1,,,synthetic,NORMAL
,api.example,https://api.example/,11,92.393,13.359,28.278,73.596,1.678,209.303,27116,200.0,cold,0,1,,,synthetic,DNS_PROBLEM
,api.example,https://api.example/,15,17.139,29.11,1177.714,151.841,0.99,1376.793,11473,200.0,cold,0,1,,,synthetic,TLS_PROBLEM
,media.example,https://media.example/,14,4595.927,0.0,0.0,0.0,0.0,4595.927,0,,cold,0,0,DNS,,synthetic,DNS_PROBLEM
,media.example,https://media.example/,11,0.0,80.566,122.67,121.118,110.772,435.125,1207379,200.0,warm,0,1,,,synthetic,NORMAL
,cdn-far.example,https://cdn-far.example/,7,0.0,57.548,121.341,79.799,27.844,286.532,402343,200.0,warm,0,1,,,synthetic,NORMAL
,cdn-far.example,https://cdn-far.example/,20,36.683,230.575,259.531,173.522,11.434,711.744,49235,200.0,cold,0,1,,,synthetic,NORMAL
,api.example,https://api.example/,17,23.726,0.0,0.0,1504.011,3.841,1531.578,43959,200.0,cold,1,1,,,synthetic,HTTP_PROBLEM
,media.example,https://media.example/,3,0.0,59.903,83.188,91.379,295.652,530.122,3161861,200.0,warm,0,1,,,synthetic,NORMAL
,api.example,https://api.example/,19,15.872,52.825,317.879,164.844,7.389,558.81,33633,200.0,cold,0,1,,,synthetic,TLS_PROBLEM
,cdn-far.example,https://cdn-far.example/,1,22.473,134.797,243.62,794.321,0.255,1195.465,1553,500.0,cold,0,0,HTTP,,synthetic,HTTP_PROBLEM
,cdn-far.example,https://cdn-far.example/,6,0.0,175.834,205.798,1211.188,17.258,1610.078,170942,200.0,warm,0,1,,,synthetic,HTTP_PROBLEM
,cdn-far.example,https://cdn-far.example/,5,319.65,127.846,218.138,65.149,29.602,760.385,319929,200.0,cold,0,1,,,synthetic,DNS_PROBLEM
,cdn-far.example,https://cdn-far.example/,7,158.249,132.076,302.631,63.14,25.929,682.026,205248,200.0,cold,0,1,,,synthetic,DNS_PROBLEM
,cdn-near.example,https://cdn-near.example/,10,0.0,11.735,46.425,58.144,13.171,129.475,88882,200.0,warm,0,1,,,synthetic,NORMAL
,media.example,https://media.example/,5,25.065,98.188,114.727,83.228,134.862,456.07,2151153,200.0,cold,0,1,,,synthetic,NORMAL
,cdn-far.example,https://cdn-far.example/,20,0.0,244.759,619.052,716.186,0.099,1580.096,1202,502.0,warm,0,0,HTTP,,synthetic,HTTP_PROBLEM
,cdn-near.example,https://cdn-near.example/,4,41.503,12.627,20.729,89.548,17.846,182.254,136562,200.0,cold,0,1,,,synthetic,DNS_PROBLEM
,shop.example,https://shop.example/,0,20.333,22.849,68.31,120.779,19.41,251.681,342349,200.0,cold,0,1,,,synthetic,NORMAL
,cdn-far.example,https://cdn-far.example/,18,31.176,176.313,3014.071,80.158,22.114,3323.832,134522,200.0,cold,0,1,,,synthetic,TLS_PROBLEM
,legacy.example,https://legacy.example/,19,38.755,467.385,198.414,308.66,219.97,1233.184,625809,200.0,cold,0,1,,,synthetic,CONNECT_PROBLEM
,media.example,https://media.example/,19,0.0,0.0,0.0,905.375,0.463,905.838,1800,503.0,warm,1,0,HTTP,,synthetic,HTTP_PROBLEM
,cdn-far.example,https://cdn-far.example/,20,0.0,77.844,323.364,124.851,25.674,551.733,186551,200.0,warm,0,1,,,synthetic,NORMAL
,cdn-near.example,https://cdn-near.example/,3,0.0,0.0,0.0,27.695,9.849,37.544,95905,200.0,warm,1,1,,,synthetic,NORMAL
,media.example,https://media.example/,5,13.083,250.674,269.845,131.526,562.921,1228.049,2639731,200.0,cold,0,1,,,synthetic,CONNECT_PROBLEM
,api.example,https://api.example/,6,0.0,17.326,35.496,837.956,0.2,890.979,2449,503.0,warm,0,0,HTTP,,synthetic,HTTP_PROBLEM
,cdn-near.example,https://cdn-near.example/,15,12.343,5.788,21.816,56.024,10.364,106.336,115122,200.0,cold,0,1,,,synthetic,NORMAL
,shop.example,https://shop.example/,15,304.866,57.347,92.845,264.213,62.294,781.564,613137,200.0,cold,0,1,,,synthetic,DNS_PROBLEM
,api.example,https://api.example/,18,0.0,143.533,47.19,55.204,4.924,250.851,17527,200.0,warm,0,1,,,synthetic,CONNECT_PROBLEM
,api.example,https://api.example/,11,0.0,18.852,60.767,145.634,3.384,228.637,22848,200.0,warm,0,1,,,synthetic,NORMAL
,cdn-near.example,https://cdn-near.example/,14,10.272,10.167,33.582,53.904,6.64,114.565,89210,200.0,cold,0,1,,,synthetic,NORMAL
,cdn-far.example,https://cdn-far.example/,5,0.0,64.317,257.351,91.829,38.508,452.005,247298,200.0,warm,0,1,,,synthetic,NORMAL
,api.example,https://api.example/,7,0.0,11.361,42.917,165.629,10.822,230.728,63753,200.0,warm,0,1,,,synthetic,NORMAL
,api.example,https://api.example/,9,25.793,0.0,0.0,130.142,9.697,165.632,36733,200.0,cold,1,1,,,synthetic,NORMAL
,cdn-far.example,https://cdn-far.example/,23,24.567,147.239,273.367,798.493,23.335,1267.003,166653,200.0,cold,0,1,,,synthetic,HTTP_PROBLEM
,cdn-near.example,https://cdn-near.example/,9,0.0,10.13,417.962,102.43,10.761,541.282,63912,200.0,warm,0,1,,,synthetic,TLS_PROBLEM
,cdn-near.example,https://cdn-near.example/,12,10.695,8.693,49.678,57.98,18.735,145.78,103665,200.0,cold,0,1,,,synthetic,NORMAL
,media.example,https://media.example/,20,210.032,125.599,228.085,163.133,634.236,1361.085,1693352,200.0,cold,0,1,,,synthetic,DNS_PROBLEM
,cdn-near.example,https://cdn-near.example/,6,9.035,6.464,15.707,18.406,5.37,54.982,77427,200.0,cold,0,1,,,synthetic,NORMAL
,cdn-far.example,https://cdn-far.example/,5,16.342,99.183,110.15,101.15,7.444,334.27,60793,200.0,cold,0,1,,,synthetic,NORMAL
,cdn-near.example,https://cdn-near.example/,22,0.0,11.682,54.612,61.578,9.782,137.654,48626,200.0,warm,0,1,,,synthetic,NORMAL
,cdn-far.example,https://cdn-far.example/,10,201.884,112.696,334.639,56.914,22.745,728.878,147441,200.0,cold,0,1,,,synthetic,DNS_PROBLEM
,cdn-near.example,https://cdn-near.example/,13,0.0,0.0,0.0,19.941,2.286,22.227,46500,200.0,warm,1,1,,,synthetic,NORMAL
,media.example,https://media.example/,23,0.0,68.158,97.868,309.291,202.608,677.926,830328,200.0,warm,0,1,,,synthetic,NORMAL
,api.example,https://api.example/,17,5333.75,0.0,0.0,0.0,0.0,5333.75,0,,cold,0,0,DNS,,synthetic,DNS_PROBLEM
,api.example,https://api.example/,1,0.0,21.628,27.424,47.163,2.144,98.358,17545,200.0,warm,0,1,,,synthetic,NORMAL
,shop.example,https://shop.example/,21,27.393,6242.033,0.0,0.0,0.0,6269.425,0,,cold,0,0,CONNECT,,synthetic,CONNECT_PROBLEM
,api.example,https://api.example/,7,0.0,24.508,67.76,92.028,11.659,195.955,84311,200.0,warm,0,1,,,synthetic,NORMAL
,api.example,https://api.example/,5,12.036,156.361,87.386,152.572,8.175,416.531,33151,200.0,cold,0,1,,,synthetic,CONNECT_PROBLEM
,legacy.example,https://legacy.example/,16,43.423,97.356,459.915,317.573,37.631,955.897,359191,200.0,cold,0,1,,,synthetic,TLS_PROBLEM
,cdn-near.example,https://cdn-near.example/,0,9.652,5.155,34.534,65.331,5.571,120.243,58527,200.0,cold,0,1,,,synthetic,NORMAL
,media.example,https://media.example/,22,28.497,0.0,0.0,107.705,308.856,445.058,1332026,200.0,cold,1,1,,,synthetic,NORMAL
,cdn-near.example,https://cdn-near.example/,5,10.775,6883.658,0.0,0.0,0.0,6894.434,0,,cold,0,0,CONNECT,,synthetic,CONNECT_PROBLEM
,cdn-near.example,https://cdn-near.example/,17,0.0,7.373,188.474,49.691,18.564,264.103,110435,200.0,warm,0,1,,,synthetic,TLS_PROBLEM
,api.example,https://api.example/,11,9.772,15.154,60.159,104.191,1.64,190.916,17819,200.0,cold,0,1,,,synthetic,NORMAL
,api.example,https://api.example/,17,0.0,18.909,54.228,57.14,1.79,132.066,15820,200.0,warm,0,1,,,synthetic,NORMAL
,api.example,https://api.example/,9,0.0,27.041,88.532,110.02,4.624,230.216,34077,200.0,warm,0,1,,,synthetic,NORMAL
,media.example,https://media.example/,5,125.305,45.726,142.09,59.387,129.018,501.526,1346218,200.0,cold,0,1,,,synthetic,DNS_PROBLEM
,cdn-near.example,https://cdn-near.example/,15,262.491,3.508,15.59,12.105,5.942,299.636,72462,200.0,cold,0,1,,,synthetic,DNS_PROBLEM
,media.example,https://media.example/,15,10.969,167.593,127.916,166.019,431.833,904.33,1900863,200.0,cold,0,1,,,synthetic,CONNECT_PROBLEM
,media.example,https://media.example/,13,0.0,55.35,92.648,177.126,153.998,479.122,1545988,200.0,warm,0,1,,,synthetic,NORMAL
,media.example,https://media.example/,2,24.318,45.216,160.007,75.851,132.373,437.765,1359510,200.0,cold,0,1,,,synthetic,NORMAL
,cdn-far.example,https://cdn-far.example/,2,0.0,58.953,204.529,80.057,9.681,353.22,137172,200.0,warm,0,1,,,synthetic,NORMAL
,shop.example,https://shop.example/,3,20.344,32.848,56.582,163.274,104.486,377.533,1063139,200.0,cold,0,1,,,synthetic,NORMAL
,legacy.example,https://legacy.example/,1,92.214,55.483,234.45,177.491,20.294,579.932,322034,200.0,cold,0,1,,,synthetic,DNS_PROBLEM
,media.example,https://media.example/,4,0.0,0.0,0.0,97.139,304.716,401.855,3598802,200.0,warm,1,1,,,synthetic,NORMAL
,media.example,https://media.example/,0,18.482,39.386,55.485,524.771,129.084,767.208,1758467,200.0,cold,0,1,,,synthetic,HTTP_PROBLEM
,cdn-near.example,https://cdn-near.example/,18,13.5,0.0,0.0,18.866,4.113,36.48,62220,200.0,cold,1,1,,,synthetic,NORMAL
,media.example,https://media.example/,0,23.002,0.0,0.0,263.996,56.995,343.993,1281096,200.0,cold,1,1,,,synthetic,HTTP_PROBLEM
,cdn-far.example,https://cdn-far.example/,1,14.085,38.822,191.295,44.023,4.084,292.308,53025,200.0,cold,0,1,,,synthetic,NORMAL
,cdn-far.example,https://cdn-far.example/,23,275.283,167.673,412.959,154.793,42.506,1053.214,189103,200.0,cold,0,1,,,synthetic,DNS_PROBLEM
,shop.example,https://shop.example/,22,21.764,185.749,926.948,278.669,106.807,1519.937,656514,200.0,cold,0,1,,,synthetic,TLS_PROBLEM
,cdn-far.example,https://cdn-far.example/,22,38.442,0.0,0.0,164.984,30.761,234.187,158782,200.0,cold,1,1,,,synthetic,NORMAL
,legacy.example,https://legacy.example/,12,152.604,46.65,116.443,388.156,34.599,738.453,303087,200.0,cold,0,1,,,synthetic,DNS_PROBLEM
,legacy.example,https://legacy.example/,15,56.388,30.212,184.64,5749.87,23.483,6044.593,255384,200.0,cold,0,1,,,synthetic,HTTP_PROBLEM
,api.example,https://api.example/,2,16.911,0.0,0.0,166.562,4.337,187.81,23348,200.0,cold,1,1,,,synthetic,NORMAL
,media.example,https://media.example/,14,26.151,0.0,0.0,980.982,236.924,1244.057,1525558,200.0,cold,1,1,,,synthetic,HTTP_PROBLEM
,api.example,https://api.example/,21,5075.339,0.0,0.0,0.0,0.0,5075.339,0,,cold,0,0,DNS,,synthetic,DNS_PROBLEM
,shop.example,https://shop.example/,3,15.413,49.006,62.977,162.698,55.401,345.495,535215,200.0,cold,0,1,,,synthetic,NORMAL
,legacy.example,https://legacy.example/,3,0.0,88.597,199.733,508.214,48.643,845.188,302826,200.0,warm,0,1,,,synthetic,NORMAL
,cdn-far.example,https://cdn-far.example/,7,246.83,51.051,193.678,45.8,8.265,545.625,114906,200.0,cold,0,1,,,synthetic,DNS_PROBLEM
,legacy.example,https://legacy.example/,13,29.655,0.0,0.0,272.282,21.07,323.007,242751,200.0,cold,1,1,,,synthetic,NORMAL
,legacy.example,https://legacy.example/,21,0.0,52.96,164.357,251.341,10.259,478.917,99475,200.0,warm,0,1,,,synthetic,NORMAL
,media.example,https://media.example/,15,5350.75,0.0,0.0,0.0,0.0,5350.75,0,,cold,0,0,DNS,,synthetic,DNS_PROBLEM
,api.example,https://api.example/,3,14.088,0.0,0.0,761.498,5.748,781.334,36990,200.0,cold,1,1,,,synthetic,HTTP_PROBLEM
,media.example,https://media.example/,5,171.113,33.14,242.802,104.484,365.384,916.922,2337101,200.0,cold,0,1,,,synthetic,DNS_PROBLEM
,media.example,https://media.example/,20,0.0,35.705,87.873,61.584,256.905,442.067,2088930,200.0,warm,0,1,,,synthetic,NORMAL
,legacy.example,https://legacy.example/,10,0.0,0.0,0.0,209.731,61.699,271.43,665836,200.0,warm,1,1,,,synthetic,NORMAL
,cdn-near.example,https://cdn-near.example/,7,0.0,11.982,26.862,53.087,6.554,98.484,63276,200.0,warm,0,1,,,synthetic,NORMAL
,media.example,https://media.example/,5,0.0,84.256,171.453,711.241,238.441,1205.392,1301690,200.0,warm,0,1,,,synthetic,HTTP_PROBLEM
,api.example,https://api.example/,7,0.0,23.263,60.682,179.054,4.658,267.656,39115,200.0,warm,0,1,,,synthetic,NORMAL
,shop.example,https://shop.example/,23,0.0,41.638,71.682,1575.836,0.187,1689.343,1626,502.0,warm,0,0,HTTP,,synthetic,HTTP_PROBLEM
,cdn-far.example,https://cdn-far.example/,20,0.0,92.993,227.142,304.418,18.77,643.323,159399,200.0,warm,0,1,,,synthetic,HTTP_PROBLEM
,legacy.example,https://legacy.example/,15,0.0,167.535,121.126,424.159,16.011,728.831,211112,200.0,warm,0,1,,,synthetic,NORMAL
,api.example,https://api.example/,20,19.558,31.442,428.474,128.427,4.413,612.314,31757,200.0,cold,0,1,,,synthetic,TLS_PROBLEM
,shop.example,https://shop.example/,20,0.0,0.0,0.0,2009.168,68.655,2077.823,368674,200.0,warm,1,1,,,synthetic,HTTP_PROBLEM
,shop.example,https://shop.example/,8,26.32,23.301,118.204,172.876,108.132,448.833,1185987,200.0,cold,0,1,,,synthetic,NORMAL
,media.example,https://media.example/,1,0.0,59.553,68.501,70.029,214.395,412.478,2970757,200.0,warm,0,1,,,synthetic,NORMAL
,legacy.example,https://legacy.example/,18,0.0,39.356,792.909,289.472,24.053,1145.79,318927,200.0,warm,0,1,,,synthetic,TLS_PROBLEM
,api.example,https://api.example/,16,0.0,33.015,28.673,83.465,3.867,149.02,30746,200.0,warm,0,1,,,synthetic,NORMAL
,api.example,https://api.example/,8,7.843,0.0,0.0,86.019,4.649,98.511,33951,200.0,cold,1,1,,,synthetic,NORMAL
,cdn-far.example,https://cdn-far.example/,16,35.414,70.955,152.531,75.131,22.047,356.078,349281,200.0,cold,0,1,,,synthetic,NORMAL
,cdn-near.example,https://cdn-near.example/,10,10.779,10.893,26.057,263.271,0.219,311.219,2160,502.0,cold,0,0,HTTP,,synthetic,HTTP_PROBLEM
,legacy.example,https://legacy.example/,1,24.986,72.5,170.499,743.632,0.284,1011.901,1842,503.0,cold,0,0,HTTP,,synthetic,HTTP_PROBLEM
,media.example,https://media.example/,9,0.0,85.52,3185.567,0.0,0.0,3271.086,0,,warm,0,0,TLS,,synthetic,TLS_PROBLEM
,legacy.example,https://legacy.example/,10,458.949,133.258,200.631,372.431,31.456,1196.725,299005,200.0,cold,0,1,,,synthetic,DNS_PROBLEM
,cdn-far.example,https://cdn-far.example/,18,139.726,61.285,137.688,101.888,4.195,444.783,35134,200.0,cold,0,1,,,synthetic,DNS_PROBLEM
,cdn-near.example,https://cdn-near.example/,8,0.0,10.391,277.458,55.294,15.868,359.011,54973,200.0,warm,0,1,,,synthetic,TLS_PROBLEM
,cdn-near.example,https://cdn-near.example/,22,0.0,11.122,41.129,1135.154,9.264,1196.669,67813,200.0,warm,0,1,,,synthetic,HTTP_PROBLEM
,cdn-far.example,https://cdn-far.example/,11,0.0,5044.211,0.0,0.0,0.0,5044.211,0,,warm,0,0,CONNECT,,synthetic,CONNECT_PROBLEM
,media.example,https://media.example/,22,0.0,0.0,0.0,135.225,91.95,227.175,1302354,200.0,warm,1,1,,,synthetic,NORMAL
,cdn-near.example,https://cdn-near.example/,22,4.897,13.414,73.877,93.012,15.136,200.336,105769,200.0,cold,0,1,,,synthetic,NORMAL
,media.example,https://media.example/,12,0.0,53.827,874.639,74.317,206.489,1209.273,1332346,200.0,warm,0,1,,,synthetic,TLS_PROBLEM
,cdn-far.example,https://cdn-far.example/,1,0.0,65.829,176.606,71.387,20.573,334.395,205091,200.0,warm,0,1,,,synthetic,NORMAL
,shop.example,https://shop.example/,5,0.0,6699.984,0.0,0.0,0.0,6699.984,0,,warm,0,0,CONNECT,,synthetic,CONNECT_PROBLEM
,cdn-far.example,https://cdn-far.example/,20,44.328,5939.293,0.0,0.0,0.0,5983.622,0,,cold,0,0,CONNECT,,synthetic,CONNECT_PROBLEM
,legacy.example,https://legacy.example/,10,0.0,70.282,125.893,316.77,15.373,528.319,265499,200.0,warm,0,1,,,synthetic,NORMAL
,shop.example,https://shop.example/,8,0.0,0.0,0.0,863.056,0.34,863.397,2000,503.0,warm,1,0,HTTP,,synthetic,HTTP_PROBLEM
,cdn-far.example,https://cdn-far.example/,6,13.557,0.0,0.0,99.204,15.854,128.615,162474,200.0,cold,1,1,,,synthetic,NORMAL
,api.example,https://api.example/,5,229.626,22.778,80.748,356.125,2.75,692.028,29759,200.0,cold,0,1,,,synthetic,DNS_PROBLEM
,cdn-near.example,https://cdn-near.example/,20,22.838,8.405,46.13,874.644,0.306,952.323,1844,502.0,cold,0,0,HTTP,,synthetic,HTTP_PROBLEM
,media.example,https://media.example/,17,0.0,6947.419,0.0,0.0,0.0,6947.419,0,,warm,0,0,CONNECT,,synthetic,CONNECT_PROBLEM
,shop.example,https://shop.example/,0,0.0,392.359,89.252,222.162,89.947,793.72,539248,200.0,warm,0,1,,,synthetic,CONNECT_PROBLEM
,shop.example,https://shop.example/,20,18.428,67.635,1539.724,458.198,282.978,2366.963,581118,200.0,cold,0,1,,,synthetic,TLS_PROBLEM
,cdn-far.example,https://cdn-far.example/,12,0.0,60.388,208.571,273.106,10.42,552.484,114325,200.0,warm,0,1,,,synthetic,HTTP_PROBLEM
,cdn-far.example,https://cdn-far.example/,6,19.335,0.0,0.0,24.357,4.594,48.287,86173,200.0,cold,1,1,,,synthetic,NORMAL
,legacy.example,https://legacy.example/,5,0.0,0.0,0.0,326.014,40.596,366.611,474180,200.0,warm,1,1,,,synthetic,NORMAL
,cdn-near.example,https://cdn-near.example/,13,24.481,0.0,0.0,21.268,5.414,51.163,81956,200.0,cold,1,1,,,synthetic,NORMAL
,cdn-near.example,https://cdn-near.example/,12,14.78,8.996,32.985,29.552,12.18,98.493,96233,200.0,cold,0,1,,,synthetic,NORMAL
,cdn-far.example,https://cdn-far.example/,4,0.0,778.115,198.538,71.645,19.047,1067.345,114801,200.0,warm,0,1,,,synthetic,CONNECT_PROBLEM
,media.example,https://media.example/,12,0.0,0.0,0.0,74.36,145.837,220.197,2063767,200.0,warm,1,1,,,synthetic,NORMAL
,api.example,https://api.example/,19,0.0,325.134,78.154,176.41,9.299,588.997,34810,200.0,warm,0,1,,,synthetic,CONNECT_PROBLEM
,shop.example,https://shop.example/,12,23.692,25.11,71.36,204.088,33.899,358.15,361348,200.0,cold,0,1,,,synthetic,NORMAL
,media.example,https://media.example/,18,0.0,36.336,95.248,92.445,108.343,332.371,1557006,200.0,warm,0,1,,,synthetic,NORMAL
,api.example,https://api.example/,13,16.795,26.643,349.345,95.244,0.827,488.853,16231,200.0,cold,0,1,,,synthetic,TLS_PROBLEM
,shop.example,https://shop.example/,1,20.493,0.0,0.0,183.234,66.532,270.259,466536,200.0,cold,1,1,,,synthetic,NORMAL
,api.example,https://api.example/,6,0.0,37.762,114.768,99.836,6.486,258.851,24627,200.0,warm,0,1,,,synthetic,NORMAL
,api.example,https://api.example/,14,0.0,217.103,63.235,171.551,8.12,460.009,29074,200.0,warm,0,1,,,synthetic,CONNECT_PROBLEM
,cdn-far.example,https://cdn-far.example/,17,0.0,126.493,74.037,56.396,10.278,267.205,105136,200.0,warm,0,1,,,synthetic,NORMAL
,media.example,https://media.example/,14,10.987,107.197,77.727,113.485,274.081,583.477,2240016,200.0,cold,0,1,,,synthetic,NORMAL
,legacy.example,https://legacy.example/,16,31.558,80.908,228.446,2327.878,56.311,2725.1,453883,200.0,cold,0,1,,,synthetic,HTTP_PROBLEM
,media.example,https://media.example/,2,11.22,0.0,0.0,81.881,107.196,200.297,1226126,200.0,cold,1,1,,,synthetic,NORMAL
,shop.example,https://shop.example/,22,0.0,48.807,90.505,186.739,78.889,404.94,412536,200.0,warm,0,1,,,synthetic,NORMAL
,cdn-far.example,https://cdn-far.example/,0,21.535,32.97,876.581,57.348,35.976,1024.411,216530,200.0,cold,0,1,,,synthetic,TLS_PROBLEM
,api.example,https://api.example/,2,0.0,15.125,30.565,63.494,3.533,112.716,25670,200.0,warm,0,1,,,synthetic,NORMAL
,cdn-near.example,https://cdn-near.example/,14,0.0,4.058,15.506,32.464,10.603,62.631,153435,200.0,warm,0,1,,,synthetic,NORMAL
,api.example,https://api.example/,17,0.0,0.0,0.0,105.166,2.724,107.89,21066,200.0,warm,1,1,,,synthetic,NORMAL
,cdn-far.example,https://cdn-far.example/,14,0.0,70.938,192.41,27.608,24.637,315.593,223813,200.0,warm,0,1,,,synthetic,NORMAL
,cdn-near.example,https://cdn-near.example/,17,18.514,7.441,32.895,42.312,17.221,118.382,140815,200.0,cold,0,1,,,synthetic,NORMAL
,cdn-near.example,https://cdn-near.example/,7,0.0,0.0,0.0,2027.47,0.271,2027.74,2244,502.0,warm,1,0,HTTP,,synthetic,HTTP_PROBLEM
,cdn-far.example,https://cdn-far.example/,9,0.0,0.0,0.0,124.214,79.955,204.17,455444,200.0,warm,1,1,,,synthetic,NORMAL
,media.example,https://media.example/,2,0.0,38.918,67.368,93.274,152.687,352.248,1524325,200.0,warm,0,1,,,synthetic,NORMAL
,cdn-far.example,https://cdn-far.example/,9,44.485,174.725,406.907,97.804,13.447,737.368,100630,200.0,cold,0,1,,,synthetic,NORMAL
,media.example,https://media.example/,6,33.594,41.204,131.433,67.908,213.56,487.699,1919754,200.0,cold,0,1,,,synthetic,NORMAL
,shop.example,https://shop.example/,18,20.803,41.23,69.515,248.033,125.061,504.642,486144,200.0,cold,0,1,,,synthetic,NORMAL
,cdn-far.example,https://cdn-far.example/,1,19.157,115.451,157.72,150.242,17.867,460.437,137509,200.0,cold,0,1,,,synthetic,NORMAL
,media.example,https://media.example/,13,0.0,40.743,56.373,844.561,66.181,1007.858,879322,200.0,warm,0,1,,,synthetic,HTTP_PROBLEM
,media.example,https://media.example/,7,0.0,41.298,72.36,2097.805,0.051,2211.513,1214,503.0,warm,0,0,HTTP,,synthetic,HTTP_PROBLEM
,api.example,https://api.example/,18,0.0,20.291,33.444,679.828,3.353,736.916,34842,200.0,warm,0,1,,,synthetic,HTTP_PROBLEM
,legacy.example,https://legacy.example/,3,55.524,67.447,98.22,284.397,30.359,535.948,275251,200.0,cold,0,1,,,synthetic,NORMAL
,shop.example,https://shop.example/,22,0.0,27.407,666.233,239.623,34.624,967.886,273031,200.0,warm,0,1,,,synthetic,TLS_PROBLEM
,api.example,https://api.example/,6,0.0,0.0,0.0,1638.159,3.131,1641.291,34583,200.0,warm,1,1,,,synthetic,HTTP_PROBLEM
,legacy.example,https://legacy.example/,3,45.485,590.917,219.417,220.303,20.839,1096.959,234325,200.0,cold,0,1,,,synthetic,CONNECT_PROBLEM
,api.example,https://api.example/,20,19.768,36.207,108.018,135.476,13.897,313.365,129440,200.0,cold,0,1,,,synthetic,NORMAL
,cdn-near.example,https://cdn-near.example/,1,0.0,11.464,34.853,24.767,15.814,86.898,117578,200.0,warm,0,1,,,synthetic,NORMAL
,api.example,https://api.example/,6,0.0,0.0,0.0,119.46,1.829,121.289,15646,200.0,warm,1,1,,,synthetic,NORMAL
,cdn-far.example,https://cdn-far.example/,19,0.0,151.328,178.377,93.014,21.015,443.734,103005,200.0,warm,0,1,,,synthetic,NORMAL
,media.example,https://media.example/,14,22.868,29.187,132.568,81.591,294.919,561.132,2228158,200.0,cold,0,1,,,synthetic,NORMAL
,shop.example,https://shop.example/,14,0.0,0.0,0.0,3312.12,222.854,3534.974,1792347,200.0,warm,1,1,,,synthetic,HTTP_PROBLEM
,cdn-far.example,https://cdn-far.example/,0,35.332,161.167,1629.797,147.141,20.422,1993.858,153341,200.0,cold,0,1,,,synthetic,TLS_PROBLEM
,cdn-near.example,https://cdn-near.example/,12,17.467,0.0,0.0,48.729,28.816,95.011,179192,200.0,cold,1,1,,,synthetic,NORMAL
,legacy.example,https://legacy.example/,11,0.0,68.51,270.445,736.03,21.466,1096.452,204456,200.0,warm,0,1,,,synthetic,NORMAL
,cdn-far.example,https://cdn-far.example/,14,36.772,0.0,0.0,51.791,18.998,107.561,213410,200.0,cold,1,1,,,synthetic,NORMAL
,api.example,https://api.example/,7,7.401,0.0,0.0,113.227,3.48,124.109,18328,200.0,cold,1,1,,,synthetic,NORMAL
,cdn-near.example,https://cdn-near.example/,18,0.0,0.0,0.0,69.715,7.252,76.968,60949,200.0,warm,1,1,,,synthetic,NORMAL
,cdn-far.example,https://cdn-far.example/,9,20.974,109.051,439.683,861.724,10.822,1442.255,165871,200.0,cold,0,1,,,synthetic,HTTP_PROBLEM
,shop.example,https://shop.example/,8,0.0,0.0,0.0,360.571,97.933,458.505,553045,200.0,warm,1,1,,,synthetic,NORMAL
,cdn-far.example,https://cdn-far.example/,11,4150.867,0.0,0.0,0.0,0.0,4150.867,0,,cold,0,0,DNS,,synthetic,DNS_PROBLEM
,api.example,https://api.example/,10,0.0,0.0,0.0,94.886,3.553,98.439,29554,200.0,warm,1,1,,,synthetic,NORMAL
,cdn-near.example,https://cdn-near.example/,22,0.0,19.793,37.362,86.339,15.239,158.733,103716,200.0,warm,0,1,,,synthetic,NORMAL
,cdn-far.example,https://cdn-far.example/,11,107.506,79.214,285.167,113.335,5.724,590.946,63037,200.0,cold,0,1,,,synthetic,DNS_PROBLEM
,shop.example,https://shop.example/,7,14.455,22.194,70.906,240.671,229.674,577.901,1671155,200.0,cold,0,1,,,synthetic,NORMAL
,shop.example,https://shop.example/,6,0.0,23.419,68.061,193.379,60.619,345.477,678168,200.0,warm,0,1,,,synthetic,NORMAL
,cdn-far.example,https://cdn-far.example/,8,0.0,932.558,357.937,194.676,62.006,1547.177,155373,200.0,warm,0,1,,,synthetic,CONNECT_PROBLEM
,media.example,https://media.example/,4,0.0,68.306,141.445,83.784,135.826,429.36,1083209,200.0,warm,0,1,,,synthetic,NORMAL
,api.example,https://api.example/,16,130.0,19.673,50.777,122.385,2.305,325.14,21101,200.0,cold,0,1,,,synthetic,DNS_PROBLEM
,media.example,https://media.example/,14,196.864,49.992,116.175,130.671,158.336,652.038,1296364,200.0,cold,0,1,,,synthetic,DNS_PROBLEM
,cdn-near.example,https://cdn-near.example/,22,14.752,14.481,33.289,53.215,6.407,122.143,30290,200.0,cold,0,1,,,synthetic,NORMAL
,cdn-near.example,https://cdn-near.example/,10,142.937,9.41,36.168,45.803,5.648,239.966,42648,200.0,cold,0,1,,,synthetic,DNS_PROBLEM
,legacy.example,https://legacy.example/,3,0.0,52.373,210.304,350.152,16.63,629.459,151793,200.0,warm,0,1,,,synthetic,NORMAL
,shop.example,https://shop.example/,12,0.0,228.089,86.481,228.406,66.746,609.722,298942,200.0,warm,0,1,,,synthetic,CONNECT_PROBLEM
,cdn-near.example,https://cdn-near.example/,5,0.0,15.345,218.234,67.966,17.11,318.655,109100,200.0,warm,0,1,,,synthetic,TLS_PROBLEM
,api.example,https://api.example/,18,149.458,14.572,30.67,149.701,7.524,351.925,88873,200.0,cold,0,1,,,synthetic,DNS_PROBLEM
,cdn-near.example,https://cdn-near.example/,1,10.64,3.72,30.972,53.625,6.83,105.788,88431,200.0,cold,0,1,,,synthetic,NORMAL
,cdn-near.example,https://cdn-near.example/,7,0.0,11.622,2862.692,0.0,0.0,2874.315,0,,warm,0,0,TLS,,synthetic,TLS_PROBLEM
,media.example,https://media.example/,23,23.503,78.953,154.189,988.996,400.522,1646.163,2129574,200.0,cold,0,1,,,synthetic,HTTP_PROBLEM
,legacy.example,https://legacy.example/,23,0.0,1211.966,242.733,625.804,212.996,2293.5,486951,200.0,warm,0,1,,,synthetic,CONNECT_PROBLEM
,legacy.example,https://legacy.example/,5,97.137,62.895,166.982,173.948,17.746,518.708,241060,200.0,cold,0,1,,,synthetic,NORMAL
,cdn-near.example,https://cdn-near.example/,5,5377.456,0.0,0.0,0.0,0.0,5377.456,0,,cold,0,0,DNS,,synthetic,DNS_PROBLEM
,media.example,https://media.example/,16,29.698,0.0,0.0,473.906,112.231,615.835,864206,200.0,cold,1,1,,,synthetic,HTTP_PROBLEM
,legacy.example,https://legacy.example/,23,0.0,627.836,81.749,341.326,57.807,1108.719,308336,200.0,warm,0,1,,,synthetic,CONNECT_PROBLEM
,legacy.example,https://legacy.example/,21,31.897,133.75,206.348,680.0,68.751,1120.747,311570,200.0,cold,0,1,,,synthetic,NORMAL
,shop.example,https://shop.example/,18,24.234,26.519,723.58,167.794,45.865,987.992,343776,200.0,cold,0,1,,,synthetic,TLS_PROBLEM
,cdn-near.example,https://cdn-near.example/,10,3455.747,0.0,0.0,0.0,0.0,3455.747,0,,cold,0,0,DNS,,synthetic,DNS_PROBLEM
,shop.example,https://shop.example/,21,0.0,72.171,230.769,465.048,151.918,919.906,578774,200.0,warm,0,1,,,synthetic,NORMAL
,api.example,https://api.example/,21,13.785,17.593,41.262,785.787,2.964,861.391,32421,200.0,cold,0,1,,,synthetic,HTTP_PROBLEM
,cdn-far.example,https://cdn-far.example/,11,37.355,303.142,98.999,72.751,41.469,553.716,284499,200.0,cold,0,1,,,synthetic,CONNECT_PROBLEM
,api.example,https://api.example/,1,18.399,5846.221,0.0,0.0,0.0,5864.62,0,,cold,0,0,CONNECT,,synthetic,CONNECT_PROBLEM
,cdn-near.example,https://cdn-near.example/,11,128.256,6.304,30.77,53.396,0.935,219.661,16762,200.0,cold,0,1,,,synthetic,DNS_PROBLEM
,cdn-near.example,https://cdn-near.example/,12,12.645,12.486,38.964,304.122,8.332,376.548,160568,200.0,cold,0,1,,,synthetic,HTTP_PROBLEM
,cdn-near.example,https://cdn-near.example/,15,7.929,8.449,38.486,1559.771,0.519,1615.154,2871,500.0,cold,0,0,HTTP,,synthetic,HTTP_PROBLEM
,api.example,https://api.example/,21,33.231,0.0,0.0,146.109,2.385,181.725,17370,200.0,cold,1,1,,,synthetic,NORMAL
,api.example,https://api.example/,15,13.145,11.114,40.606,60.71,0.739,126.314,15441,200.0,cold,0,1,,,synthetic,NORMAL
,legacy.example,https://legacy.example/,15,0.0,73.169,136.203,413.565,49.167,672.104,364433,200.0,warm,0,1,,,synthetic,NORMAL
,cdn-far.example,https://cdn-far.example/,7,0.0,136.738,509.922,62.671,17.017,726.348,109508,200.0,warm,0,1,,,synthetic,NORMAL
,api.example,https://api.example/,19,0.0,44.462,67.509,1359.142,2.606,1473.719,12544,200.0,warm,0,1,,,synthetic,HTTP_PROBLEM
,cdn-near.example,https://cdn-near.example/,12,0.0,12.653,39.653,83.004,18.239,153.549,157595,200.0,warm,0,1,,,synthetic,NORMAL
,shop.example,https://shop.example/,16,26.797,47.666,111.152,275.224,25.581,486.419,317046,200.0,cold,0,1,,,synthetic,NORMAL
,api.example,https://api.example/,1,30.395,15.815,2646.085,0.0,0.0,2692.294,0,,cold,0,0,TLS,,synthetic,TLS_PROBLEM
,shop.example,https://shop.example/,19,17.682,66.905,218.199,4051.688,74.97,4429.444,640096,200.0,cold,0,1,,,synthetic,HTTP_PROBLEM
,shop.example,https://shop.example/,8,0.0,0.0,0.0,1070.523,0.4,1070.923,2079,502.0,warm,1,0,HTTP,,synthetic,HTTP_PROBLEM
,shop.example,https://shop.example/,18,0.0,0.0,0.0,207.75,29.363,237.114,345452,200.0,warm,1,1,,,synthetic,NORMAL
,legacy.example,https://legacy.example/,1,0.0,0.0,0.0,515.706,51.34,567.046,359416,200.0,warm,1,1,,,synthetic,NORMAL
,media.example,https://media.example/,17,0.0,126.053,74.722,55.844,138.667,395.285,1142166,200.0,warm,0,1,,,synthetic,NORMAL
,api.example,https://api.example/,8,0.0,31.657,3189.777,0.0,0.0,3221.434,0,,warm,0,0,TLS,,synthetic,TLS_PROBLEM
,media.example,https://media.example/,2,0.0,49.608,39.832,77.174,67.236,233.85,1182003,200.0,warm,0,1,,,synthetic,NORMAL
,api.example,https://api.example/,1,17.417,12.357,38.229,45.861,4.209,118.072,37820,200.0,cold,0,1,,,synthetic,NORMAL
,api.example,https://api.example/,6,29.245,28.49,38.641,85.667,1.734,183.777,27197,200.0,cold,0,1,,,synthetic,NORMAL
,media.example,https://media.example/,13,0.0,0.0,0.0,613.289,200.719,814.008,1512864,200.0,warm,1,1,,,synthetic,HTTP_PROBLEM
,shop.example,https://shop.example/,23,6012.782,0.0,0.0,0.0,0.0,6012.782,0,,cold,0,0,DNS,,synthetic,DNS_PROBLEM
,cdn-near.example,https://cdn-near.example/,15,0.0,0.0,0.0,74.803,15.839,90.642,102013,200.0,warm,1,1,,,synthetic,NORMAL
,cdn-far.example,https://cdn-far.example/,16,0.0,6907.963,0.0,0.0,0.0,6907.963,0,,warm,0,0,CONNECT,,synthetic,CONNECT_PROBLEM
,api.example,https://api.example/,12,81.487,29.276,52.351,92.646,1.246,257.006,10897,200.0,cold,0,1,,,synthetic,DNS_PROBLEM
,cdn-near.example,https://cdn-near.example/,13,0.0,116.596,45.7,45.935,12.593,220.824,79256,200.0,warm,0,1,,,synthetic,CONNECT_PROBLEM
,shop.example,https://shop.example/,2,141.717,50.32,169.612,255.777,134.744,752.169,806623,200.0,cold,0,1,,,synthetic,DNS_PROBLEM
,legacy.example,https://legacy.example/,23,0.0,75.743,142.31,449.155,102.954,770.162,532772,200.0,warm,0,1,,,synthetic,NORMAL
,media.example,https://media.example/,3,128.174,52.377,135.279,105.822,154.284,575.936,1035615,200.0,cold,0,1,,,synthetic,DNS_PROBLEM
,media.example,https://media.example/,1,0.0,93.607,64.138,61.068,60.495,279.309,612674,200.0,warm,0,1,,,synthetic,NORMAL
,cdn-near.example,https://cdn-near.example/,19,0.0,102.853,31.159,62.076,9.439,205.528,48368,200.0,warm,0,1,,,synthetic,CONNECT_PROBLEM
,cdn-far.example,https://cdn-far.example/,6,19.509,67.101,4157.296,0.0,0.0,4243.906,0,,cold,0,0,TLS,,synthetic,TLS_PROBLEM
,media.example,https://media.example/,17,0.0,8948.202,0.0,0.0,0.0,8948.202,0,,warm,0,0,CONNECT,,synthetic,CONNECT_PROBLEM
,cdn-far.example,https://cdn-far.example/,1,0.0,694.756,288.547,130.135,32.393,1145.83,129016,200.0,warm,0,1,,,synthetic,CONNECT_PROBLEM
,cdn-far.example,https://cdn-far.example/,4,41.495,170.09,231.297,1447.38,11.396,1901.658,140314,200.0,cold,0,1,,,synthetic,HTTP_PROBLEM
,api.example,https://api.example/,18,176.296,10.426,25.115,61.036,2.47,275.343,61826,200.0,cold,0,1,,,synthetic,DNS_PROBLEM
,cdn-far.example,https://cdn-far.example/,0,3455.683,0.0,0.0,0.0,0.0,3455.683,0,,cold,0,0,DNS,,synthetic,DNS_PROBLEM
,media.example,https://media.example/,8,22.53,42.945,132.674,40.102,143.579,381.83,1071460,200.0,cold,0,1,,,synthetic,NORMAL
,cdn-far.example,https://cdn-far.example/,6,0.0,72.577,147.919,1013.618,10.292,1244.406,127777,200.0,warm,0,1,,,synthetic,HTTP_PROBLEM
,shop.example,https://shop.example/,12,24.223,46.765,532.704,242.445,171.925,1018.061,1121885,200.0,cold,0,1,,,synthetic,TLS_PROBLEM
,shop.example,https://shop.example/,10,0.0,20.996,50.917,239.411,66.515,377.84,875230,200.0,warm,0,1,,,synthetic,NORMAL
,cdn-near.example,https://cdn-near.example/,15,9.414,12.773,26.351,43.03,13.775,105.343,134678,200.0,cold,0,1,,,synthetic,NORMAL
,cdn-far.example,https://cdn-far.example/,12,25.09,0.0,0.0,94.226,8.556,127.872,136378,200.0,cold,1,1,,,synthetic,NORMAL
,cdn-far.example,https://cdn-far.example/,1,0.0,75.593,3132.422,66.295,8.096,3282.406,112509,200.0,warm,0,1,,,synthetic,TLS_PROBLEM
,legacy.example,https://legacy.example/,2,0.0,70.571,3009.273,0.0,0.0,3079.845,0,,warm,0,0,TLS,,synthetic,TLS_PROBLEM
,cdn-far.example,https://cdn-far.example/,14,0.0,63.427,2851.799,0.0,0.0,2915.226,0,,warm,0,0,TLS,,synthetic,TLS_PROBLEM
,legacy.example,https://legacy.example/,14,38.367,54.027,166.67,312.447,6.65,578.161,104553,200.0,cold,0,1,,,synthetic,NORMAL
,shop.example,https://shop.example/,15,0.0,372.987,68.042,241.081,85.972,768.083,346767,200.0,warm,0,1,,,synthetic,CONNECT_PROBLEM
,media.example,https://media.example/,23,16.438,4341.183,0.0,0.0,0.0,4357.621,0,,cold,0,0,CONNECT,,synthetic,CONNECT_PROBLEM
,legacy.example,https://legacy.example/,14,0.0,53.28,150.756,2771.965,18.846,2994.847,404491,200.0,warm,0,1,,,synthetic,HTTP_PROBLEM
,media.example,https://media.example/,2,20.732,31.977,98.131,932.255,181.734,1264.828,1734473,200.0,cold,0,1,,,synthetic,HTTP_PROBLEM
,shop.example,https://shop.example/,7,0.0,18.963,99.989,134.285,110.494,363.732,997581,200.0,warm,0,1,,,synthetic,NORMAL
,media.example,https://media.example/,22,460.833,67.839,128.779,133.338,238.469,1029.259,1851450,200.0,cold,0,1,,,synthetic,DNS_PROBLEM
,legacy.example,https://legacy.example/,18,29.805,84.506,249.02,282.529,38.357,684.217,312577,200.0,cold,0,1,,,synthetic,NORMAL
,cdn-far.example,https://cdn-far.example/,6,31.108,0.0,0.0,200.073,16.271,247.452,114450,200.0,cold,1,1,,,synthetic,NORMAL
,cdn-far.example,https://cdn-far.example/,22,0.0,148.084,284.414,81.4,50.585,564.484,206276,200.0,warm,0,1,,,synthetic,NORMAL
,legacy.example,https://legacy.example/,22,0.0,156.571,296.585,441.503,91.275,985.934,372470,200.0,warm,0,1,,,synthetic,NORMAL
,cdn-far.example,https://cdn-far.example/,15,0.0,0.0,0.0,875.261,34.053,909.314,246466,200.0,warm,1,1,,,synthetic,HTTP_PROBLEM
,cdn-far.example,https://cdn-far.example/,18,239.803,204.356,244.491,57.302,24.951,770.903,122483,200.0,cold,0,1,,,synthetic,DNS_PROBLEM
,media.example,https://media.example/,8,0.0,73.662,157.261,1535.961,693.573,2460.457,2985725,200.0,warm,0,1,,,synthetic,HTTP_PROBLEM
,shop.example,https://shop.example/,18,0.0,57.202,91.346,215.265,62.293,426.107,835365,200.0,warm,0,1,,,synthetic,NORMAL
,cdn-far.example,https://cdn-far.example/,14,0.0,1284.769,267.776,165.1,63.237,1780.881,322570,200.0,warm,0,1,,,synthetic,CONNECT_PROBLEM
,media.example,https://media.example/,0,0.0,0.0,0.0,78.985,241.22,320.205,2104788,200.0,warm,1,1,,,synthetic,NORMAL
,cdn-far.example,https://cdn-far.example/,12,25.692,77.739,327.162,92.91,46.34,569.842,524336,200.0,cold,0,1,,,synthetic,NORMAL
,api.example,https://api.example/,7,0.0,15.413,56.57,47.55,2.384,121.917,19500,200.0,warm,0,1,,,synthetic,NORMAL
,legacy.example,https://legacy.example/,22,32.877,536.797,183.922,336.528,43.966,1134.09,209125,200.0,cold,0,1,,,synthetic,CONNECT_PROBLEM
,media.example,https://media.example/,7,0.0,68.855,771.433,93.137,452.97,1386.395,7474865,200.0,warm,0,1,,,synthetic,TLS_PROBLEM
,cdn-near.example,https://cdn-near.example/,15,0.0,6.413,36.528,43.722,6.019,92.682,35154,200.0,warm,0,1,,,synthetic,NORMAL
,legacy.example,https://legacy.example/,13,334.201,74.483,142.491,293.763,37.393,882.331,532282,200.0,cold,0,1,,,synthetic,DNS_PROBLEM
,cdn-far.example,https://cdn-far.example/,11,0.0,147.34,128.762,247.656,14.407,538.164,127512,200.0,warm,0,1,,,synthetic,HTTP_PROBLEM
,legacy.example,https://legacy.example/,3,172.298,26.899,116.754,387.605,25.305,728.862,178522,200.0,cold,0,1,,,synthetic,DNS_PROBLEM
,cdn-near.example,https://cdn-near.example/,7,0.0,4.17,2329.984,0.0,0.0,2334.153,0,,warm,0,0,TLS,,synthetic,TLS_PROBLEM
,shop.example,https://shop.example/,3,105.654,23.839,66.177,206.113,30.999,432.783,220884,200.0,cold,0,1,,,synthetic,DNS_PROBLEM
,cdn-near.example,https://cdn-near.example/,4,13.26,6.874,33.852,55.456,20.098,129.541,217597,200.0,cold,0,1,,,synthetic,NORMAL
,cdn-near.example,https://cdn-near.example/,6,8.433,131.913,37.836,36.226,18.631,233.037,127024,200.0,cold,0,1,,,synthetic,CONNECT_PROBLEM
,api.example,https://api.example/,12,0.0,166.993,62.925,191.607,7.206,428.73,34259,200.0,warm,0,1,,,synthetic,CONNECT_PROBLEM
,shop.example,https://shop.example/,17,0.0,118.237,67.123,206.318,75.041,466.72,469743,200.0,warm,0,1,,,synthetic,CONNECT_PROBLEM
,legacy.example,https://legacy.example/,7,0.0,50.573,832.361,321.622,37.138,1241.695,404990,200.0,warm,0,1,,,synthetic,TLS_PROBLEM
,api.example,https://api.example/,2,0.0,11.223,73.528,80.751,2.547,168.048,16845,200.0,warm,0,1,,,synthetic,NORMAL
,cdn-near.example,https://cdn-near.example/,11,6.368,0.0,0.0,675.07,0.592,682.03,1891,500.0,cold,1,0,HTTP,,synthetic,HTTP_PROBLEM
,media.example,https://media.example/,3,23.949,34.414,68.299,1119.222,174.937,1420.821,1336814,200.0,cold,0,1,,,synthetic,HTTP_PROBLEM
,shop.example,https://shop.example/,22,0.0,54.823,80.047,481.314,36.896,653.08,309322,200.0,warm,0,1,,,synthetic,NORMAL
,cdn-far.example,https://cdn-far.example/,2,21.0,0.0,0.0,45.754,14.802,81.556,124050,200.0,cold,1,1,,,synthetic,NORMAL
,shop.example,https://shop.example/,15,31.683,29.093,100.81,209.869,45.389,416.844,448397,200.0,cold,0,1,,,synthetic,NORMAL
,media.example,https://media.example/,2,14.136,37.328,660.05,108.168,96.603,916.284,708642,200.0,cold,0,1,,,synthetic,TLS_PROBLEM
,media.example,https://media.example/,1,0.0,0.0,0.0,535.244,652.375,1187.62,4605049,200.0,warm,1,1,,,synthetic,HTTP_PROBLEM
,legacy.example,https://legacy.example/,16,0.0,661.852,85.699,175.985,15.202,938.738,154973,200.0,warm,0,1,,,synthetic,CONNECT_PROBLEM
,legacy.example,https://legacy.example/,21,351.18,89.827,293.432,518.375,31.824,1284.637,206093,200.0,cold,0,1,,,synthetic,DNS_PROBLEM
,cdn-near.example,https://cdn-near.example/,23,10.803,218.617,58.016,76.389,89.798,453.623,235013,200.0,cold,0,1,,,synthetic,CONNECT_PROBLEM
,cdn-far.example,https://cdn-far.example/,14,19.093,722.305,133.792,121.36,40.236,1036.787,255392,200.0,cold,0,1,,,synthetic,CONNECT_PROBLEM
,media.example,https://media.example/,13,25.953,28.734,86.598,45.226,84.559,271.07,1904249,200.0,cold,0,1,,,synthetic,NORMAL
,legacy.example,https://legacy.example/,13,0.0,0.0,0.0,751.01,0.158,751.168,1630,500.0,warm,1,0,HTTP,,synthetic,HTTP_PROBLEM
,legacy.example,https://legacy.example/,1,488.131,60.993,127.805,246.912,29.038,952.878,298862,200.0,cold,0,1,,,synthetic,DNS_PROBLEM
,media.example,https://media.example/,3,0.0,233.407,110.482,59.75,251.275,654.914,1637548,200.0,warm,0,1,,,synthetic,CONNECT_PROBLEM
,media.example,https://media.example/,6,0.0,89.137,84.764,110.451,228.003,512.355,1789021,200.0,warm,0,1,,,synthetic,NORMAL
,cdn-near.example,https://cdn-near.example/,12,18.458,14.675,29.195,27.123,7.656,97.108,74718,200.0,cold,0,1,,,synthetic,NORMAL
,cdn-near.example,https://cdn-near.example/,14,5695.414,0.0,0.0,0.0,0.0,5695.414,0,,cold,0,0,DNS,,synthetic,DNS_PROBLEM
,cdn-far.example,https://cdn-far.example/,2,0.0,110.154,163.102,111.062,14.127,398.445,92521,200.0,warm,0,1,,,synthetic,NORMAL
,media.example,https://media.example/,0,199.641,42.514,113.593,78.238,123.444,557.43,1101029,200.0,cold,0,1,,,synthetic,DNS_PROBLEM
,cdn-near.example,https://cdn-near.example/,8,10.514,0.0,0.0,54.223,16.972,81.709,54969,200.0,cold,1,1,,,synthetic,NORMAL
,shop.example,https://shop.example/,10,23.481,31.204,3560.406,0.0,0.0,3615.091,0,,cold,0,0,TLS,,synthetic,TLS_PROBLEM
,media.example,https://media.example/,9,17.801,282.585,198.396,56.207,191.024,746.013,1667618,200.0,cold,0,1,,,synthetic,CONNECT_PROBLEM
,shop.example,https://shop.example/,19,18.743,50.591,190.379,243.683,64.072,567.469,370419,200.0,cold,0,1,,,synthetic,NORMAL
,cdn-far.example,https://cdn-far.example/,14,28.355,751.904,306.887,136.53,27.792,1251.468,209563,200.0,cold,0,1,,,synthetic,CONNECT_PROBLEM
,media.example,https://media.example/,10,24.858,0.0,0.0,70.602,418.411,513.87,1675229,200.0,cold,1,1,,,synthetic,NORMAL
,cdn-far.example,https://cdn-far.example/,6,0.0,151.368,1021.465,155.694,24.18,1352.706,246882,200.0,warm,0,1,,,synthetic,TLS_PROBLEM
,legacy.example,https://legacy.example/,5,79.687,44.713,2392.804,341.201,49.88,2908.285,245671,200.0,cold,0,1,,,synthetic,TLS_PROBLEM
,api.example,https://api.example/,10,0.0,25.709,57.026,109.848,3.249,195.832,36259,200.0,warm,0,1,,,synthetic,NORMAL
,legacy.example,https://legacy.example/,4,0.0,0.0,0.0,2116.155,20.519,2136.674,214413,200.0,warm,1,1,,,synthetic,HTTP_PROBLEM
,api.example,https://api.example/,8,0.0,18.864,55.75,96.556,4.263,175.434,27619,200.0,warm,0,1,,,synthetic,NORMAL
,shop.example,https://shop.example/,1,27.537,0.0,0.0,1870.424,91.432,1989.393,781499,200.0,cold,1,1,,,synthetic,HTTP_PROBLEM
,shop.example,https://shop.example/,23,80.445,44.899,107.0,203.078,144.305,579.727,703329,200.0,cold,0,1,,,synthetic,DNS_PROBLEM
,shop.example,https://shop.example/,4,0.0,29.019,74.395,156.893,55.267,315.574,876763,200.0,warm,0,1,,,synthetic,NORMAL
,cdn-far.example,https://cdn-far.example/,18,0.0,0.0,0.0,191.79,8.187,199.977,107574,200.0,warm,1,1,,,synthetic,NORMAL
,media.example,https://media.example/,12,34.757,63.51,176.362,45.404,205.072,525.104,1765999,200.0,cold,0,1,,,synthetic,NORMAL
,api.example,https://api.example/,20,0.0,16.601,124.57,702.381,2.932,846.484,16223,200.0,warm,0,1,,,synthetic,HTTP_PROBLEM
,legacy.example,https://legacy.example/,18,297.876,94.182,155.735,259.768,13.095,820.657,132299,200.0,cold,0,1,,,synthetic,DNS_PROBLEM
,media.example,https://media.example/,20,129.57,84.455,231.626,115.229,253.202,814.083,1720783,200.0,cold,0,1,,,synthetic,DNS_PROBLEM
,legacy.example,https://legacy.example/,7,0.0,68.885,1437.412,256.2,50.782,1813.279,256577,200.0,warm,0,1,,,synthetic,TLS_PROBLEM
,api.example,https://api.example/,5,143.227,16.268,48.533,101.873,3.374,313.275,27565,200.0,cold,0,1,,,synthetic,DNS_PROBLEM
,shop.example,https://shop.example/,7,24.175,23.021,105.677,176.414,25.881,355.168,427368,200.0,cold,0,1,,,synthetic,NORMAL
,cdn-far.example,https://cdn-far.example/,13,0.0,172.818,256.033,156.68,26.608,612.139,219335,200.0,warm,0,1,,,synthetic,NORMAL
,shop.example,https://shop.example/,22,0.0,0.0,0.0,1173.375,0.369,1173.744,2153,503.0,warm,1,0,HTTP,,synthetic,HTTP_PROBLEM
,cdn-near.example,https://cdn-near.example/,8,0.0,0.0,0.0,81.15,30.551,111.701,199448,200.0,warm,1,1,,,synthetic,NORMAL
,cdn-near.example,https://cdn-near.example/,11,13.507,0.0,0.0,37.823,10.466,61.796,104549,200.0,cold,1,1,,,synthetic,NORMAL
,shop.example,https://shop.example/,19,0.0,40.328,616.505,415.466,60.859,1133.157,328001,200.0,warm,0,1,,,synthetic,TLS_PROBLEM
,api.example,https://api.example/,3,18.105,17.104,38.154,59.53,3.508,136.401,48790,200.0,cold,0,1,,,synthetic,NORMAL
,shop.example,https://shop.example/,13,0.0,0.0,0.0,182.885,56.331,239.216,330721,200.0,warm,1,1,,,synthetic,NORMAL
,media.example,https://media.example/,20,0.0,68.142,191.161,468.906,408.72,1136.93,2459469,200.0,warm,0,1,,,synthetic,HTTP_PROBLEM
,cdn-near.example,https://cdn-near.example/,23,17.406,9.225,290.749,87.825,18.601,423.805,165467,200.0,cold,0,1,,,synthetic,TLS_PROBLEM
,cdn-far.example,https://cdn-far.example/,2,0.0,78.187,294.16,53.889,17.881,444.116,177475,200.0,warm,0,1,,,synthetic,NORMAL
,media.example,https://media.example/,22,20.728,52.636,245.631,80.97,713.548,1113.512,3695884,200.0,cold,0,1,,,synthetic,NORMAL
,shop.example,https://shop.example/,21,20.859,0.0,0.0,333.4,86.232,440.491,724527,200.0,cold,1,1,,,synthetic,NORMAL
,api.example,https://api.example/,7,4572.015,0.0,0.0,0.0,0.0,4572.015,0,,cold,0,0,DNS,,synthetic,DNS_PROBLEM
,api.example,https://api.example/,22,0.0,53.551,514.913,214.382,13.609,796.455,62205,200.0,warm,0,1,,,synthetic,TLS_PROBLEM
,cdn-near.example,https://cdn-near.example/,11,0.0,8.611,34.467,38.311,8.242,89.63,69821,200.0,warm,0,1,,,synthetic,NORMAL
,media.example,https://media.example/,0,0.0,43.736,75.136,711.639,73.885,904.397,1201349,200.0,warm,0,1,,,synthetic,HTTP_PROBLEM
,shop.example,https://shop.example/,0,16.335,0.0,0.0,85.481,21.128,122.943,302942,200.0,cold,1,1,,,synthetic,NORMAL
,legacy.example,https://legacy.example/,14,27.822,113.651,175.09,971.32,19.483,1307.367,255941,200.0,cold,0,1,,,synthetic,NORMAL
,api.example,https://api.example/,0,0.0,17.72,45.483,152.603,3.152,218.958,23202,200.0,warm,0,1,,,synthetic,NORMAL
,media.example,https://media.example/,4,0.0,40.028,121.439,55.202,48.668,265.337,637426,200.0,warm,0,1,,,synthetic,NORMAL
,cdn-far.example,https://cdn-far.example/,6,0.0,99.756,139.706,928.931,0.146,1168.54,2353,502.0,warm,0,0,HTTP,,synthetic,HTTP_PROBLEM
,legacy.example,https://legacy.example/,15,29.437,62.753,117.664,247.732,22.0,479.587,120471,200.0,cold,0,1,,,synthetic,NORMAL
,cdn-far.example,https://cdn-far.example/,2,0.0,137.425,191.319,549.026,0.324,878.094,1982,500.0,warm,0,0,HTTP,,synthetic,HTTP_PROBLEM
,api.example,https://api.example/,0,0.0,26.176,658.463,77.88,2.841,765.359,25828,200.0,warm,0,1,,,synthetic,TLS_PROBLEM
,cdn-far.example,https://cdn-far.example/,10,9.486,171.229,4907.529,84.286,15.437,5187.967,113295,200.0,cold,0,1,,,synthetic,TLS_PROBLEM
,cdn-near.example,https://cdn-near.example/,12,11.389,8.468,189.472,42.249,3.656,255.234,44717,200.0,cold,0,1,,,synthetic,TLS_PROBLEM
,media.example,https://media.example/,19,14.19,28.509,2140.882,113.269,131.948,2428.797,1269857,200.0,cold,0,1,,,synthetic,TLS_PROBLEM
,media.example,https://media.example/,1,0.0,56.986,127.775,507.409,70.897,763.067,573001,200.0,warm,0,1,,,synthetic,HTTP_PROBLEM
,cdn-near.example,https://cdn-near.example/,0,0.0,48.247,37.253,45.313,37.037,167.85,155735,200.0,warm,0,1,,,synthetic,CONNECT_PROBLEM
,media.example,https://media.example/,0,22.816,41.95,1657.264,0.0,0.0,1722.03,0,,cold,0,0,TLS,,synthetic,TLS_PROBLEM
,legacy.example,https://legacy.example/,18,34.869,80.296,188.88,6987.495,37.491,7329.031,276544,200.0,cold,0,1,,,synthetic,HTTP_PROBLEM
,api.example,https://api.example/,23,16.2,18.572,32.664,705.17,0.235,772.841,1646,502.0,cold,0,0,HTTP,,synthetic,HTTP_PROBLEM
,shop.example,https://shop.example/,9,0.0,30.712,126.729,297.844,130.429,585.714,860723,200.0,warm,0,1,,,synthetic,NORMAL
,cdn-far.example,https://cdn-far.example/,0,0.0,105.111,231.117,80.152,7.419,423.799,110265,200.0,warm,0,1,,,synthetic,NORMAL
,shop.example,https://shop.example/,5,0.0,30.039,350.008,390.019,67.165,837.23,657372,200.0,warm,0,1,,,synthetic,TLS_PROBLEM
,cdn-far.example,https://cdn-far.example/,21,20.357,413.306,535.595,116.29,25.718,1111.265,128075,200.0,cold,0,1,,,synthetic,CONNECT_PROBLEM
,cdn-near.example,https://cdn-near.example/,13,20.502,7.636,411.959,58.684,10.599,509.381,67948,200.0,cold,0,1,,,synthetic,TLS_PROBLEM
,api.example,https://api.example/,14,6.039,0.0,0.0,105.749,1.631,113.419,19365,200.0,cold,1,1,,,synthetic,NORMAL
,media.example,https://media.example/,17,19.863,602.026,140.927,97.593,87.223,947.632,754419,200.0,cold,0,1,,,synthetic,CONNECT_PROBLEM
,cdn-far.example,https://cdn-far.example/,10,0.0,117.048,2836.997,63.362,30.512,3047.919,142377,200.0,warm,0,1,,,synthetic,TLS_PROBLEM
,cdn-far.example,https://cdn-far.example/,16,32.467,68.619,104.401,102.354,12.102,319.942,142126,200.0,cold,0,1,,,synthetic,NORMAL
,api.example,https://api.example/,2,23.865,33.095,62.207,189.978,5.409,314.554,37209,200.0,cold,0,1,,,synthetic,NORMAL
,cdn-far.example,https://cdn-far.example/,18,237.323,94.339,195.629,106.442,7.359,641.091,57003,200.0,cold,0,1,,,synthetic,DNS_PROBLEM
,cdn-near.example,https://cdn-near.example/,13,16.211,5.654,142.811,59.463,40.256,264.394,170103,200.0,cold,0,1,,,synthetic,TLS_PROBLEM
,media.example,https://media.example/,6,0.0,32.72,50.467,31.624,93.82,208.631,1499242,200.0,warm,0,1,,,synthetic,NORMAL
,legacy.example,https://legacy.example/,22,33.084,117.536,1569.879,337.46,37.449,2095.408,488115,200.0,cold,0,1,,,synthetic,TLS_PROBLEM
,cdn-far.example,https://cdn-far.example/,18,0.0,6673.911,0.0,0.0,0.0,6673.911,0,,warm,0,0,CONNECT,,synthetic,CONNECT_PROBLEM
,api.example,https://api.example/,23,0.0,255.537,66.673,79.914,5.004,407.127,28963,200.0,warm,0,1,,,synthetic,CONNECT_PROBLEM
,cdn-far.example,https://cdn-far.example/,15,0.0,617.53,169.884,26.885,14.69,828.988,123273,200.0,warm,0,1,,,synthetic,CONNECT_PROBLEM
,shop.example,https://shop.example/,18,0.0,23.271,56.077,907.088,67.395,1053.83,1023197,200.0,warm,0,1,,,synthetic,HTTP_PROBLEM
,media.example,https://media.example/,22,0.0,126.727,155.524,1710.65,612.221,2605.122,2549828,200.0,warm,0,1,,,synthetic,HTTP_PROBLEM
,media.example,https://media.example/,20,17.167,0.0,0.0,103.206,412.603,532.976,2441042,200.0,cold,1,1,,,synthetic,NORMAL
,legacy.example,https://legacy.example/,1,0.0,55.979,116.131,140.544,15.799,328.453,171171,200.0,warm,0,1,,,synthetic,NORMAL
,api.example,https://api.example/,17,0.0,28.198,62.977,144.35,4.621,240.146,28629,200.0,warm,0,1,,,synthetic,NORMAL
,shop.example,https://shop.example/,16,0.0,561.019,85.914,261.137,47.212,955.281,258605,200.0,warm,0,1,,,synthetic,CONNECT_PROBLEM
,api.example,https://api.example/,11,0.0,16.59,65.058,129.775,4.067,215.49,29265,200.0,warm,0,1,,,synthetic,NORMAL
,cdn-near.example,https://cdn-near.example/,5,14.788,6.821,26.246,1437.994,0.156,1486.006,1430,503.0,cold,0,0,HTTP,,synthetic,HTTP_PROBLEM
,media.example,https://media.example/,15,0.0,53.758,84.868,42.032,66.459,247.118,931859,200.0,warm,0,1,,,synthetic,NORMAL
,media.example,https://media.example/,13,0.0,34.829,712.585,110.257,357.543,1215.213,1345587,200.0,warm,0,1,,,synthetic,TLS_PROBLEM
,cdn-near.example,https://cdn-near.example/,16,0.0,17.917,181.246,57.656,19.049,275.867,129038,200.0,warm,0,1,,,synthetic,TLS_PROBLEM
,shop.example,https://shop.example/,5,0.0,33.846,78.685,346.533,0.278,459.342,1633,503.0,warm,0,0,HTTP,,synthetic,HTTP_PROBLEM
,shop.example,https://shop.example/,22,0.0,79.793,1707.239,602.017,513.288,2902.337,1535559,200.0,warm,0,1,,,synthetic,TLS_PROBLEM
,cdn-near.example,https://cdn-near.example/,21,8.335,8.685,42.459,1276.531,0.356,1336.367,2011,502.0,cold,0,0,HTTP,,synthetic,HTTP_PROBLEM
,shop.example,https://shop.example/,22,0.0,67.207,110.149,376.794,45.863,600.012,354664,200.0,warm,0,1,,,synthetic,NORMAL
,legacy.example,https://legacy.example/,23,0.0,0.0,0.0,1154.03,0.527,1154.556,1773,503.0,warm,1,0,HTTP,,synthetic,HTTP_PROBLEM
,cdn-near.example,https://cdn-near.example/,21,0.0,0.0,0.0,82.767,6.779,89.546,82735,200.0,warm,1,1,,,synthetic,NORMAL
,media.example,https://media.example/,10,0.0,67.926,149.523,56.86,283.527,557.835,1048421,200.0,warm,0,1,,,synthetic,NORMAL
,cdn-near.example,https://cdn-near.example/,5,68.809,6.032,30.818,52.654,29.852,188.166,286670,200.0,cold,0,1,,,synthetic,DNS_PROBLEM
,legacy.example,https://legacy.example/,5,0.0,621.451,83.893,135.309,83.834,924.487,481345,200.0,warm,0,1,,,synthetic,CONNECT_PROBLEM
,shop.example,https://shop.example/,22,23.367,64.753,139.457,218.391,132.764,578.733,718476,200.0,cold,0,1,,,synthetic,NORMAL
,media.example,https://media.example/,8,22.351,76.451,114.29,148.623,376.559,738.274,2179020,200.0,cold,0,1,,,synthetic,NORMAL
,cdn-far.example,https://cdn-far.example/,12,41.196,46.168,129.605,58.713,4.315,279.997,95131,200.0,cold,0,1,,,synthetic,NORMAL
,media.example,https://media.example/,22,19.102,138.833,142.752,176.032,592.682,1069.401,2353869,200.0,cold,0,1,,,synthetic,NORMAL
,shop.example,https://shop.example/,23,17.548,53.034,127.833,286.573,116.661,601.65,571041,200.0,cold,0,1,,,synthetic,NORMAL
,media.example,https://media.example/,23,40.85,261.511,199.991,143.195,325.812,971.359,2177776,200.0,cold,0,1,,,synthetic,CONNECT_PROBLEM
,shop.example,https://shop.example/,3,20.74,19.676,91.139,139.166,27.2,297.921,348181,200.0,cold,0,1,,,synthetic,NORMAL
,media.example,https://media.example/,18,0.0,0.0,0.0,697.231,414.149,1111.38,2676616,200.0,warm,1,1,,,synthetic,HTTP_PROBLEM
,legacy.example,https://legacy.example/,8,0.0,1080.885,298.196,628.115,289.695,2296.891,468197,200.0,warm,0,1,,,synthetic,CONNECT_PROBLEM
,cdn-far.example,https://cdn-far.example/,0,0.0,72.661,213.846,23.318,6.299,316.124,87966,200.0,warm,0,1,,,synthetic,NORMAL
,cdn-near.example,https://cdn-near.example/,8,0.0,11.877,53.525,59.798,19.757,144.956,173342,200.0,warm,0,1,,,synthetic,NORMAL
,cdn-far.example,https://cdn-far.example/,18,487.845,106.782,213.696,52.105,24.764,885.191,177361,200.0,cold,0,1,,,synthetic,DNS_PROBLEM
,cdn-far.example,https://cdn-far.example/,19,0.0,874.989,406.358,105.002,135.558,1521.907,495435,200.0,warm,0,1,,,synthetic,CONNECT_PROBLEM
,shop.example,https://shop.example/,10,0.0,0.0,0.0,180.267,31.329,211.596,977547,200.0,warm,1,1,,,synthetic,NORMAL
,shop.example,https://shop.example/,2,14.928,355.002,161.241,330.814,101.144,963.129,491827,200.0,cold,0,1,,,synthetic,CONNECT_PROBLEM
,shop.example,https://shop.example/,10,0.0,54.437,85.35,2397.901,115.043,2652.732,765960,200.0,warm,0,1,,,synthetic,HTTP_PROBLEM
,legacy.example,https://legacy.example/,17,0.0,52.04,249.005,215.128,48.042,564.216,574344,200.0,warm,0,1,,,synthetic,NORMAL
,cdn-far.example,https://cdn-far.example/,15,0.0,59.948,226.98,77.631,6.639,371.198,84823,200.0,warm,0,1,,,synthetic,NORMAL
,legacy.example,https://legacy.example/,2,0.0,6811.657,0.0,0.0,0.0,6811.657,0,,warm,0,0,CONNECT,,synthetic,CONNECT_PROBLEM
,shop.example,https://shop.example/,16,121.181,31.681,44.73,205.951,60.214,463.757,482198,200.0,cold,0,1,,,synthetic,DNS_PROBLEM
,media.example,https://media.example/,21,17.317,66.578,153.589,134.287,309.14,680.911,1751337,200.0,cold,0,1,,,synthetic,NORMAL
,media.example,https://media.example/,5,0.0,43.17,52.794,81.907,241.262,419.133,2421373,200.0,warm,0,1,,,synthetic,NORMAL
,legacy.example,https://legacy.example/,3,0.0,1021.524,336.677,534.507,49.307,1942.014,232331,200.0,warm,0,1,,,synthetic,CONNECT_PROBLEM
,media.example,https://media.example/,21,0.0,52.845,2221.908,110.647,174.386,2559.786,1050947,200.0,warm,0,1,,,synthetic,TLS_PROBLEM
,legacy.example,https://legacy.example/,3,0.0,67.354,752.599,211.879,42.103,1073.935,466788,200.0,warm,0,1,,,synthetic,TLS_PROBLEM
,api.example,https://api.example/,15,9.331,21.759,78.553,153.223,3.381,266.248,24382,200.0,cold,0,1,,,synthetic,NORMAL
,media.example,https://media.example/,20,0.0,78.199,169.389,336.399,162.065,746.052,1118556,200.0,warm,0,1,,,synthetic,HTTP_PROBLEM
,legacy.example,https://legacy.example/,3,0.0,98.776,150.049,3407.215,37.399,3693.44,282619,200.0,warm,0,1,,,synthetic,HTTP_PROBLEM
,shop.example,https://shop.example/,13,10.448,321.574,92.75,243.683,111.11,779.565,542051,200.0,cold,0,1,,,synthetic,CONNECT_PROBLEM
,api.example,https://api.example/,19,0.0,50.218,636.989,113.429,3.24,803.877,21876,200.0,warm,0,1,,,synthetic,TLS_PROBLEM
,shop.example,https://shop.example/,9,12.657,66.23,460.665,358.597,47.553,945.703,483747,200.0,cold,0,1,,,synthetic,TLS_PROBLEM
,legacy.example,https://legacy.example/,3,0.0,43.953,1804.02,221.742,34.4,2104.116,407769,200.0,warm,0,1,,,synthetic,TLS_PROBLEM
,media.example,https://media.example/,12,0.0,52.591,162.625,339.924,0.397,555.539,3748,503.0,warm,0,0,HTTP,,synthetic,HTTP_PROBLEM
,legacy.example,https://legacy.example/,23,0.0,86.507,2595.364,520.839,83.244,3285.954,346027,200.0,warm,0,1,,,synthetic,TLS_PROBLEM
,api.example,https://api.example/,5,22.564,0.0,0.0,137.421,1.217,161.202,11773,200.0,cold,1,1,,,synthetic,NORMAL
,media.example,https://media.example/,8,27.841,7095.05,0.0,0.0,0.0,7122.891,0,,cold,0,0,CONNECT,,synthetic,CONNECT_PROBLEM
,media.example,https://media.example/,17,37.528,81.419,94.642,52.32,115.666,381.574,1587687,200.0,cold,0,1,,,synthetic,NORMAL
,legacy.example,https://legacy.example/,16,44.325,44.487,3775.615,0.0,0.0,3864.428,0,,cold,0,0,TLS,,synthetic,TLS_PROBLEM
,cdn-near.example,https://cdn-near.example/,8,0.0,11.016,73.51,48.691,11.591,144.808,82856,200.0,warm,0,1,,,synthetic,NORMAL
,api.example,https://api.example/,1,0.0,20.458,3398.305,0.0,0.0,3418.764,0,,warm,0,0,TLS,,synthetic,TLS_PROBLEM
,shop.example,https://shop.example/,23,0.0,7341.316,0.0,0.0,0.0,7341.316,0,,warm,0,0,CONNECT,,synthetic,CONNECT_PROBLEM
,media.example,https://media.example/,15,25.156,524.546,167.976,86.641,517.857,1322.177,3074702,200.0,cold,0,1,,,synthetic,CONNECT_PROBLEM
,legacy.example,https://legacy.example/,20,249.498,140.253,213.058,529.47,37.94,1170.218,216277,200.0,cold,0,1,,,synthetic,DNS_PROBLEM
,cdn-far.example,https://cdn-far.example/,7,0.0,189.025,268.051,106.957,17.908,581.942,210415,200.0,warm,0,1,,,synthetic,NORMAL
,shop.example,https://shop.example/,2,0.0,0.0,0.0,115.325,63.657,178.982,685365,200.0,warm,1,1,,,synthetic,NORMAL
,shop.example,https://shop.example/,6,14.935,229.85,60.722,219.787,102.505,627.798,761295,200.0,cold,0,1,,,synthetic,CONNECT_PROBLEM
,shop.example,https://shop.example/,17,19.34,128.654,98.17,461.935,39.659,747.758,279737,200.0,cold,0,1,,,synthetic,CONNECT_PROBLEM
,cdn-near.example,https://cdn-near.example/,19,0.0,0.0,0.0,56.034,5.841,61.875,37150,200.0,warm,1,1,,,synthetic,NORMAL
,shop.example,https://shop.example/,8,3742.689,0.0,0.0,0.0,0.0,3742.689,0,,cold,0,0,DNS,,synthetic,DNS_PROBLEM
,api.example,https://api.example/,17,13.418,13.386,48.751,85.67,1.559,162.785,18807,200.0,cold,0,1,,,synthetic,NORMAL
,cdn-far.example,https://cdn-far.example/,11,20.702,48.19,143.023,369.356,26.044,607.315,311342,200.0,cold,0,1,,,synthetic,HTTP_PROBLEM
,media.example,https://media.example/,18,0.0,53.23,782.659,72.279,141.541,1049.709,2168992,200.0,warm,0,1,,,synthetic,TLS_PROBLEM
,legacy.example,https://legacy.example/,16,30.541,5644.385,0.0,0.0,0.0,5674.926,0,,cold,0,0,CONNECT,,synthetic,CONNECT_PROBLEM
,cdn-far.example,https://cdn-far.example/,4,0.0,4711.774,0.0,0.0,0.0,4711.774,0,,warm,0,0,CONNECT,,synthetic,CONNECT_PROBLEM
,cdn-far.example,https://cdn-far.example/,23,17.221,176.576,163.194,77.871,8.566,443.428,56480,200.0,cold,0,1,,,synthetic,NORMAL
,api.example,https://api.example/,22,201.943,22.055,56.47,142.327,6.685,429.48,47310,200.0,cold,0,1,,,synthetic,DNS_PROBLEM
,shop.example,https://shop.example/,11,0.0,28.386,73.862,218.733,58.456,379.437,573759,200.0,warm,0,1,,,synthetic,NORMAL
,legacy.example,https://legacy.example/,0,27.192,130.934,913.491,329.029,12.476,1413.121,191024,200.0,cold,0,1,,,synthetic,TLS_PROBLEM
,legacy.example,https://legacy.example/,21,0.0,435.674,214.213,725.807,175.967,1551.661,591126,200.0,warm,0,1,,,synthetic,CONNECT_PROBLEM
,api.example,https://api.example/,2,0.0,6848.693,0.0,0.0,0.0,6848.693,0,,warm,0,0,CONNECT,,synthetic,CONNECT_PROBLEM
,cdn-far.example,https://cdn-far.example/,18,13.152,99.046,2925.842,0.0,0.0,3038.04,0,,cold,0,0,TLS,,synthetic,TLS_PROBLEM
,cdn-near.example,https://cdn-near.example/,22,0.0,0.0,0.0,47.23,5.897,53.127,42198,200.0,warm,1,1,,,synthetic,NORMAL
,api.example,https://api.example/,11,0.0,220.274,20.677,81.731,5.095,327.778,33166,200.0,warm,0,1,,,synthetic,CONNECT_PROBLEM
,shop.example,https://shop.example/,11,6.638,40.956,69.438,297.663,66.401,481.096,574776,200.0,cold,0,1,,,synthetic,NORMAL
,cdn-near.example,https://cdn-near.example/,16,0.0,6.54,27.08,55.102,6.778,95.5,57391,200.0,warm,0,1,,,synthetic,NORMAL
,shop.example,https://shop.example/,21,0.0,44.571,185.143,186.289,59.391,475.395,265961,200.0,warm,0,1,,,synthetic,NORMAL
,cdn-far.example,https://cdn-far.example/,12,0.0,144.141,215.351,72.112,11.701,443.306,73160,200.0,warm,0,1,,,synthetic,NORMAL
,api.example,https://api.example/,17,0.0,33.418,91.374,98.479,0.672,223.943,12101,200.0,warm,0,1,,,synthetic,NORMAL
,media.example,https://media.example/,6,15.862,47.457,65.405,1130.091,171.442,1430.257,1822174,200.0,cold,0,1,,,synthetic,HTTP_PROBLEM
,shop.example,https://shop.example/,16,20.939,40.466,57.433,153.519,85.635,357.993,360342,200.0,cold,0,1,,,synthetic,NORMAL
,cdn-far.example,https://cdn-far.example/,16,0.0,101.417,436.535,58.566,29.562,626.08,220800,200.0,warm,0,1,,,synthetic,NORMAL
,media.example,https://media.example/,12,20.321,82.042,102.798,1819.141,250.47,2274.772,2113439,200.0,cold,0,1,,,synthetic,HTTP_PROBLEM
,cdn-far.example,https://cdn-far.example/,15,13.889,47.936,1140.726,43.198,16.02,1261.769,166567,200.0,cold,0,1,,,synthetic,TLS_PROBLEM
,legacy.example,https://legacy.example/,3,0.0,66.477,191.506,173.845,5.929,437.756,140392,200.0,warm,0,1,,,synthetic,TLS_PROBLEM
,api.example,https://api.example/,0,0.0,244.084,92.235,162.066,6.189,504.574,23272,200.0,warm,0,1,,,synthetic,CONNECT_PROBLEM
,cdn-near.example,https://cdn-near.example/,9,13.91,15.908,94.729,496.123,0.606,621.277,2323,502.0,cold,0,0,HTTP,,synthetic,HTTP_PROBLEM
,shop.example,https://shop.example/,11,0.0,43.908,44.736,2640.308,25.452,2754.404,230560,200.0,warm,0,1,,,synthetic,HTTP_PROBLEM
,shop.example,https://shop.example/,0,0.0,31.26,31.456,1442.052,25.312,1530.081,399389,200.0,warm,0,1,,,synthetic,HTTP_PROBLEM
,cdn-far.example,https://cdn-far.example/,12,0.0,72.168,87.337,374.83,40.424,574.759,377007,200.0,warm,0,1,,,synthetic,HTTP_PROBLEM
,api.example,https://api.example/,17,0.0,5414.991,0.0,0.0,0.0,5414.991,0,,warm,0,0,CONNECT,,synthetic,CONNECT_PROBLEM
,legacy.example,https://legacy.example/,19,0.0,0.0,0.0,449.514,114.872,564.385,350153,200.0,warm,1,1,,,synthetic,NORMAL
,shop.example,https://shop.example/,0,12.615,52.575,87.494,340.863,54.461,548.008,491521,200.0,cold,0,1,,,synthetic,NORMAL
,api.example,https://api.example/,6,0.0,274.51,60.792,133.498,3.946,472.746,39949,200.0,warm,0,1,,,synthetic,CONNECT_PROBLEM
,media.example,https://media.example/,17,0.0,49.385,40.393,51.957,47.964,189.699,722187,200.0,warm,0,1,,,synthetic,NORMAL
,shop.example,https://shop.example/,18,21.976,33.568,62.63,113.744,50.659,282.577,706265,200.0,cold,0,1,,,synthetic,NORMAL
,media.example,https://media.example/,2,6904.602,0.0,0.0,0.0,0.0,6904.602,0,,cold,0,0,DNS,,synthetic,DNS_PROBLEM
,api.example,https://api.example/,11,0.0,0.0,0.0,29.254,1.424,30.678,24692,200.0,warm,1,1,,,synthetic,NORMAL
,cdn-far.example,https://cdn-far.example/,17,0.0,0.0,0.0,51.714,16.028,67.742,255067,200.0,warm,1,1,,,synthetic,NORMAL
,shop.example,https://shop.example/,0,97.905,39.47,62.584,105.025,36.606,341.59,479843,200.0,cold,0,1,,,synthetic,DNS_PROBLEM
,legacy.example,https://legacy.example/,1,0.0,63.239,79.77,293.908,24.467,461.384,171265,200.0,warm,0,1,,,synthetic,NORMAL
,shop.example,https://shop.example/,18,21.153,37.862,40.423,228.21,47.723,375.372,639588,200.0,cold,0,1,,,synthetic,NORMAL
,api.example,https://api.example/,6,0.0,5.162,31.401,104.515,1.423,142.501,25692,200.0,warm,0,1,,,synthetic,NORMAL
,cdn-far.example,https://cdn-far.example/,6,16.904,73.758,102.881,79.483,39.44,312.466,560749,200.0,cold,0,1,,,synthetic,NORMAL
,cdn-far.example,https://cdn-far.example/,17,0.0,239.408,163.419,74.533,18.477,495.836,129744,200.0,warm,0,1,,,synthetic,CONNECT_PROBLEM
,cdn-near.example,https://cdn-near.example/,19,0.0,8.812,59.704,55.993,15.885,140.394,112308,200.0,warm,0,1,,,synthetic,NORMAL
,api.example,https://api.example/,13,0.0,26.303,102.614,57.824,7.468,194.208,50791,200.0,warm,0,1,,,synthetic,NORMAL
,cdn-near.example,https://cdn-near.example/,13,126.996,8.292,46.245,165.718,17.011,364.261,113657,200.0,cold,0,1,,,synthetic,DNS_PROBLEM
,legacy.example,https://legacy.example/,5,38.362,81.403,200.108,542.852,32.684,895.41,380599,200.0,cold,0,1,,,synthetic,NORMAL
,shop.example,https://shop.example/,4,13.103,55.075,39.644,1411.209,137.644,1656.676,904559,200.0,cold,0,1,,,synthetic,HTTP_PROBLEM
,cdn-near.example,https://cdn-near.example/,22,10.868,0.0,0.0,123.002,10.505,144.375,75673,200.0,cold,1,1,,,synthetic,NORMAL
,shop.example,https://shop.example/,12,4572.506,0.0,0.0,0.0,0.0,4572.506,0,,cold,0,0,DNS,,synthetic,DNS_PROBLEM
,cdn-near.example,https://cdn-near.example/,2,0.0,7.781,46.67,1119.084,0.352,1173.887,2628,500.0,warm,0,0,HTTP,,synthetic,HTTP_PROBLEM
,legacy.example,https://legacy.example/,12,207.327,55.436,95.886,348.264,14.304,721.216,114650,200.0,cold,0,1,,,synthetic,DNS_PROBLEM
,cdn-far.example,https://cdn-far.example/,1,210.646,80.452,254.688,48.674,15.883,610.343,131147,200.0,cold,0,1,,,synthetic,DNS_PROBLEM
,cdn-far.example,https://cdn-far.example/,16,222.195,97.669,175.27,85.66,20.351,601.145,162268,200.0,cold,0,1,,,synthetic,DNS_PROBLEM
,media.example,https://media.example/,18,31.319,5034.454,0.0,0.0,0.0,5065.773,0,,cold,0,0,CONNECT,,synthetic,CONNECT_PROBLEM
,shop.example,https://shop.example/,10,19.329,35.93,237.883,279.44,48.055,620.637,516274,200.0,cold,0,1,,,synthetic,NORMAL
,cdn-far.example,https://cdn-far.example/,13,221.434,86.883,179.991,102.354,14.803,605.465,104987,200.0,cold,0,1,,,synthetic,DNS_PROBLEM
,legacy.example,https://legacy.example/,11,71.013,128.244,93.382,350.717,22.668,666.023,190051,200.0,cold,0,1,,,synthetic,NORMAL
,shop.example,https://shop.example/,23,0.0,15.918,103.744,294.506,45.661,459.829,382606,200.0,warm,0,1,,,synthetic,NORMAL
,shop.example,https://shop.example/,20,0.0,44.339,85.665,218.747,64.162,412.914,523631,200.0,warm,0,1,,,synthetic,NORMAL
,api.example,https://api.example/,4,10.03,16.553,61.35,95.013,13.872,196.817,68701,200.0,cold,0,1,,,synthetic,NORMAL
,cdn-far.example,https://cdn-far.example/,22,4772.791,0.0,0.0,0.0,0.0,4772.791,0,,cold,0,0,DNS,,synthetic,DNS_PROBLEM
,cdn-far.example,https://cdn-far.example/,3,194.633,151.875,187.301,56.868,14.939,605.616,138895,200.0,cold,0,1,,,synthetic,DNS_PROBLEM
,media.example,https://media.example/,18,9.831,56.882,91.088,101.839,263.78,523.42,1776490,200.0,cold,0,1,,,synthetic,NORMAL
,cdn-near.example,https://cdn-near.example/,22,0.0,9.563,28.773,434.585,13.318,486.239,48858,200.0,warm,0,1,,,synthetic,HTTP_PROBLEM
,shop.example,https://shop.example/,16,231.599,28.331,93.816,119.927,36.736,510.409,235069,200.0,cold,0,1,,,synthetic,DNS_PROBLEM
,shop.example,https://shop.example/,4,17.589,31.143,95.659,222.563,67.153,434.108,493094,200.0,cold,0,1,,,synthetic,NORMAL
,media.example,https://media.example/,13,0.0,58.97,113.566,67.329,125.884,365.748,1385180,200.0,warm,0,1,,,synthetic,NORMAL
,media.example,https://media.example/,8,0.0,172.085,337.93,183.292,747.738,1441.044,2202899,200.0,warm,0,1,,,synthetic,NORMAL
,cdn-near.example,https://cdn-near.example/,6,16.267,3.68,28.829,29.968,6.736,85.481,75091,200.0,cold,0,1,,,synthetic,NORMAL
,legacy.example,https://legacy.example/,8,0.0,6519.564,0.0,0.0,0.0,6519.564,0,,warm,0,0,CONNECT,,synthetic,CONNECT_PROBLEM
,cdn-far.example,https://cdn-far.example/,1,0.0,63.039,241.01,60.207,15.856,380.112,120016,200.0,warm,0,1,,,synthetic,NORMAL
,shop.example,https://shop.example/,2,28.735,0.0,0.0,146.82,77.815,253.37,1009307,200.0,cold,1,1,,,synthetic,NORMAL
,cdn-far.example,https://cdn-far.example/,12,0.0,71.53,184.041,133.628,12.966,402.164,162546,200.0,warm,0,1,,,synthetic,NORMAL
,legacy.example,https://legacy.example/,17,0.0,479.12,111.237,384.703,72.59,1047.65,297078,200.0,warm,0,1,,,synthetic,CONNECT_PROBLEM
,cdn-far.example,https://cdn-far.example/,16,0.0,0.0,0.0,71.235,7.998,79.233,93854,200.0,warm,1,1,,,synthetic,NORMAL
,cdn-near.example,https://cdn-near.example/,4,6.93,15.311,106.889,35.205,16.494,180.83,113333,200.0,cold,0,1,,,synthetic,TLS_PROBLEM
,legacy.example,https://legacy.example/,7,0.0,74.264,2240.125,0.0,0.0,2314.389,0,,warm,0,0,TLS,,synthetic,TLS_PROBLEM
,legacy.example,https://legacy.example/,11,0.0,0.0,0.0,205.535,20.266,225.801,189092,200.0,warm,1,1,,,synthetic,NORMAL
,api.example,https://api.example/,16,10.971,14.094,62.951,82.816,3.285,174.116,24355,200.0,cold,0,1,,,synthetic,NORMAL
,api.example,https://api.example/,1,11.095,13.041,32.732,1484.063,0.235,1541.166,2504,500.0,cold,0,0,HTTP,,synthetic,HTTP_PROBLEM
,legacy.example,https://legacy.example/,2,0.0,73.242,157.174,655.25,10.442,896.108,149998,200.0,warm,0,1,,,synthetic,NORMAL
,shop.example,https://shop.example/,0,0.0,18.894,70.006,242.494,34.741,366.135,380519,200.0,warm,0,1,,,synthetic,NORMAL
,cdn-near.example,https://cdn-near.example/,7,0.0,6.022,28.479,43.916,6.45,84.867,74738,200.0,warm,0,1,,,synthetic,NORMAL
,cdn-far.example,https://cdn-far.example/,10,0.0,79.549,4765.409,0.0,0.0,4844.958,0,,warm,0,0,TLS,,synthetic,TLS_PROBLEM
,api.example,https://api.example/,20,0.0,48.525,768.463,168.663,3.256,988.907,22199,200.0,warm,0,1,,,synthetic,TLS_PROBLEM
,media.example,https://media.example/,9,7.429,0.0,0.0,127.996,261.591,397.016,1938684,200.0,cold,1,1,,,synthetic,NORMAL
,cdn-far.example,https://cdn-far.example/,3,23.058,4407.568,0.0,0.0,0.0,4430.626,0,,cold,0,0,CONNECT,,synthetic,CONNECT_PROBLEM
,api.example,https://api.example/,15,0.0,0.0,0.0,770.363,5.547,775.91,82992,200.0,warm,1,1,,,synthetic,HTTP_PROBLEM
,shop.example,https://shop.example/,23,10.114,0.0,0.0,218.128,52.943,281.185,422227,200.0,cold,1,1,,,synthetic,NORMAL
,cdn-far.example,https://cdn-far.example/,4,19.69,147.068,3004.121,0.0,0.0,3170.878,0,,cold,0,0,TLS,,synthetic,TLS_PROBLEM
,cdn-near.example,https://cdn-near.example/,9,0.0,0.0,0.0,61.062,42.339,103.401,146171,200.0,warm,1,1,,,synthetic,NORMAL
,cdn-far.example,https://cdn-far.example/,19,0.0,231.837,256.427,158.926,18.16,665.349,85051,200.0,warm,0,1,,,synthetic,NORMAL
,cdn-near.example,https://cdn-near.example/,12,0.0,5.976,24.113,41.02,6.768,77.877,66168,200.0,warm,0,1,,,synthetic,NORMAL
,legacy.example,https://legacy.example/,4,0.0,51.112,822.077,175.115,26.657,1074.961,300762,200.0,warm,0,1,,,synthetic,TLS_PROBLEM
,cdn-near.example,https://cdn-near.example/,20,16.936,191.856,46.17,44.698,23.87,323.529,128430,200.0,cold,0,1,,,synthetic,CONNECT_PROBLEM
,shop.example,https://shop.example/,21,0.0,60.875,655.905,400.076,67.146,1184.002,507187,200.0,warm,0,1,,,synthetic,TLS_PROBLEM
,cdn-far.example,https://cdn-far.example/,11,25.025,160.097,286.718,74.536,23.501,569.878,110801,200.0,cold,0,1,,,synthetic,NORMAL
,cdn-near.example,https://cdn-near.example/,22,9.841,0.0,0.0,1024.58,32.21,1066.63,136149,200.0,cold,1,1,,,synthetic,HTTP_PROBLEM
,shop.example,https://shop.example/,16,0.0,0.0,0.0,252.702,74.548,327.25,770070,200.0,warm,1,1,,,synthetic,NORMAL
,media.example,https://media.example/,14,30.866,0.0,0.0,635.056,152.384,818.305,1968703,200.0,cold,1,1,,,synthetic,HTTP_PROBLEM
,media.example,https://media.example/,12,13.472,21.594,91.202,191.94,386.965,705.173,3471572,200.0,cold,0,1,,,synthetic,NORMAL
,api.example,https://api.example/,23,4707.783,0.0,0.0,0.0,0.0,4707.783,0,,cold,0,0,DNS,,synthetic,DNS_PROBLEM
,legacy.example,https://legacy.example/,11,32.557,0.0,0.0,408.26,22.302,463.119,246765,200.0,cold,1,1,,,synthetic,NORMAL
,cdn-far.example,https://cdn-far.example/,11,24.718,156.511,306.079,108.037,23.591,618.935,129272,200.0,cold,0,1,,,synthetic,NORMAL
,api.example,https://api.example/,14,18.819,19.817,21.829,67.949,2.542,130.957,32216,200.0,cold,0,1,,,synthetic,NORMAL
,media.example,https://media.example/,13,0.0,20.973,85.675,106.144,45.512,258.303,980078,200.0,warm,0,1,,,synthetic,NORMAL
,media.example,https://media.example/,18,11.875,0.0,0.0,218.487,183.947,414.309,1438836,200.0,cold,1,1,,,synthetic,NORMAL
,shop.example,https://shop.example/,20,9.317,8130.124,0.0,0.0,0.0,8139.442,0,,cold,0,0,CONNECT,,synthetic,CONNECT_PROBLEM
,legacy.example,https://legacy.example/,8,73.48,211.964,1926.281,799.376,13.17,3024.271,65761,200.0,cold,0,1,,,synthetic,TLS_PROBLEM
,api.example,https://api.example/,0,0.0,333.476,78.919,76.323,4.908,493.626,33222,200.0,warm,0,1,,,synthetic,CONNECT_PROBLEM
,cdn-far.example,https://cdn-far.example/,13,0.0,0.0,0.0,40.116,27.377,67.493,368044,200.0,warm,1,1,,,synthetic,NORMAL
,cdn-far.example,https://cdn-far.example/,13,32.345,0.0,0.0,38.297,6.748,77.391,58670,200.0,cold,1,1,,,synthetic,NORMAL
,legacy.example,https://legacy.example/,4,227.842,41.652,171.578,184.065,68.428,693.565,365641,200.0,cold,0,1,,,synthetic,DNS_PROBLEM
,media.example,https://media.example/,4,0.0,40.07,98.952,60.801,183.698,383.521,1607705,200.0,warm,0,1,,,synthetic,NORMAL
,shop.example,https://shop.example/,19,0.0,0.0,0.0,750.076,37.399,787.475,271686,200.0,warm,1,1,,,synthetic,NORMAL
,shop.example,https://shop.example/,2,0.0,30.526,68.186,853.063,43.612,995.387,384327,200.0,warm,0,1,,,synthetic,HTTP_PROBLEM
,shop.example,https://shop.example/,9,23.38,82.184,117.889,217.416,76.44,517.309,528052,200.0,cold,0,1,,,synthetic,NORMAL
,legacy.example,https://legacy.example/,3,22.42,63.596,93.241,311.629,57.242,548.128,331317,200.0,cold,0,1,,,synthetic,NORMAL
,api.example,https://api.example/,7,23.454,0.0,0.0,120.344,2.115,145.912,14026,200.0,cold,1,1,,,synthetic,NORMAL
,api.example,https://api.example/,19,0.0,24.325,46.778,697.166,0.196,768.465,1916,502.0,warm,0,0,HTTP,,synthetic,HTTP_PROBLEM
,cdn-near.example,https://cdn-near.example/,13,0.0,0.0,0.0,26.132,6.979,33.111,92769,200.0,warm,1,1,,,synthetic,NORMAL
,cdn-far.example,https://cdn-far.example/,7,24.641,0.0,0.0,121.141,17.832,163.614,108937,200.0,cold,1,1,,,synthetic,NORMAL
,cdn-far.example,https://cdn-far.example/,13,15.058,112.974,383.111,55.162,18.765,585.071,126847,200.0,cold,0,1,,,synthetic,NORMAL
,cdn-far.example,https://cdn-far.example/,22,0.0,683.834,364.209,95.041,65.809,1208.892,359428,200.0,warm,0,1,,,synthetic,CONNECT_PROBLEM
,shop.example,https://shop.example/,7,0.0,41.959,56.878,301.654,50.576,451.066,467472,200.0,warm,0,1,,,synthetic,NORMAL
,media.example,https://media.example/,21,0.0,43.301,205.186,865.915,0.431,1114.833,1825,502.0,warm,0,0,HTTP,,synthetic,HTTP_PROBLEM
,media.example,https://media.example/,20,283.325,24.368,275.26,142.849,1237.409,1963.211,6310667,200.0,cold,0,1,,,synthetic,DNS_PROBLEM
,cdn-far.example,https://cdn-far.example/,9,22.855,5824.763,0.0,0.0,0.0,5847.617,0,,cold,0,0,CONNECT,,synthetic,CONNECT_PROBLEM
,cdn-near.example,https://cdn-near.example/,1,150.672,11.99,21.569,43.967,11.968,240.165,148529,200.0,cold,0,1,,,synthetic,DNS_PROBLEM
,shop.example,https://shop.example/,19,14.453,103.249,139.114,362.021,179.216,798.054,934411,200.0,cold,0,1,,,synthetic,NORMAL
,legacy.example,https://legacy.example/,21,0.0,111.877,411.142,335.911,20.713,879.643,131959,200.0,warm,0,1,,,synthetic,NORMAL
,legacy.example,https://legacy.example/,23,0.0,70.135,1421.236,657.354,29.56,2178.284,171489,200.0,warm,0,1,,,synthetic,TLS_PROBLEM
,cdn-near.example,https://cdn-near.example/,10,6.875,5.649,33.662,45.632,10.369,102.186,124372,200.0,cold,0,1,,,synthetic,NORMAL
,shop.example,https://shop.example/,14,12.799,31.611,115.177,314.623,34.184,508.393,685192,200.0,cold,0,1,,,synthetic,NORMAL
,cdn-far.example,https://cdn-far.example/,15,0.0,84.95,147.426,48.804,6.446,287.625,79436,200.0,warm,0,1,,,synthetic,NORMAL
,legacy.example,https://legacy.example/,4,45.888,67.911,102.38,148.139,54.026,418.344,378988,200.0,cold,0,1,,,synthetic,NORMAL
,cdn-far.example,https://cdn-far.example/,22,32.493,134.789,314.431,51.304,25.5,558.516,81792,200.0,cold,0,1,,,synthetic,NORMAL
,api.example,https://api.example/,5,0.0,24.384,135.585,875.12,0.293,1035.382,1209,503.0,warm,0,0,HTTP,,synthetic,HTTP_PROBLEM
,shop.example,https://shop.example/,4,23.626,28.588,869.27,147.25,249.3,1318.034,2441110,200.0,cold,0,1,,,synthetic,TLS_PROBLEM
,shop.example,https://shop.example/,18,0.0,16.005,54.581,190.41,185.398,446.394,1685073,200.0,warm,0,1,,,synthetic,NORMAL
,shop.example,https://shop.example/,6,15.174,67.514,86.312,129.454,53.706,352.16,443276,200.0,cold,0,1,,,synthetic,NORMAL
,legacy.example,https://legacy.example/,16,0.0,68.782,162.957,286.796,18.76,537.295,294728,200.0,warm,0,1,,,synthetic,NORMAL
,cdn-near.example,https://cdn-near.example/,5,12.513,6.26,30.882,43.2,9.031,101.887,101598,200.0,cold,0,1,,,synthetic,NORMAL
,shop.example,https://shop.example/,18,21.072,24.56,109.11,246.136,71.414,472.293,781505,200.0,cold,0,1,,,synthetic,NORMAL
,api.example,https://api.example/,10,0.0,18.324,2649.966,0.0,0.0,2668.289,0,,warm,0,0,TLS,,synthetic,TLS_PROBLEM
,shop.example,https://shop.example/,16,0.0,31.403,76.471,164.972,26.068,298.914,361748,200.0,warm,0,1,,,synthetic,NORMAL
,legacy.example,https://legacy.example/,2,33.581,0.0,0.0,297.516,49.646,380.742,524547,200.0,cold,1,1,,,synthetic,NORMAL
,shop.example,https://shop.example/,2,0.0,31.958,68.025,494.168,37.621,631.772,433191,200.0,warm,0,1,,,synthetic,NORMAL
,cdn-far.example,https://cdn-far.example/,21,0.0,118.366,234.093,171.507,41.461,565.426,108674,200.0,warm,0,1,,,synthetic,NORMAL
,media.example,https://media.example/,2,0.0,36.786,59.129,742.402,0.099,838.416,1180,503.0,warm,0,0,HTTP,,synthetic,HTTP_PROBLEM
,api.example,https://api.example/,16,14.736,18.358,65.926,1219.214,2.488,1320.721,13634,200.0,cold,0,1,,,synthetic,HTTP_PROBLEM
,api.example,https://api.example/,6,0.0,24.791,97.145,132.387,5.371,259.694,37215,200.0,warm,0,1,,,synthetic,NORMAL
,shop.example,https://shop.example/,19,0.0,0.0,0.0,2701.042,127.127,2828.169,511730,200.0,warm,1,1,,,synthetic,HTTP_PROBLEM
,cdn-far.example,https://cdn-far.example/,19,0.0,1948.25,892.323,200.395,58.657,3099.624,98551,200.0,warm,0,1,,,synthetic,CONNECT_PROBLEM
,media.example,https://media.example/,21,24.959,55.825,1417.888,98.058,565.554,2162.285,3244594,200.0,cold,0,1,,,synthetic,TLS_PROBLEM
,cdn-near.example,https://cdn-near.example/,6,0.0,3.848,15.848,41.884,4.357,65.936,99831,200.0,warm,0,1,,,synthetic,NORMAL
,media.example,https://media.example/,22,28.35,0.0,0.0,107.027,268.621,403.998,2011953,200.0,cold,1,1,,,synthetic,NORMAL
,cdn-near.example,https://cdn-near.example/,12,0.0,10.133,15.722,29.764,5.371,60.99,77060,200.0,warm,0,1,,,synthetic,NORMAL
,media.example,https://media.example/,16,15.908,38.034,1379.942,52.09,83.468,1569.441,1210064,200.0,cold,0,1,,,synthetic,TLS_PROBLEM
,media.example,https://media.example/,17,0.0,65.351,663.853,125.51,208.408,1063.122,1541160,200.0,warm,0,1,,,synthetic,TLS_PROBLEM
,cdn-far.example,https://cdn-far.example/,13,0.0,70.817,226.02,64.952,5.792,367.581,72067,200.0,warm,0,1,,,synthetic,NORMAL
,legacy.example,https://legacy.example/,6,4491.314,0.0,0.0,0.0,0.0,4491.314,0,,cold,0,0,DNS,,synthetic,DNS_PROBLEM
,legacy.example,https://legacy.example/,1,34.573,82.576,228.821,957.238,27.71,1330.918,205778,200.0,cold,0,1,,,synthetic,HTTP_PROBLEM
,cdn-near.example,https://cdn-near.example/,19,0.0,14.377,37.237,43.514,5.974,101.101,67921,200.0,warm,0,1,,,synthetic,NORMAL
,cdn-far.example,https://cdn-far.example/,16,14.446,744.899,426.878,142.904,27.285,1356.412,114404,200.0,cold,0,1,,,synthetic,CONNECT_PROBLEM
,shop.example,https://shop.example/,10,21.722,34.527,117.612,282.452,55.51,511.824,551117,200.0,cold,0,1,,,synthetic,NORMAL
,cdn-near.example,https://cdn-near.example/,21,0.0,90.46,62.737,60.529,30.604,244.33,154198,200.0,warm,0,1,,,synthetic,CONNECT_PROBLEM
,shop.example,https://shop.example/,3,7.942,64.06,2325.78,0.0,0.0,2397.782,0,,cold,0,0,TLS,,synthetic,TLS_PROBLEM
,shop.example,https://shop.example/,21,18.005,79.148,106.335,175.668,83.238,462.394,380687,200.0,cold,0,1,,,synthetic,NORMAL
,cdn-far.example,https://cdn-far.example/,21,0.0,67.733,170.353,1198.814,0.411,1437.31,2728,503.0,warm,0,0,HTTP,,synthetic,HTTP_PROBLEM
,shop.example,https://shop.example/,21,15.045,64.743,124.144,403.808,131.421,739.161,1038682,200.0,cold,0,1,,,synthetic,NORMAL
,shop.example,https://shop.example/,16,0.0,53.882,113.472,244.614,56.047,468.016,467850,200.0,warm,0,1,,,synthetic,NORMAL
,shop.example,https://shop.example/,13,0.0,0.0,0.0,162.694,191.973,354.666,1221887,200.0,warm,1,1,,,synthetic,NORMAL
,cdn-near.example,https://cdn-near.example/,14,8.55,15.397,33.908,70.125,23.762,151.742,184192,200.0,cold,0,1,,,synthetic,NORMAL
,cdn-near.example,https://cdn-near.example/,17,10.077,7.198,29.412,94.993,3.467,145.147,36836,200.0,cold,0,1,,,synthetic,NORMAL
,shop.example,https://shop.example/,3,0.0,33.286,111.029,291.745,91.225,527.286,800897,200.0,warm,0,1,,,synthetic,NORMAL
,cdn-far.example,https://cdn-far.example/,21,25.619,178.806,2297.976,0.0,0.0,2502.401,0,,cold,0,0,TLS,,synthetic,TLS_PROBLEM
,cdn-far.example,https://cdn-far.example/,10,0.0,75.505,342.387,1594.239,0.452,2012.583,1952,503.0,warm,0,0,HTTP,,synthetic,HTTP_PROBLEM
,legacy.example,https://legacy.example/,1,193.351,49.204,84.11,405.779,58.03,790.474,442582,200.0,cold,0,1,,,synthetic,DNS_PROBLEM
,cdn-near.example,https://cdn-near.example/,1,8.682,12.173,28.175,52.99,6.03,108.049,42460,200.0,cold,0,1,,,synthetic,NORMAL
,api.example,https://api.example/,0,0.0,103.596,88.969,55.466,4.276,252.307,35805,200.0,warm,0,1,,,synthetic,CONNECT_PROBLEM
,legacy.example,https://legacy.example/,14,41.615,67.744,719.59,242.659,44.572,1116.18,661731,200.0,cold,0,1,,,synthetic,TLS_PROBLEM
,legacy.example,https://legacy.example/,22,62.771,107.294,1036.2,354.159,59.26,1619.685,356889,200.0,cold,0,1,,,synthetic,TLS_PROBLEM
,legacy.example,https://legacy.example/,3,6536.389,0.0,0.0,0.0,0.0,6536.389,0,,cold,0,0,DNS,,synthetic,DNS_PROBLEM
,api.example,https://api.example/,17,0.0,37.647,66.689,537.244,2.062,643.643,24032,200.0,warm,0,1,,,synthetic,HTTP_PROBLEM
,cdn-far.example,https://cdn-far.example/,18,26.76,0.0,0.0,1505.637,36.375,1568.771,181921,200.0,cold,1,1,,,synthetic,HTTP_PROBLEM
,shop.example,https://shop.example/,3,0.0,0.0,0.0,960.478,0.145,960.624,2232,502.0,warm,1,0,HTTP,,synthetic,HTTP_PROBLEM
,media.example,https://media.example/,2,0.0,21.152,148.758,74.311,144.853,389.073,1617358,200.0,warm,0,1,,,synthetic,NORMAL
,media.example,https://media.example/,22,21.756,451.648,250.391,58.008,448.487,1230.289,1374894,200.0,cold,0,1,,,synthetic,CONNECT_PROBLEM
,shop.example,https://shop.example/,8,0.0,43.936,58.51,2351.532,73.844,2527.822,663172,200.0,warm,0,1,,,synthetic,HTTP_PROBLEM
,media.example,https://media.example/,2,16.558,53.496,58.907,774.572,122.382,1025.916,1007393,200.0,cold,0,1,,,synthetic,HTTP_PROBLEM
,shop.example,https://shop.example/,11,0.0,47.904,145.237,525.418,73.614,792.174,387188,200.0,warm,0,1,,,synthetic,NORMAL
,cdn-far.example,https://cdn-far.example/,11,0.0,0.0,0.0,888.671,24.962,913.633,188535,200.0,warm,1,1,,,synthetic,HTTP_PROBLEM
,legacy.example,https://legacy.example/,14,46.964,46.122,163.632,3313.22,55.761,3625.699,547339,200.0,cold,0,1,,,synthetic,HTTP_PROBLEM
,media.example,https://media.example/,6,0.0,22.338,36.461,79.044,385.1,522.943,5880362,200.0,warm,0,1,,,synthetic,NORMAL
,api.example,https://api.example/,13,13.862,19.276,61.729,123.099,2.385,220.351,21631,200.0,cold,0,1,,,synthetic,NORMAL
,cdn-far.example,https://cdn-far.example/,23,0.0,708.636,244.001,55.018,85.575,1093.23,328832,200.0,warm,0,1,,,synthetic,CONNECT_PROBLEM
,legacy.example,https://legacy.example/,12,0.0,80.47,125.806,399.516,47.729,653.52,486624,200.0,warm,0,1,,,synthetic,NORMAL
,api.example,https://api.example/,0,0.0,23.777,85.553,89.821,1.379,200.531,13130,200.0,warm,0,1,,,synthetic,NORMAL
,shop.example,https://shop.example/,12,25.744,11.589,59.454,2477.081,38.402,2612.269,451864,200.0,cold,0,1,,,synthetic,HTTP_PROBLEM
,legacy.example,https://legacy.example/,6,0.0,43.859,95.087,480.329,40.371,659.645,311321,200.0,warm,0,1,,,synthetic,NORMAL
,shop.example,https://shop.example/,1,15.873,0.0,0.0,145.547,52.498,213.919,575401,200.0,cold,1,1,,,synthetic,NORMAL
,cdn-far.example,https://cdn-far.example/,10,18.153,0.0,0.0,295.573,28.979,342.704,243200,200.0,cold,1,1,,,synthetic,HTTP_PROBLEM
,legacy.example,https://legacy.example/,18,29.71,642.348,124.81,307.402,50.503,1154.773,178262,200.0,cold,0,1,,,synthetic,CONNECT_PROBLEM
,media.example,https://media.example/,8,17.034,389.12,308.077,104.64,628.283,1447.154,1286110,200.0,cold,0,1,,,synthetic,CONNECT_PROBLEM
,cdn-far.example,https://cdn-far.example/,10,0.0,72.693,315.534,88.009,36.57,512.807,198540,200.0,warm,0,1,,,synthetic,NORMAL
,cdn-near.example,https://cdn-near.example/,10,24.594,33.34,41.392,17.053,36.229,152.608,128744,200.0,cold,0,1,,,synthetic,CONNECT_PROBLEM
,api.example,https://api.example/,4,17.447,9.482,33.384,819.219,0.125,879.657,1226,502.0,cold,0,0,HTTP,,synthetic,HTTP_PROBLEM
,legacy.example,https://legacy.example/,17,86.941,0.0,0.0,412.189,88.503,587.634,530845,200.0,cold,1,1,,,synthetic,NORMAL
,cdn-near.example,https://cdn-near.example/,20,0.0,9.392,48.16,89.589,7.406,154.547,61025,200.0,warm,0,1,,,synthetic,NORMAL
,media.example,https://media.example/,19,36.841,82.596,234.316,78.836,195.824,628.412,1729949,200.0,cold,0,1,,,synthetic,NORMAL
,cdn-near.example,https://cdn-near.example/,19,8.497,0.0,0.0,154.476,22.836,185.809,126400,200.0,cold,1,1,,,synthetic,NORMAL
,legacy.example,https://legacy.example/,5,0.0,78.115,103.361,192.834,59.127,433.436,320422,200.0,warm,0,1,,,synthetic,NORMAL
,media.example,https://media.example/,1,0.0,834.006,88.299,82.443,123.362,1128.11,908543,200.0,warm,0,1,,,synthetic,CONNECT_PROBLEM
,cdn-near.example,https://cdn-near.example/,23,9.588,25.235,56.846,82.647,18.574,192.89,96835,200.0,cold,0,1,,,synthetic,NORMAL
,cdn-near.example,https://cdn-near.example/,12,0.0,10.425,27.581,30.584,3.887,72.477,66336,200.0,warm,0,1,,,synthetic,NORMAL
,shop.example,https://shop.example/,5,0.0,152.473,84.705,139.998,21.25,398.426,188556,200.0,warm,0,1,,,synthetic,CONNECT_PROBLEM
,cdn-near.example,https://cdn-near.example/,8,0.0,0.0,0.0,58.583,20.132,78.715,106090,200.0,warm,1,1,,,synthetic,NORMAL
,api.example,https://api.example/,2,0.0,33.021,134.163,265.927,2.772,435.883,22779,200.0,warm,0,1,,,synthetic,NORMAL
,legacy.example,https://legacy.example/,17,0.0,0.0,0.0,209.794,27.052,236.846,243646,200.0,warm,1,1,,,synthetic,NORMAL
,media.example,https://media.example/,9,0.0,60.294,296.709,123.859,350.937,831.799,1871178,200.0,warm,0,1,,,synthetic,NORMAL
,cdn-far.example,https://cdn-far.example/,20,49.043,245.37,334.407,220.525,14.918,864.264,109678,200.0,cold,0,1,,,synthetic,NORMAL
,cdn-far.example,https://cdn-far.example/,7,0.0,62.066,286.728,59.662,7.344,415.8,77067,200.0,warm,0,1,,,synthetic,NORMAL
,media.example,https://media.example/,5,16.545,35.308,667.705,71.342,265.35,1056.25,3210473,200.0,cold,0,1,,,synthetic,TLS_PROBLEM
,api.example,https://api.example/,10,0.0,31.984,40.472,135.19,2.024,209.67,14953,200.0,warm,0,1,,,synthetic,NORMAL
,cdn-far.example,https://cdn-far.example/,12,0.0,71.683,452.03,107.396,21.963,653.072,170396,200.0,warm,0,1,,,synthetic,NORMAL
,media.example,https://media.example/,23,0.0,0.0,0.0,174.513,350.687,525.201,2188437,200.0,warm,1,1,,,synthetic,NORMAL
,shop.example,https://shop.example/,6,0.0,66.079,77.507,186.185,139.593,469.364,980492,200.0,warm,0,1,,,synthetic,NORMAL
,cdn-far.example,https://cdn-far.example/,14,0.0,96.288,207.261,98.163,23.178,424.889,359622,200.0,warm,0,1,,,synthetic,NORMAL
,shop.example,https://shop.example/,23,0.0,70.422,159.527,1606.301,88.522,1924.773,789165,200.0,warm,0,1,,,synthetic,HTTP_PROBLEM
,shop.example,https://shop.example/,6,0.0,18.282,61.062,195.957,27.722,303.023,339578,200.0,warm,0,1,,,synthetic,NORMAL
,media.example,https://media.example/,8,0.0,616.981,168.29,83.374,328.499,1197.143,804627,200.0,warm,0,1,,,synthetic,CONNECT_PROBLEM
,api.example,https://api.example/,21,0.0,21.267,396.233,133.521,9.197,560.218,59768,200.0,warm,0,1,,,synthetic,TLS_PROBLEM
,media.example,https://media.example/,7,0.0,29.245,834.956,35.43,237.934,1137.566,1968470,200.0,warm,0,1,,,synthetic,TLS_PROBLEM
,api.example,https://api.example/,22,0.0,7464.593,0.0,0.0,0.0,7464.593,0,,warm,0,0,CONNECT,,synthetic,CONNECT_PROBLEM
,cdn-near.example,https://cdn-near.example/,3,0.0,8.646,40.992,78.487,10.469,138.594,82730,200.0,warm,0,1,,,synthetic,NORMAL
,media.example,https://media.example/,17,0.0,57.924,91.474,64.791,652.815,867.004,2287284,200.0,warm,0,1,,,synthetic,NORMAL
,cdn-near.example,https://cdn-near.example/,7,0.0,0.0,0.0,248.032,6.81,254.843,68431,200.0,warm,1,1,,,synthetic,HTTP_PROBLEM
,cdn-near.example,https://cdn-near.example/,16,0.0,9.964,3233.563,0.0,0.0,3243.527,0,,warm,0,0,TLS,,synthetic,TLS_PROBLEM
,media.example,https://media.example/,18,121.618,123.846,112.579,91.906,174.574,624.523,1567540,200.0,cold,0,1,,,synthetic,DNS_PROBLEM
,cdn-near.example,https://cdn-near.example/,21,0.0,81.809,54.1,34.189,25.423,195.521,79223,200.0,warm,0,1,,,synthetic,CONNECT_PROBLEM
,cdn-near.example,https://cdn-near.example/,19,0.0,11.479,41.969,33.652,32.401,119.501,129659,200.0,warm,0,1,,,synthetic,NORMAL
,api.example,https://api.example/,23,22.277,30.088,84.669,68.255,3.398,208.687,21841,200.0,cold,0,1,,,synthetic,NORMAL
,cdn-far.example,https://cdn-far.example/,0,453.859,115.871,103.047,36.324,3.582,712.683,45772,200.0,cold,0,1,,,synthetic,DNS_PROBLEM
,legacy.example,https://legacy.example/,15,44.913,458.31,120.776,273.063,72.297,969.361,288007,200.0,cold,0,1,,,synthetic,CONNECT_PROBLEM
,cdn-near.example,https://cdn-near.example/,15,158.096,8.327,63.371,62.987,14.524,307.305,81582,200.0,cold,0,1,,,synthetic,DNS_PROBLEM
,shop.example,https://shop.example/,17,15.815,30.913,62.051,3656.508,67.072,3832.359,668904,200.0,cold,0,1,,,synthetic,HTTP_PROBLEM
,api.example,https://api.example/,23,34.444,16.125,357.054,155.187,9.589,572.399,62010,200.0,cold,0,1,,,synthetic,TLS_PROBLEM
,cdn-far.example,https://cdn-far.example/,21,0.0,204.061,326.953,102.145,14.439,647.598,63046,200.0,warm,0,1,,,synthetic,NORMAL
,cdn-far.example,https://cdn-far.example/,18,0.0,0.0,0.0,41.708,14.092,55.8,150701,200.0,warm,1,1,,,synthetic,NORMAL
,cdn-near.example,https://cdn-near.example/,20,0.0,9.53,79.504,42.497,31.97,163.502,158180,200.0,warm,0,1,,,synthetic,NORMAL
,legacy.example,https://legacy.example/,22,0.0,0.0,0.0,2855.025,105.497,2960.522,399657,200.0,warm,1,1,,,synthetic,HTTP_PROBLEM
,legacy.example,https://legacy.example/,18,0.0,338.008,79.19,164.347,69.827,651.372,527881,200.0,warm,0,1,,,synthetic,CONNECT_PROBLEM
,cdn-near.example,https://cdn-near.example/,8,0.0,19.008,38.891,65.67,46.379,169.949,165432,200.0,warm,0,1,,,synthetic,NORMAL
,api.example,https://api.example/,21,0.0,21.119,868.087,140.794,5.818,1035.819,32262,200.0,warm,0,1,,,synthetic,TLS_PROBLEM
,shop.example,https://shop.example/,7,0.0,49.96,100.488,142.723,30.045,323.216,313196,200.0,warm,0,1,,,synthetic,NORMAL
,shop.example,https://shop.example/,6,0.0,17.322,89.116,823.616,27.089,957.143,350296,200.0,warm,0,1,,,synthetic,HTTP_PROBLEM
,api.example,https://api.example/,16,0.0,19.349,92.46,104.512,8.992,225.313,36240,200.0,warm,0,1,,,synthetic,NORMAL
,cdn-far.example,https://cdn-far.example/,23,0.0,163.305,282.155,132.722,28.903,607.085,213233,200.0,warm,0,1,,,synthetic,NORMAL
,shop.example,https://shop.example/,2,0.0,37.553,2459.721,0.0,0.0,2497.274,0,,warm,0,0,TLS,,synthetic,TLS_PROBLEM
,api.example,https://api.example/,13,0.0,0.0,0.0,144.801,3.151,147.952,16166,200.0,warm,1,1,,,synthetic,NORMAL
,api.example,https://api.example/,11,16.784,13.574,391.397,46.561,2.118,470.435,14773,200.0,cold,0,1,,,synthetic,TLS_PROBLEM
,media.example,https://media.example/,9,22.064,70.644,415.846,165.507,156.723,830.784,1073197,200.0,cold,0,1,,,synthetic,NORMAL
,cdn-far.example,https://cdn-far.example/,10,35.448,122.747,299.548,86.458,21.372,565.574,156273,200.0,cold,0,1,,,synthetic,NORMAL
,legacy.example,https://legacy.example/,12,39.715,0.0,0.0,395.159,52.588,487.463,391353,200.0,cold,1,1,,,synthetic,NORMAL
,cdn-near.example,https://cdn-near.example/,11,0.0,6.952,42.828,53.648,24.111,127.539,177370,200.0,warm,0,1,,,synthetic,NORMAL
,cdn-far.example,https://cdn-far.example/,10,28.938,146.331,1438.923,59.532,28.774,1702.498,212726,200.0,cold,0,1,,,synthetic,TLS_PROBLEM
,api.example,https://api.example/,2,0.0,17.593,93.852,124.549,1.082,237.075,16386,200.0,warm,0,1,,,synthetic,NORMAL
,shop.example,https://shop.example/,2,25.628,45.612,106.861,209.577,47.571,435.249,627702,200.0,cold,0,1,,,synthetic,NORMAL
,api.example,https://api.example/,21,13.442,32.05,2575.596,0.0,0.0,2621.088,0,,cold,0,0,TLS,,synthetic,TLS_PROBLEM
,cdn-near.example,https://cdn-near.example/,21,79.037,15.445,58.207,87.583,26.746,267.017,134683,200.0,cold,0,1,,,synthetic,DNS_PROBLEM
,api.example,https://api.example/,19,0.0,0.0,0.0,152.515,2.479,154.995,16209,200.0,warm,1,1,,,synthetic,NORMAL
,legacy.example,https://legacy.example/,4,361.727,133.767,791.316,666.441,65.564,2018.814,515929,200.0,cold,0,1,,,synthetic,DNS_PROBLEM
,cdn-far.example,https://cdn-far.example/,22,24.866,0.0,0.0,58.178,16.514,99.558,102513,200.0,cold,1,1,,,synthetic,NORMAL
,cdn-near.example,https://cdn-near.example/,17,7.63,6.585,54.209,161.346,10.952,240.723,114073,200.0,cold,0,1,,,synthetic,HTTP_PROBLEM
,api.example,https://api.example/,8,0.0,0.0,0.0,163.044,6.575,169.618,24452,200.0,warm,1,1,,,synthetic,NORMAL
,api.example,https://api.example/,12,0.0,16.166,34.671,91.024,4.34,146.201,21421,200.0,warm,0,1,,,synthetic,NORMAL
,cdn-near.example,https://cdn-near.example/,7,15.416,10.381,44.337,1236.775,19.335,1326.244,61015,200.0,cold,0,1,,,synthetic,HTTP_PROBLEM
,media.example,https://media.example/,22,0.0,746.169,113.228,79.996,270.109,1209.502,1261580,200.0,warm,0,1,,,synthetic,CONNECT_PROBLEM
,legacy.example,https://legacy.example/,4,0.0,31.071,96.802,274.994,17.231,420.1,263969,200.0,warm,0,1,,,synthetic,NORMAL
,media.example,https://media.example/,14,19.066,42.399,102.319,80.742,94.77,339.295,1206627,200.0,cold,0,1,,,synthetic,NORMAL
,api.example,https://api.example/,9,0.0,25.087,69.438,161.5,9.209,265.234,65530,200.0,warm,0,1,,,synthetic,NORMAL
,cdn-far.example,https://cdn-far.example/,17,0.0,0.0,0.0,59.48,24.436,83.917,200289,200.0,warm,1,1,,,synthetic,NORMAL
,cdn-far.example,https://cdn-far.example/,15,0.0,115.51,235.504,38.516,11.978,401.508,94629,200.0,warm,0,1,,,synthetic,NORMAL
,media.example,https://media.example/,21,0.0,66.938,181.417,96.062,117.965,462.382,1330014,200.0,warm,0,1,,,synthetic,NORMAL
,legacy.example,https://legacy.example/,9,0.0,0.0,0.0,4297.634,119.474,4417.108,312692,200.0,warm,1,1,,,synthetic,HTTP_PROBLEM
,api.example,https://api.example/,1,0.0,25.523,114.156,296.43,3.821,439.929,37166,200.0,warm,0,1,,,synthetic,NORMAL
,shop.example,https://shop.example/,22,0.0,64.137,72.836,377.059,70.482,584.514,246083,200.0,warm,0,1,,,synthetic,NORMAL
,cdn-far.example,https://cdn-far.example/,23,18.218,165.032,252.017,103.606,11.443,550.317,78817,200.0,cold,0,1,,,synthetic,NORMAL
,api.example,https://api.example/,8,11.921,0.0,0.0,107.457,3.957,123.335,23891,200.0,cold,1,1,,,synthetic,NORMAL
,cdn-near.example,https://cdn-near.example/,13,0.0,0.0,0.0,36.199,9.066,45.265,60371,200.0,warm,1,1,,,synthetic,NORMAL
,legacy.example,https://legacy.example/,18,0.0,154.313,165.289,337.977,40.246,697.824,243886,200.0,warm,0,1,,,synthetic,CONNECT_PROBLEM
,media.example,https://media.example/,22,157.0,82.384,229.0,110.535,210.162,789.08,1581983,200.0,cold,0,1,,,synthetic,DNS_PROBLEM
,legacy.example,https://legacy.example/,20,50.486,0.0,0.0,519.281,217.485,787.253,1100867,200.0,cold,1,1,,,synthetic,NORMAL
,media.example,https://media.example/,6,0.0,127.845,116.458,154.59,277.994,676.887,1454592,200.0,warm,0,1,,,synthetic,NORMAL
,shop.example,https://shop.example/,9,15.088,77.671,225.24,489.33,30.867,838.196,177545,200.0,cold,0,1,,,synthetic,NORMAL
,api.example,https://api.example/,23,0.0,18.124,72.698,146.584,8.878,246.284,43798,200.0,warm,0,1,,,synthetic,NORMAL
,api.example,https://api.example/,4,16.497,0.0,0.0,800.433,7.357,824.287,46631,200.0,cold,1,1,,,synthetic,HTTP_PROBLEM
,legacy.example,https://legacy.example/,17,42.978,33.225,155.082,338.944,43.502,613.731,480077,200.0,cold,0,1,,,synthetic,NORMAL
,shop.example,https://shop.example/,17,0.0,0.0,0.0,1276.619,0.259,1276.878,3251,503.0,warm,1,0,HTTP,,synthetic,HTTP_PROBLEM
,api.example,https://api.example/,2,0.0,8.716,63.723,156.335,2.947,231.72,48573,200.0,warm,0,1,,,synthetic,NORMAL
,api.example,https://api.example/,6,0.0,14.655,69.627,123.091,1.689,209.062,16754,200.0,warm,0,1,,,synthetic,NORMAL
,legacy.example,https://legacy.example/,7,0.0,62.958,308.582,438.906,0.175,810.621,1896,502.0,warm,0,0,HTTP,,synthetic,HTTP_PROBLEM
,api.example,https://api.example/,13,0.0,0.0,0.0,96.997,2.29,99.287,20843,200.0,warm,1,1,,,synthetic,NORMAL
,cdn-near.example,https://cdn-near.example/,13,13.15,7.563,72.479,42.921,9.891,146.004,80150,200.0,cold,0,1,,,synthetic,NORMAL
,media.example,https://media.example/,1,0.0,0.0,0.0,64.12,108.323,172.443,767943,200.0,warm,1,1,,,synthetic,NORMAL
,legacy.example,https://legacy.example/,9,77.309,93.135,221.642,511.844,115.747,1019.677,664737,200.0,cold,0,1,,,synthetic,NORMAL
,legacy.example,https://legacy.example/,16,0.0,62.417,182.928,957.882,0.237,1203.464,1712,503.0,warm,0,0,HTTP,,synthetic,HTTP_PROBLEM
,cdn-far.example,https://cdn-far.example/,20,148.376,232.523,404.702,145.102,30.962,961.664,160995,200.0,cold,0,1,,,synthetic,DNS_PROBLEM
,legacy.example,https://legacy.example/,7,0.0,80.622,223.933,200.242,38.501,543.298,323024,200.0,warm,0,1,,,synthetic,NORMAL
,cdn-far.example,https://cdn-far.example/,1,23.76,0.0,0.0,49.869,27.647,101.276,212763,200.0,cold,1,1,,,synthetic,NORMAL
,legacy.example,https://legacy.example/,15,24.527,0.0,0.0,3537.01,52.446,3613.984,316593,200.0,cold,1,1,,,synthetic,HTTP_PROBLEM
,cdn-near.example,https://cdn-near.example/,22,12.12,10.585,34.356,21.203,7.02,85.283,52202,200.0,cold,0,1,,,synthetic,NORMAL
,api.example,https://api.example/,3,14.898,103.512,57.892,80.833,5.454,262.59,39361,200.0,cold,0,1,,,synthetic,CONNECT_PROBLEM
,api.example,https://api.example/,16,7.234,41.027,60.233,172.809,1.094,282.397,9261,200.0,cold,0,1,,,synthetic,NORMAL
,media.example,https://media.example/,4,539.877,46.833,138.421,125.369,350.51,1201.009,1987228,200.0,cold,0,1,,,synthetic,DNS_PROBLEM
,media.example,https://media.example/,10,0.0,44.371,683.393,76.579,390.993,1195.336,2429287,200.0,warm,0,1,,,synthetic,TLS_PROBLEM
,cdn-far.example,https://cdn-far.example/,11,0.0,246.322,197.48,2237.268,0.251,2681.321,2166,502.0,warm,0,0,HTTP,,synthetic,HTTP_PROBLEM
,media.example,https://media.example/,8,0.0,0.0,0.0,770.592,0.338,770.931,1400,503.0,warm,1,0,HTTP,,synthetic,HTTP_PROBLEM
,api.example,https://api.example/,20,0.0,36.88,144.027,116.373,3.506,300.787,26763,200.0,warm,0,1,,,synthetic,NORMAL
,cdn-far.example,https://cdn-far.example/,14,25.278,115.047,134.934,70.047,16.597,361.903,286066,200.0,cold,0,1,,,synthetic,NORMAL
,legacy.example,https://legacy.example/,14,30.527,26.649,96.817,333.405,27.6,514.998,354780,200.0,cold,0,1,,,synthetic,NORMAL
,legacy.example,https://legacy.example/,16,138.05,67.821,147.376,356.789,36.636,746.672,275488,200.0,cold,0,1,,,synthetic,DNS_PROBLEM
,media.example,https://media.example/,5,24.591,47.855,75.624,531.036,74.064,753.169,916027,200.0,cold,0,1,,,synthetic,HTTP_PROBLEM
,legacy.example,https://legacy.example/,0,0.0,493.211,65.518,464.253,53.266,1076.247,271868,200.0,warm,0,1,,,synthetic,CONNECT_PROBLEM
,shop.example,https://shop.example/,6,4134.147,0.0,0.0,0.0,0.0,4134.147,0,,cold,0,0,DNS,,synthetic,DNS_PROBLEM
,api.example,https://api.example/,20,0.0,0.0,0.0,212.969,2.673,215.641,9741,200.0,warm,1,1,,,synthetic,NORMAL
,legacy.example,https://legacy.example/,5,27.973,587.296,82.062,480.045,86.294,1263.67,379391,200.0,cold,0,1,,,synthetic,CONNECT_PROBLEM
,media.example,https://media.example/,4,20.307,0.0,0.0,138.927,82.052,241.286,751263,200.0,cold,1,1,,,synthetic,NORMAL
,cdn-near.example,https://cdn-near.example/,22,0.0,0.0,0.0,35.246,14.578,49.824,67283,200.0,warm,1,1,,,synthetic,NORMAL
,shop.example,https://shop.example/,21,0.0,39.128,78.846,291.081,127.521,536.576,908038,200.0,warm,0,1,,,synthetic,NORMAL
,cdn-near.example,https://cdn-near.example/,16,8.656,6.014,26.265,62.293,22.307,125.534,159103,200.0,cold,0,1,,,synthetic,NORMAL
,cdn-far.example,https://cdn-far.example/,15,30.162,446.311,302.386,64.021,16.24,859.12,93447,200.0,cold,0,1,,,synthetic,CONNECT_PROBLEM
,cdn-far.example,https://cdn-far.example/,20,0.0,145.094,203.912,92.197,14.379,455.582,108959,200.0,warm,0,1,,,synthetic,NORMAL
,shop.example,https://shop.example/,1,128.552,24.253,89.409,177.562,25.361,445.137,338710,200.0,cold,0,1,,,synthetic,DNS_PROBLEM
,media.example,https://media.example/,17,0.0,0.0,0.0,72.827,277.967,350.794,3555324,200.0,warm,1,1,,,synthetic,NORMAL
,cdn-near.example,https://cdn-near.example/,16,6354.558,0.0,0.0,0.0,0.0,6354.558,0,,cold,0,0,DNS,,synthetic,DNS_PROBLEM
,cdn-far.example,https://cdn-far.example/,18,0.0,0.0,0.0,73.07,18.354,91.423,172264,200.0,warm,1,1,,,synthetic,NORMAL
,media.example,https://media.example/,20,0.0,477.343,160.67,99.983,282.596,1020.592,1976325,200.0,warm,0,1,,,synthetic,CONNECT_PROBLEM
,cdn-near.example,https://cdn-near.example/,4,18.255,7.066,51.214,45.332,11.733,133.6,127452,200.0,cold,0,1,,,synthetic,NORMAL
,media.example,https://media.example/,19,0.0,94.979,193.597,1301.013,346.313,1935.902,2423374,200.0,warm,0,1,,,synthetic,HTTP_PROBLEM
,legacy.example,https://legacy.example/,6,52.846,269.307,64.073,409.829,48.316,844.371,332573,200.0,cold,0,1,,,synthetic,CONNECT_PROBLEM
,api.example,https://api.example/,12,0.0,16.794,50.083,453.054,1.76,521.691,21555,200.0,warm,0,1,,,synthetic,HTTP_PROBLEM
,shop.example,https://shop.example/,15,0.0,137.28,113.324,131.935,49.45,431.989,334694,200.0,warm,0,1,,,synthetic,CONNECT_PROBLEM
,cdn-far.example,https://cdn-far.example/,1,0.0,86.23,247.569,66.268,11.916,411.983,115448,200.0,warm,0,1,,,synthetic,NORMAL
,shop.example,https://shop.example/,2,0.0,48.287,69.7,1427.7,33.554,1579.24,219784,200.0,warm,0,1,,,synthetic,HTTP_PROBLEM
,cdn-near.example,https://cdn-near.example/,3,0.0,10.059,32.763,413.694,9.45,465.966,91119,200.0,warm,0,1,,,synthetic,HTTP_PROBLEM
,shop.example,https://shop.example/,17,9.849,27.333,913.747,182.526,105.45,1238.904,582211,200.0,cold,0,1,,,synthetic,TLS_PROBLEM
,api.example,https://api.example/,3,0.0,31.41,52.455,72.431,2.032,158.328,23424,200.0,warm,0,1,,,synthetic,NORMAL
,cdn-near.example,https://cdn-near.example/,2,0.0,7.28,58.628,410.148,8.415,484.471,117473,200.0,warm,0,1,,,synthetic,HTTP_PROBLEM
,shop.example,https://shop.example/,8,13.262,0.0,0.0,214.016,39.401,266.679,486468,200.0,cold,1,1,,,synthetic,NORMAL
,media.example,https://media.example/,8,0.0,42.751,120.227,78.838,134.741,376.557,2137097,200.0,warm,0,1,,,synthetic,NORMAL
,media.example,https://media.example/,7,190.26,37.592,157.889,79.255,265.098,730.094,2715248,200.0,cold,0,1,,,synthetic,DNS_PROBLEM
,cdn-near.example,https://cdn-near.example/,6,0.0,12.232,40.249,34.381,7.867,94.729,82394,200.0,warm,0,1,,,synthetic,NORMAL
,shop.example,https://shop.example/,17,0.0,34.327,76.779,140.894,59.072,311.071,577155,200.0,warm,0,1,,,synthetic,NORMAL
,legacy.example,https://legacy.example/,3,5148.151,0.0,0.0,0.0,0.0,5148.151,0,,cold,0,0,DNS,,synthetic,DNS_PROBLEM
,cdn-near.example,https://cdn-near.example/,5,15.943,8.144,41.214,46.45,25.416,137.167,131897,200.0,cold,0,1,,,synthetic,NORMAL
,media.example,https://media.example/,22,0.0,47.383,122.435,110.996,232.195,513.01,2316981,200.0,warm,0,1,,,synthetic,NORMAL
,shop.example,https://shop.example/,20,20.914,0.0,0.0,285.108,89.501,395.524,582985,200.0,cold,1,1,,,synthetic,NORMAL
,api.example,https://api.example/,3,0.0,38.762,53.383,634.63,1.887,728.662,14592,200.0,warm,0,1,,,synthetic,HTTP_PROBLEM
,shop.example,https://shop.example/,19,15.773,61.904,168.263,3638.079,61.62,3945.639,430385,200.0,cold,0,1,,,synthetic,HTTP_PROBLEM
,legacy.example,https://legacy.example/,5,36.384,61.913,148.114,331.961,18.701,597.073,168465,200.0,cold,0,1,,,synthetic,NORMAL
,media.example,https://media.example/,18,0.0,55.813,208.528,161.896,461.808,888.045,3675523,200.0,warm,0,1,,,synthetic,NORMAL
,shop.example,https://shop.example/,20,16.093,65.263,194.337,199.146,140.446,615.284,490724,200.0,cold,0,1,,,synthetic,NORMAL
,cdn-far.example,https://cdn-far.example/,14,0.0,315.695,3136.756,0.0,0.0,3452.452,0,,warm,0,0,TLS,,synthetic,TLS_PROBLEM
,cdn-far.example,https://cdn-far.example/,18,0.0,0.0,0.0,42.867,8.43,51.297,96367,200.0,warm,1,1,,,synthetic,NORMAL
,cdn-far.example,https://cdn-far.example/,22,147.019,178.422,238.398,210.098,6.104,780.041,61562,200.0,cold,0,1,,,synthetic,DNS_PROBLEM
,api.example,https://api.example/,14,31.485,151.886,41.442,60.936,6.604,292.353,22895,200.0,cold,0,1,,,synthetic,CONNECT_PROBLEM
,cdn-near.example,https://cdn-near.example/,19,0.0,12.231,36.144,70.072,20.45,138.896,89854,200.0,warm,0,1,,,synthetic,NORMAL
,legacy.example,https://legacy.example/,12,0.0,47.259,107.491,325.272,74.489,554.511,649551,200.0,warm,0,1,,,synthetic,NORMAL
,cdn-far.example,https://cdn-far.example/,18,20.904,88.033,255.374,84.712,6.283,455.307,95726,200.0,cold,0,1,,,synthetic,NORMAL
,legacy.example,https://legacy.example/,0,32.678,93.397,81.638,233.197,21.352,462.262,271468,200.0,cold,0,1,,,synthetic,NORMAL
,cdn-near.example,https://cdn-near.example/,21,15.526,0.0,0.0,70.12,33.919,119.565,146345,200.0,cold,1,1,,,synthetic,NORMAL
,shop.example,https://shop.example/,9,146.616,40.863,115.23,165.155,53.732,521.596,442402,200.0,cold,0,1,,,synthetic,DNS_PROBLEM
,legacy.example,https://legacy.example/,10,31.526,51.876,141.077,396.985,154.368,775.832,976068,200.0,cold,0,1,,,synthetic,NORMAL
,legacy.example,https://legacy.example/,10,0.0,0.0,0.0,141.185,9.623,150.808,174723,200.0,warm,1,1,,,synthetic,NORMAL
,media.example,https://media.example/,8,0.0,0.0,0.0,124.7,255.37,380.07,1377788,200.0,warm,1,1,,,synthetic,NORMAL
,media.example,https://media.example/,14,39.576,26.649,147.49,53.838,47.552,315.106,842324,200.0,cold,0,1,,,synthetic,NORMAL
,legacy.example,https://legacy.example/,23,0.0,82.044,157.19,222.934,26.582,488.749,229765,200.0,warm,0,1,,,synthetic,NORMAL
,media.example,https://media.example/,9,93.393,84.628,155.983,127.361,225.2,686.564,1278036,200.0,cold,0,1,,,synthetic,DNS_PROBLEM
,legacy.example,https://legacy.example/,13,0.0,82.606,403.645,791.739,30.829,1308.818,238618,200.0,warm,0,1,,,synthetic,NORMAL
,media.example,https://media.example/,6,0.0,46.219,250.546,70.439,136.949,504.154,825226,200.0,warm,0,1,,,synthetic,NORMAL
,media.example,https://media.example/,11,0.0,33.696,122.128,76.26,221.449,453.532,2291040,200.0,warm,0,1,,,synthetic,NORMAL
,media.example,https://media.example/,9,0.0,85.748,98.843,1529.764,0.294,1714.648,1530,502.0,warm,0,0,HTTP,,synthetic,HTTP_PROBLEM
,cdn-near.example,https://cdn-near.example/,14,0.0,10.497,38.775,40.965,12.207,102.444,69968,200.0,warm,0,1,,,synthetic,NORMAL
,api.example,https://api.example/,20,19.74,5166.586,0.0,0.0,0.0,5186.326,0,,cold,0,0,CONNECT,,synthetic,CONNECT_PROBLEM
,api.example,https://api.example/,15,0.0,14.483,405.672,55.601,2.975,478.731,32717,200.0,warm,0,1,,,synthetic,TLS_PROBLEM
,legacy.example,https://legacy.example/,8,36.098,137.52,1045.598,609.943,44.859,1874.017,375896,200.0,cold,0,1,,,synthetic,TLS_PROBLEM
,legacy.example,https://legacy.example/,1,0.0,34.576,268.06,252.041,75.822,630.498,795705,200.0,warm,0,1,,,synthetic,NORMAL
,cdn-far.example,https://cdn-far.example/,12,0.0,79.818,104.676,38.221,5.283,227.998,93603,200.0,warm,0,1,,,synthetic,NORMAL
,cdn-near.example,https://cdn-near.example/,2,0.0,0.0,0.0,47.468,16.914,64.383,116164,200.0,warm,1,1,,,synthetic,NORMAL
,api.example,https://api.example/,17,0.0,34.374,50.352,501.6,1.809,588.134,18966,200.0,warm,0,1,,,synthetic,HTTP_PROBLEM
,cdn-far.example,https://cdn-far.example/,19,4339.791,0.0,0.0,0.0,0.0,4339.791,0,,cold,0,0,DNS,,synthetic,DNS_PROBLEM
,shop.example,https://shop.example/,14,0.0,195.512,30.817,152.376,161.844,540.55,954429,200.0,warm,0,1,,,synthetic,CONNECT_PROBLEM
,api.example,https://api.example/,18,8.476,437.891,82.574,72.972,3.279,605.191,18677,200.0,cold,0,1,,,synthetic,CONNECT_PROBLEM
,shop.example,https://shop.example/,17,16.386,0.0,0.0,1432.428,0.333,1449.147,2261,500.0,cold,1,0,HTTP,,synthetic,HTTP_PROBLEM
,shop.example,https://shop.example/,11,0.0,45.991,69.957,155.77,116.898,388.615,937688,200.0,warm,0,1,,,synthetic,NORMAL
,media.example,https://media.example/,15,0.0,29.72,128.508,69.559,294.918,522.705,2827066,200.0,warm,0,1,,,synthetic,NORMAL
,api.example,https://api.example/,12,0.0,14.784,18.315,41.485,3.374,77.959,46391,200.0,warm,0,1,,,synthetic,NORMAL
,cdn-far.example,https://cdn-far.example/,21,26.814,110.862,3409.888,86.359,31.977,3665.899,147631,200.0,cold,0,1,,,synthetic,TLS_PROBLEM
,shop.example,https://shop.example/,15,26.865,39.865,113.836,1681.096,50.732,1912.395,480141,200.0,cold,0,1,,,synthetic,HTTP_PROBLEM
,shop.example,https://shop.example/,0,0.0,51.95,104.315,315.632,40.768,512.666,340543,200.0,warm,0,1,,,synthetic,NORMAL
,cdn-near.example,https://cdn-near.example/,18,12.168,4.876,25.118,321.359,4.405,367.926,61156,200.0,cold,0,1,,,synthetic,HTTP_PROBLEM
,shop.example,https://shop.example/,9,0.0,0.0,0.0,163.565,125.908,289.474,815989,200.0,warm,1,1,,,synthetic,NORMAL
,media.example,https://media.example/,20,15.021,5083.741,0.0,0.0,0.0,5098.762,0,,cold,0,0,CONNECT,,synthetic,CONNECT_PROBLEM
,shop.example,https://shop.example/,10,0.0,0.0,0.0,153.478,107.843,261.321,546682,200.0,warm,1,1,,,synthetic,NORMAL
,media.example,https://media.example/,9,18.519,71.457,108.055,141.639,290.911,630.581,1662634,200.0,cold,0,1,,,synthetic,NORMAL
,media.example,https://media.example/,17,27.586,36.526,111.033,61.966,433.755,670.867,3496945,200.0,cold,0,1,,,synthetic,NORMAL
,media.example,https://media.example/,11,44.289,33.906,386.448,129.019,126.953,720.616,864625,200.0,cold,0,1,,,synthetic,TLS_PROBLEM
,cdn-near.example,https://cdn-near.example/,11,13.631,0.0,0.0,80.627,16.735,110.993,120660,200.0,cold,1,1,,,synthetic,NORMAL
,api.example,https://api.example/,5,13.89,18.233,60.129,151.528,3.614,247.395,28090,200.0,cold,0,1,,,synthetic,NORMAL
,cdn-near.example,https://cdn-near.example/,8,0.0,0.0,0.0,565.029,15.7,580.729,121567,200.0,warm,1,1,,,synthetic,HTTP_PROBLEM
,cdn-near.example,https://cdn-near.example/,11,0.0,5.719,32.584,37.638,9.533,85.474,99152,200.0,warm,0,1,,,synthetic,NORMAL
,cdn-near.example,https://cdn-near.example/,22,12.366,0.0,0.0,102.009,19.757,134.133,76406,200.0,cold,1,1,,,synthetic,NORMAL
,legacy.example,https://legacy.example/,13,51.293,55.495,99.545,477.266,9.974,693.573,177082,200.0,cold,0,1,,,synthetic,NORMAL
,api.example,https://api.example/,3,15.099,36.129,94.514,190.344,2.893,338.979,20062,200.0,cold,0,1,,,synthetic,NORMAL
,cdn-near.example,https://cdn-near.example/,22,0.0,11.25,32.117,56.077,15.138,114.582,99086,200.0,warm,0,1,,,synthetic,NORMAL
,cdn-near.example,https://cdn-near.example/,23,23.945,10.444,59.972,94.921,21.491,210.773,78875,200.0,cold,0,1,,,synthetic,NORMAL
,media.example,https://media.example/,19,16.65,0.0,0.0,116.67,435.095,568.415,2574051,200.0,cold,1,1,,,synthetic,NORMAL
,cdn-far.example,https://cdn-far.example/,19,0.0,91.906,164.467,48.164,10.981,315.518,97902,200.0,warm,0,1,,,synthetic,NORMAL
,media.example,https://media.example/,13,19.118,48.879,123.036,122.146,86.826,400.006,817952,200.0,cold,0,1,,,synthetic,NORMAL
,cdn-near.example,https://cdn-near.example/,18,107.926,10.687,24.732,40.078,12.429,195.853,79114,200.0,cold,0,1,,,synthetic,DNS_PROBLEM
,legacy.example,https://legacy.example/,2,37.351,57.571,137.927,384.443,33.735,651.027,410725,200.0,cold,0,1,,,synthetic,NORMAL
,media.example,https://media.example/,2,17.716,153.922,85.744,84.749,173.35,515.48,1414992,200.0,cold,0,1,,,synthetic,CONNECT_PROBLEM
,media.example,https://media.example/,20,0.0,647.796,132.712,189.819,224.676,1195.003,1180651,200.0,warm,0,1,,,synthetic,CONNECT_PROBLEM
,media.example,https://media.example/,15,0.0,56.126,119.453,85.434,283.762,544.775,2110382,200.0,warm,0,1,,,synthetic,NORMAL
,api.example,https://api.example/,15,0.0,11.606,126.255,197.575,5.136,340.572,19505,200.0,warm,0,1,,,synthetic,NORMAL
,cdn-near.example,https://cdn-near.example/,4,0.0,12.156,38.219,65.153,5.518,121.045,32417,200.0,warm,0,1,,,synthetic,NORMAL
,media.example,https://media.example/,20,0.0,56.2,81.943,167.432,96.74,402.314,1399909,200.0,warm,0,1,,,synthetic,NORMAL
,media.example,https://media.example/,1,26.199,60.75,205.656,872.777,0.186,1165.568,1166,500.0,cold,0,0,HTTP,,synthetic,HTTP_PROBLEM
,cdn-far.example,https://cdn-far.example/,12,49.127,100.836,289.513,66.012,4.896,510.384,56171,200.0,cold,0,1,,,synthetic,NORMAL
,cdn-near.example,https://cdn-near.example/,13,0.0,10.438,50.843,77.559,4.842,143.683,33134,200.0,warm,0,1,,,synthetic,NORMAL
,legacy.example,https://legacy.example/,22,45.731,61.96,763.909,556.005,106.224,1533.829,559404,200.0,cold,0,1,,,synthetic,TLS_PROBLEM
,api.example,https://api.example/,3,10.715,16.114,31.557,88.802,1.104,148.292,22632,200.0,cold,0,1,,,synthetic,NORMAL
,cdn-far.example,https://cdn-far.example/,3,0.0,128.035,218.295,116.994,6.94,470.264,48255,200.0,warm,0,1,,,synthetic,NORMAL
,cdn-far.example,https://cdn-far.example/,23,0.0,229.238,543.462,101.532,99.738,973.97,533776,200.0,warm,0,1,,,synthetic,NORMAL
,cdn-far.example,https://cdn-far.example/,18,0.0,82.536,371.481,575.296,11.527,1040.839,94764,200.0,warm,0,1,,,synthetic,HTTP_PROBLEM
,cdn-near.example,https://cdn-near.example/,2,65.375,5.689,16.786,25.44,13.317,126.607,114057,200.0,cold,0,1,,,synthetic,DNS_PROBLEM
,api.example,https://api.example/,9,7.844,23.566,81.616,111.162,2.465,226.652,15108,200.0,cold,0,1,,,synthetic,NORMAL
,shop.example,https://shop.example/,21,24.448,65.873,194.214,256.703,42.217,583.455,457756,200.0,cold,0,1,,,synthetic,NORMAL
,legacy.example,https://legacy.example/,12,46.143,21.883,99.475,231.038,22.56,421.098,368422,200.0,cold,0,1,,,synthetic,NORMAL
,cdn-far.example,https://cdn-far.example/,8,0.0,218.526,367.946,135.997,29.36,751.83,162939,200.0,warm,0,1,,,synthetic,NORMAL
,api.example,https://api.example/,18,147.451,14.433,58.83,85.713,0.937,307.364,15357,200.0,cold,0,1,,,synthetic,DNS_PROBLEM
,shop.example,https://shop.example/,7,84.168,41.538,82.678,218.953,53.698,481.034,638701,200.0,cold,0,1,,,synthetic,DNS_PROBLEM
,api.example,https://api.example/,0,0.0,0.0,0.0,58.966,3.591,62.556,48894,200.0,warm,1,1,,,synthetic,NORMAL
,api.example,https://api.example/,16,14.865,30.17,73.203,1311.291,1.073,1430.603,9296,200.0,cold,0,1,,,synthetic,HTTP_PROBLEM
,legacy.example,https://legacy.example/,2,0.0,53.701,228.592,234.182,38.623,555.098,261428,200.0,warm,0,1,,,synthetic,NORMAL
,cdn-near.example,https://cdn-near.example/,8,12.266,7.208,19.734,73.724,3.755,116.686,32032,200.0,cold,0,1,,,synthetic,NORMAL
,legacy.example,https://legacy.example/,9,0.0,76.966,88.789,468.271,100.358,734.383,721606,200.0,warm,0,1,,,synthetic,NORMAL
,cdn-near.example,https://cdn-near.example/,0,0.0,7.082,46.715,560.486,0.363,614.646,2779,502.0,warm,0,0,HTTP,,synthetic,HTTP_PROBLEM
,legacy.example,https://legacy.example/,3,0.0,62.354,162.787,2135.347,28.333,2388.821,228502,200.0,warm,0,1,,,synthetic,HTTP_PROBLEM
,cdn-far.example,https://cdn-far.example/,16,0.0,109.251,86.417,54.12,9.225,259.014,107629,200.0,warm,0,1,,,synthetic,NORMAL
,api.example,https://api.example/,22,15.219,32.196,159.851,154.263,5.821,367.35,19793,200.0,cold,0,1,,,synthetic,NORMAL
,cdn-near.example,https://cdn-near.example/,16,0.0,0.0,0.0,364.36,4.843,369.203,58339,200.0,warm,1,1,,,synthetic,HTTP_PROBLEM
,shop.example,https://shop.example/,0,409.114,36.954,45.934,112.008,41.29,645.3,542175,200.0,cold,0,1,,,synthetic,DNS_PROBLEM
,cdn-near.example,https://cdn-near.example/,12,194.743,10.94,34.955,58.876,9.397,308.911,88021,200.0,cold,0,1,,,synthetic,DNS_PROBLEM
,media.example,https://media.example/,21,0.0,46.54,212.282,76.902,271.859,607.582,1434549,200.0,warm,0,1,,,synthetic,NORMAL
,media.example,https://media.example/,10,26.932,39.864,261.936,66.118,162.887,557.736,1824900,200.0,cold,0,1,,,synthetic,TLS_PROBLEM
,api.example,https://api.example/,21,21.65,18.242,56.759,98.292,4.215,199.158,28072,200.0,cold,0,1,,,synthetic,NORMAL
,cdn-far.example,https://cdn-far.example/,10,14.721,100.445,311.223,477.919,8.475,912.784,110048,200.0,cold,0,1,,,synthetic,HTTP_PROBLEM
,shop.example,https://shop.example/,1,17.927,221.024,116.166,154.969,95.869,605.956,886386,200.0,cold,0,1,,,synthetic,CONNECT_PROBLEM
,cdn-far.example,https://cdn-far.example/,13,52.741,0.0,0.0,153.68,19.117,225.538,110941,200.0,cold,1,1,,,synthetic,NORMAL
,shop.example,https://shop.example/,15,0.0,39.889,77.492,2274.604,44.33,2436.315,603060,200.0,warm,0,1,,,synthetic,HTTP_PROBLEM
,cdn-near.example,https://cdn-near.example/,5,0.0,8.281,63.593,26.584,10.808,109.265,91057,200.0,warm,0,1,,,synthetic,NORMAL
,shop.example,https://shop.example/,16,0.0,204.177,60.01,368.868,57.409,690.464,368860,200.0,warm,0,1,,,synthetic,CONNECT_PROBLEM
,media.example,https://media.example/,19,23.164,91.489,218.051,97.367,235.173,665.244,1412666,200.0,cold,0,1,,,synthetic,NORMAL
,cdn-far.example,https://cdn-far.example/,1,0.0,0.0,0.0,70.779,25.315,96.094,245730,200.0,warm,1,1,,,synthetic,NORMAL
,api.example,https://api.example/,9,16.124,15.283,306.564,163.021,9.453,510.446,61109,200.0,cold,0,1,,,synthetic,TLS_PROBLEM
,media.example,https://media.example/,6,0.0,45.505,167.471,110.993,508.08,832.049,3660177,200.0,warm,0,1,,,synthetic,NORMAL
,legacy.example,https://legacy.example/,0,0.0,0.0,0.0,495.562,29.961,525.524,245818,200.0,warm,1,1,,,synthetic,NORMAL
,api.example,https://api.example/,0,13.657,33.576,71.786,1334.17,2.497,1455.686,32767,200.0,cold,0,1,,,synthetic,HTTP_PROBLEM
,api.example,https://api.example/,5,33.913,9.888,70.933,76.824,6.809,198.367,65607,200.0,cold,0,1,,,synthetic,NORMAL
,media.example,https://media.example/,16,0.0,32.976,110.004,87.443,190.504,420.927,1120023,200.0,warm,0,1,,,synthetic,NORMAL
,shop.example,https://shop.example/,21,25.517,152.519,3131.625,193.596,32.926,3536.182,177500,200.0,cold,0,1,,,synthetic,TLS_PROBLEM
,cdn-near.example,https://cdn-near.example/,4,16.121,6.427,103.594,52.331,6.169,184.642,83440,200.0,cold,0,1,,,synthetic,TLS_PROBLEM
,media.example,https://media.example/,9,16.054,1267.24,76.039,194.356,264.858,1818.547,1200360,200.0,cold,0,1,,,synthetic,CONNECT_PROBLEM
,legacy.example,https://legacy.example/,18,260.058,47.216,169.76,368.732,94.559,940.324,662719,200.0,cold,0,1,,,synthetic,DNS_PROBLEM
,legacy.example,https://legacy.example/,7,0.0,46.708,183.16,421.409,29.811,681.087,267790,200.0,warm,0,1,,,synthetic,NORMAL
,cdn-far.example,https://cdn-far.example/,18,3606.034,0.0,0.0,0.0,0.0,3606.034,0,,cold,0,0,DNS,,synthetic,DNS_PROBLEM
,cdn-far.example,https://cdn-far.example/,19,0.0,164.39,302.47,81.576,41.313,589.75,279904,200.0,warm,0,1,,,synthetic,NORMAL
,shop.example,https://shop.example/,10,10.913,48.554,160.893,306.772,10.26,537.392,95130,200.0,cold,0,1,,,synthetic,NORMAL
,api.example,https://api.example/,5,0.0,0.0,0.0,140.416,1.42,141.837,13583,200.0,warm,1,1,,,synthetic,NORMAL
,media.example,https://media.example/,0,0.0,49.967,49.989,43.201,189.255,332.412,2002883,200.0,warm,0,1,,,synthetic,NORMAL
,cdn-near.example,https://cdn-near.example/,10,0.0,11.492,108.182,274.903,13.809,408.386,68066,200.0,warm,0,1,,,synthetic,HTTP_PROBLEM
,legacy.example,https://legacy.example/,1,39.167,61.429,1139.473,220.167,37.875,1498.11,285838,200.0,cold,0,1,,,synthetic,TLS_PROBLEM
,media.example,https://media.example/,16,32.516,84.318,113.293,103.313,468.868,802.307,2714983,200.0,cold,0,1,,,synthetic,NORMAL
,shop.example,https://shop.example/,8,127.49,41.524,157.719,521.145,109.749,957.627,668990,200.0,cold,0,1,,,synthetic,DNS_PROBLEM
,shop.example,https://shop.example/,22,0.0,94.537,153.448,347.341,96.488,691.815,456884,200.0,warm,0,1,,,synthetic,NORMAL
,media.example,https://media.example/,22,64.182,53.902,164.962,55.181,214.52,552.746,2122409,200.0,cold,0,1,,,synthetic,DNS_PROBLEM
,legacy.example,https://legacy.example/,23,0.0,89.49,152.475,361.596,35.675,639.236,245040,200.0,warm,0,1,,,synthetic,NORMAL
,media.example,https://media.example/,8,21.755,71.659,145.956,119.716,191.553,550.639,1683167,200.0,cold,0,1,,,synthetic,NORMAL
,cdn-near.example,https://cdn-near.example/,20,15.684,14.946,42.838,98.788,21.622,193.877,93039,200.0,cold,0,1,,,synthetic,NORMAL
,api.example,https://api.example/,3,12.715,20.884,65.18,117.431,3.463,219.674,29763,200.0,cold,0,1,,,synthetic,NORMAL
,media.example,https://media.example/,8,0.0,0.0,0.0,117.183,448.698,565.881,2712430,200.0,warm,1,1,,,synthetic,NORMAL
,cdn-near.example,https://cdn-near.example/,11,0.0,8.007,23.785,29.257,10.069,71.117,71963,200.0,warm,0,1,,,synthetic,NORMAL
,media.example,https://media.example/,1,0.0,30.413,45.263,413.795,210.156,699.626,1917456,200.0,warm,0,1,,,synthetic,HTTP_PROBLEM
,legacy.example,https://legacy.example/,6,51.794,62.114,139.587,1018.403,0.135,1272.033,1227,503.0,cold,0,0,HTTP,,synthetic,HTTP_PROBLEM
,cdn-near.example,https://cdn-near.example/,19,0.0,0.0,0.0,387.766,0.411,388.177,1268,503.0,warm,1,0,HTTP,,synthetic,HTTP_PROBLEM
,shop.example,https://shop.example/,2,25.159,324.557,73.056,209.923,42.768,675.462,432349,200.0,cold,0,1,,,synthetic,CONNECT_PROBLEM
,media.example,https://media.example/,15,0.0,71.15,86.403,47.569,102.525,307.646,1061499,200.0,warm,0,1,,,synthetic,NORMAL
,cdn-near.example,https://cdn-near.example/,21,13.795,11.523,41.815,121.647,15.426,204.206,123877,200.0,cold,0,1,,,synthetic,NORMAL
,media.example,https://media.example/,15,16.305,52.219,66.726,98.626,250.582,484.458,2152994,200.0,cold,0,1,,,synthetic,NORMAL
,shop.example,https://shop.example/,0,15.072,26.631,640.313,162.1,105.481,949.598,1141507,200.0,cold,0,1,,,synthetic,TLS_PROBLEM
,shop.example,https://shop.example/,4,0.0,13.053,383.915,196.557,41.621,635.146,449325,200.0,warm,0,1,,,synthetic,TLS_PROBLEM
,api.example,https://api.example/,11,0.0,19.329,114.824,92.635,2.153,228.942,24260,200.0,warm,0,1,,,synthetic,NORMAL
,api.example,https://api.example/,15,14.289,109.288,72.941,81.241,9.174,286.932,47380,200.0,cold,0,1,,,synthetic,CONNECT_PROBLEM
,api.example,https://api.example/,19,20.854,33.063,51.145,913.376,3.956,1022.393,29311,200.0,cold,0,1,,,synthetic,HTTP_PROBLEM
,cdn-far.example,https://cdn-far.example/,8,38.804,185.696,3480.442,0.0,0.0,3704.942,0,,cold,0,0,TLS,,synthetic,TLS_PROBLEM
,shop.example,https://shop.example/,0,0.0,18.166,690.403,206.06,27.633,942.262,272560,200.0,warm,0,1,,,synthetic,TLS_PROBLEM
,legacy.example,https://legacy.example/,22,6607.333,0.0,0.0,0.0,0.0,6607.333,0,,cold,0,0,DNS,,synthetic,DNS_PROBLEM
,cdn-near.example,https://cdn-near.example/,11,10.3,0.0,0.0,61.516,8.055,79.872,60639,200.0,cold,1,1,,,synthetic,NORMAL
,shop.example,https://shop.example/,15,0.0,31.356,58.579,152.574,114.2,356.709,1147151,200.0,warm,0,1,,,synthetic,NORMAL
,cdn-far.example,https://cdn-far.example/,21,27.342,0.0,0.0,56.216,36.967,120.525,351597,200.0,cold,1,1,,,synthetic,NORMAL
,shop.example,https://shop.example/,13,15.278,50.448,52.043,164.976,98.017,380.763,1003402,200.0,cold,0,1,,,synthetic,NORMAL
,media.example,https://media.example/,6,0.0,798.864,146.454,141.216,439.932,1526.465,1607179,200.0,warm,0,1,,,synthetic,CONNECT_PROBLEM
,api.example,https://api.example/,18,18.887,16.097,37.641,83.391,1.349,157.365,21864,200.0,cold,0,1,,,synthetic,NORMAL
,api.example,https://api.example/,13,17.267,227.011,46.607,58.02,4.753,353.658,19651,200.0,cold,0,1,,,synthetic,CONNECT_PROBLEM
,legacy.example,https://legacy.example/,2,69.373,0.0,0.0,504.09,86.311,659.774,691840,200.0,cold,1,1,,,synthetic,NORMAL
,api.example,https://api.example/,15,26.427,15.286,70.009,43.532,9.518,164.772,98164,200.0,cold,0,1,,,synthetic,NORMAL
,api.example,https://api.example/,4,0.0,18.212,50.29,112.805,2.018,183.325,24163,200.0,warm,0,1,,,synthetic,NORMAL
,shop.example,https://shop.example/,17,124.49,51.062,90.008,345.439,101.941,712.94,821814,200.0,cold,0,1,,,synthetic,DNS_PROBLEM
,api.example,https://api.example/,19,0.0,173.323,67.992,160.254,6.631,408.2,19938,200.0,warm,0,1,,,synthetic,CONNECT_PROBLEM
,media.example,https://media.example/,4,16.455,4424.493,0.0,0.0,0.0,4440.947,0,,cold,0,0,CONNECT,,synthetic,CONNECT_PROBLEM
,media.example,https://media.example/,14,24.851,17.988,281.686,44.404,268.772,637.7,1662790,200.0,cold,0,1,,,synthetic,NORMAL
,cdn-near.example,https://cdn-near.example/,16,8.933,5.176,31.076,42.074,11.164,98.423,68436,200.0,cold,0,1,,,synthetic,NORMAL
,legacy.example,https://legacy.example/,19,0.0,73.848,247.945,6236.23,80.329,6638.353,298147,200.0,warm,0,1,,,synthetic,HTTP_PROBLEM
,media.example,https://media.example/,21,248.093,156.447,269.877,180.834,487.581,1342.832,1968173,200.0,cold,0,1,,,synthetic,DNS_PROBLEM
,shop.example,https://shop.example/,10,17.732,23.178,338.187,107.627,43.784,530.508,367316,200.0,cold,0,1,,,synthetic,TLS_PROBLEM
,cdn-near.example,https://cdn-near.example/,21,11.277,23.419,514.915,94.186,11.439,655.236,40290,200.0,cold,0,1,,,synthetic,TLS_PROBLEM
,shop.example,https://shop.example/,1,140.196,36.726,97.485,183.256,82.773,540.436,569601,200.0,cold,0,1,,,synthetic,DNS_PROBLEM
,cdn-far.example,https://cdn-far.example/,2,250.964,94.587,110.609,55.632,6.134,517.926,121050,200.0,cold,0,1,,,synthetic,DNS_PROBLEM
,shop.example,https://shop.example/,10,0.0,40.594,72.988,859.578,65.633,1038.792,940466,200.0,warm,0,1,,,synthetic,HTTP_PROBLEM
,shop.example,https://shop.example/,1,0.0,33.579,170.605,146.154,139.777,490.116,1220861,200.0,warm,0,1,,,synthetic,NORMAL
,media.example,https://media.example/,14,11.549,139.576,101.222,485.105,497.792,1235.244,2107416,200.0,cold,0,1,,,synthetic,HTTP_PROBLEM
,media.example,https://media.example/,3,0.0,32.152,79.944,60.264,94.885,267.246,1282194,200.0,warm,0,1,,,synthetic,NORMAL
,media.example,https://media.example/,13,13.958,35.96,91.578,65.116,95.094,301.706,1465795,200.0,cold,0,1,,,synthetic,NORMAL
,legacy.example,https://legacy.example/,18,63.736,157.633,240.709,1359.467,47.91,1869.456,469259,200.0,cold,0,1,,,synthetic,HTTP_PROBLEM
,cdn-near.example,https://cdn-near.example/,2,14.193,5.399,45.243,53.475,6.646,124.956,99446,200.0,cold,0,1,,,synthetic,NORMAL
,cdn-near.example,https://cdn-near.example/,10,79.734,6.976,63.46,42.973,5.953,199.097,41303,200.0,cold,0,1,,,synthetic,DNS_PROBLEM
,cdn-far.example,https://cdn-far.example/,9,0.0,248.229,639.503,154.06,53.83,1095.623,177082,200.0,warm,0,1,,,synthetic,NORMAL
,api.example,https://api.example/,19,4523.561,0.0,0.0,0.0,0.0,4523.561,0,,cold,0,0,DNS,,synthetic,DNS_PROBLEM
,cdn-near.example,https://cdn-near.example/,10,0.0,8.064,18.613,46.998,3.994,77.669,62086,200.0,warm,0,1,,,synthetic,NORMAL
,cdn-near.example,https://cdn-near.example/,8,0.0,19.003,50.411,97.568,11.08,178.062,66174,200.0,warm,0,1,,,synthetic,NORMAL
,cdn-near.example,https://cdn-near.example/,17,0.0,5.795,23.647,449.333,13.18,491.956,73991,200.0,warm,0,1,,,synthetic,HTTP_PROBLEM
,legacy.example,https://legacy.example/,13,51.361,648.929,183.765,249.439,319.007,1452.501,892485,200.0,cold,0,1,,,synthetic,CONNECT_PROBLEM
,cdn-near.example,https://cdn-near.example/,3,0.0,10.67,23.892,1027.193,0.266,1062.022,3485,502.0,warm,0,0,HTTP,,synthetic,HTTP_PROBLEM
,legacy.example,https://legacy.example/,20,43.573,118.282,167.147,495.954,39.67,864.626,209083,200.0,cold,0,1,,,synthetic,NORMAL
,cdn-far.example,https://cdn-far.example/,19,0.0,240.17,423.006,449.122,0.296,1112.594,2259,502.0,warm,0,0,HTTP,,synthetic,HTTP_PROBLEM
,cdn-far.example,https://cdn-far.example/,14,0.0,0.0,0.0,122.638,25.543,148.181,138314,200.0,warm,1,1,,,synthetic,NORMAL
,legacy.example,https://legacy.example/,1,58.51,67.112,1776.328,357.585,46.354,2305.889,361891,200.0,cold,0,1,,,synthetic,TLS_PROBLEM
,shop.example,https://shop.example/,20,0.0,81.232,80.031,542.837,0.273,704.374,2769,503.0,warm,0,0,HTTP,,synthetic,HTTP_PROBLEM
,api.example,https://api.example/,15,10.862,17.07,55.538,74.74,4.498,162.709,25634,200.0,cold,0,1,,,synthetic,NORMAL
,api.example,https://api.example/,16,5439.169,0.0,0.0,0.0,0.0,5439.169,0,,cold,0,0,DNS,,synthetic,DNS_PROBLEM
,legacy.example,https://legacy.example/,10,80.203,105.031,238.475,237.611,100.363,761.683,919279,200.0,cold,0,1,,,synthetic,DNS_PROBLEM
,cdn-far.example,https://cdn-far.example/,16,0.0,0.0,0.0,167.325,6.307,173.632,85956,200.0,warm,1,1,,,synthetic,NORMAL
,shop.example,https://shop.example/,21,0.0,40.891,88.012,289.445,69.492,487.84,564285,200.0,warm,0,1,,,synthetic,NORMAL
,media.example,https://media.example/,5,0.0,62.599,695.277,136.856,238.857,1133.59,1413214,200.0,warm,0,1,,,synthetic,TLS_PROBLEM
,cdn-near.example,https://cdn-near.example/,14,0.0,6.301,177.149,44.346,12.514,240.309,148832,200.0,warm,0,1,,,synthetic,TLS_PROBLEM
,api.example,https://api.example/,3,0.0,38.439,37.308,147.254,5.848,228.849,56725,200.0,warm,0,1,,,synthetic,NORMAL
,media.example,https://media.example/,1,8.756,0.0,0.0,102.516,242.092,353.365,1292487,200.0,cold,1,1,,,synthetic,NORMAL
,cdn-far.example,https://cdn-far.example/,1,24.452,279.508,205.284,57.56,18.411,585.215,163413,200.0,cold,0,1,,,synthetic,CONNECT_PROBLEM
,api.example,https://api.example/,3,12.311,10.787,31.499,77.355,6.521,138.472,53183,200.0,cold,0,1,,,synthetic,NORMAL
,legacy.example,https://legacy.example/,19,58.464,79.112,445.939,3078.556,67.444,3729.515,680230,200.0,cold,0,1,,,synthetic,HTTP_PROBLEM
,cdn-far.example,https://cdn-far.example/,9,55.79,114.152,276.017,73.98,19.941,539.88,125443,200.0,cold,0,1,,,synthetic,NORMAL
,media.example,https://media.example/,13,0.0,413.293,113.553,73.328,570.376,1170.55,3043654,200.0,warm,0,1,,,synthetic,CONNECT_PROBLEM
,cdn-near.example,https://cdn-near.example/,5,0.0,4927.803,0.0,0.0,0.0,4927.803,0,,warm,0,0,CONNECT,,synthetic,CONNECT_PROBLEM
,cdn-far.example,https://cdn-far.example/,11,4425.073,0.0,0.0,0.0,0.0,4425.073,0,,cold,0,0,DNS,,synthetic,DNS_PROBLEM
,media.example,https://media.example/,19,17.027,54.307,82.191,173.889,419.339,746.753,2155331,200.0,cold,0,1,,,synthetic,NORMAL
,cdn-far.example,https://cdn-far.example/,23,5221.211,0.0,0.0,0.0,0.0,5221.211,0,,cold,0,0,DNS,,synthetic,DNS_PROBLEM
,cdn-far.example,https://cdn-far.example/,7,0.0,96.268,269.43,52.614,21.583,439.895,278453,200.0,warm,0,1,,,synthetic,NORMAL
,legacy.example,https://legacy.example/,0,0.0,0.0,0.0,185.858,26.119,211.977,262361,200.0,warm,1,1,,,synthetic,NORMAL
,api.example,https://api.example/,14,0.0,21.206,70.805,121.01,8.054,221.076,41252,200.0,warm,0,1,,,synthetic,NORMAL
,legacy.example,https://legacy.example/,12,0.0,245.633,69.306,156.901,42.552,514.392,193016,200.0,warm,0,1,,,synthetic,CONNECT_PROBLEM
,shop.example,https://shop.example/,20,0.0,73.478,82.534,299.98,90.955,546.946,399254,200.0,warm,0,1,,,synthetic,NORMAL
,cdn-far.example,https://cdn-far.example/,22,270.353,152.707,370.813,128.602,48.235,970.71,128040,200.0,cold,0,1,,,synthetic,DNS_PROBLEM
,cdn-near.example,https://cdn-near.example/,16,16.377,74.945,33.321,70.32,18.675,213.637,78167,200.0,cold,0,1,,,synthetic,CONNECT_PROBLEM
,cdn-far.example,https://cdn-far.example/,1,507.023,132.785,246.892,55.185,13.921,955.806,87403,200.0,cold,0,1,,,synthetic,DNS_PROBLEM
,media.example,https://media.example/,16,0.0,29.649,4436.279,0.0,0.0,4465.928,0,,warm,0,0,TLS,,synthetic,TLS_PROBLEM
,cdn-near.example,https://cdn-near.example/,6,7.446,0.0,0.0,876.657,0.238,884.341,1712,500.0,cold,1,0,HTTP,,synthetic,HTTP_PROBLEM
,api.example,https://api.example/,16,7.457,0.0,0.0,71.334,6.724,85.515,46583,200.0,cold,1,1,,,synthetic,NORMAL
,cdn-near.example,https://cdn-near.example/,19,0.0,0.0,0.0,72.119,11.685,83.804,41964,200.0,warm,1,1,,,synthetic,NORMAL
,media.example,https://media.example/,15,0.0,0.0,0.0,93.04,303.531,396.571,1777602,200.0,warm,1,1,,,synthetic,NORMAL
,cdn-near.example,https://cdn-near.example/,0,15.211,5.753,33.247,241.531,14.271,310.012,96718,200.0,cold,0,1,,,synthetic,HTTP_PROBLEM
,media.example,https://media.example/,22,0.0,79.554,122.416,213.195,256.207,671.371,1980582,200.0,warm,0,1,,,synthetic,NORMAL
,api.example,https://api.example/,15,0.0,14.608,99.289,128.495,1.596,243.988,19373,200.0,warm,0,1,,,synthetic,TLS_PROBLEM
,cdn-far.example,https://cdn-far.example/,19,19.554,0.0,0.0,62.149,27.479,109.182,158767,200.0,cold,1,1,,,synthetic,NORMAL
,api.example,https://api.example/,21,0.0,59.078,3717.752,0.0,0.0,3776.829,0,,warm,0,0,TLS,,synthetic,TLS_PROBLEM
,api.example,https://api.example/,19,8.738,49.664,112.5,1471.672,7.756,1650.329,42188,200.0,cold,0,1,,,synthetic,HTTP_PROBLEM
,shop.example,https://shop.example/,8,13.218,52.017,171.072,313.287,101.326,650.919,737901,200.0,cold,0,1,,,synthetic,NORMAL
,api.example,https://api.example/,7,12.083,15.475,34.568,55.043,1.305,118.474,14756,200.0,cold,0,1,,,synthetic,NORMAL
,api.example,https://api.example/,2,161.142,32.734,79.005,126.304,3.495,402.681,30622,200.0,cold,0,1,,,synthetic,DNS_PROBLEM
,media.example,https://media.example/,18,5725.431,0.0,0.0,0.0,0.0,5725.431,0,,cold,0,0,DNS,,synthetic,DNS_PROBLEM
,media.example,https://media.example/,8,26.783,50.307,99.268,85.633,99.226,361.217,560155,200.0,cold,0,1,,,synthetic,NORMAL
,cdn-far.example,https://cdn-far.example/,1,5014.829,0.0,0.0,0.0,0.0,5014.829,0,,cold,0,0,DNS,,synthetic,DNS_PROBLEM
,legacy.example,https://legacy.example/,22,49.806,75.19,150.561,834.868,14.497,1124.922,135230,200.0,cold,0,1,,,synthetic,NORMAL
,shop.example,https://shop.example/,16,20.897,32.252,70.939,151.945,60.865,336.898,523345,200.0,cold,0,1,,,synthetic,NORMAL
,cdn-far.example,https://cdn-far.example/,11,0.0,0.0,0.0,37.774,19.158,56.932,171584,200.0,warm,1,1,,,synthetic,NORMAL
,api.example,https://api.example/,5,0.0,31.611,50.381,49.29,1.71,132.991,16763,200.0,warm,0,1,,,synthetic,NORMAL
,api.example,https://api.example/,9,0.0,21.287,756.21,235.463,5.352,1018.312,28755,200.0,warm,0,1,,,synthetic,TLS_PROBLEM
,api.example,https://api.example/,17,192.627,17.14,65.885,114.667,3.1,393.418,26716,200.0,cold,0,1,,,synthetic,DNS_PROBLEM
,cdn-near.example,https://cdn-near.example/,5,0.0,0.0,0.0,22.307,7.65,29.958,93282,200.0,warm,1,1,,,synthetic,NORMAL
,cdn-near.example,https://cdn-near.example/,3,7.963,7.738,59.837,29.926,9.764,115.228,127560,200.0,cold,0,1,,,synthetic,NORMAL
,api.example,https://api.example/,5,12.199,19.194,53.274,554.236,1.761,640.663,21549,200.0,cold,0,1,,,synthetic,HTTP_PROBLEM
,media.example,https://media.example/,7,109.023,51.893,72.429,69.535,44.913,347.793,609056,200.0,cold,0,1,,,synthetic,DNS_PROBLEM
,cdn-near.example,https://cdn-near.example/,19,0.0,11.952,37.823,114.713,23.149,187.637,111174,200.0,warm,0,1,,,synthetic,NORMAL
,cdn-near.example,https://cdn-near.example/,18,7.376,3.86,27.859,56.08,5.897,101.071,76887,200.0,cold,0,1,,,synthetic,NORMAL
,legacy.example,https://legacy.example/,15,40.241,117.52,189.595,496.033,11.956,855.345,153477,200.0,cold,0,1,,,synthetic,NORMAL
,legacy.example,https://legacy.example/,7,97.94,340.859,57.2,225.468,22.249,743.717,196094,200.0,cold,0,1,,,synthetic,CONNECT_PROBLEM
,cdn-near.example,https://cdn-near.example/,23,0.0,87.762,39.923,137.412,39.73,304.827,69910,200.0,warm,0,1,,,synthetic,CONNECT_PROBLEM
,api.example,https://api.example/,18,309.346,21.529,62.387,156.255,5.238,554.755,37211,200.0,cold,0,1,,,synthetic,DNS_PROBLEM
,legacy.example,https://legacy.example/,6,41.642,60.04,117.669,433.571,47.423,700.346,576611,200.0,cold,0,1,,,synthetic,NORMAL
,api.example,https://api.example/,23,20.669,0.0,0.0,183.934,13.489,218.093,68112,200.0,cold,1,1,,,synthetic,NORMAL
,cdn-far.example,https://cdn-far.example/,9,17.457,150.348,185.861,129.721,22.024,505.413,96801,200.0,cold,0,1,,,synthetic,NORMAL
,shop.example,https://shop.example/,21,0.0,266.859,82.093,289.296,132.671,770.919,697269,200.0,warm,0,1,,,synthetic,CONNECT_PROBLEM
,media.example,https://media.example/,17,15.333,0.0,0.0,72.882,537.6,625.815,3999675,200.0,cold,1,1,,,synthetic,NORMAL
,media.example,https://media.example/,23,18.022,80.868,138.124,134.195,194.888,566.098,1663897,200.0,cold,0,1,,,synthetic,NORMAL
,api.example,https://api.example/,8,0.0,8407.496,0.0,0.0,0.0,8407.496,0,,warm,0,0,CONNECT,,synthetic,CONNECT_PROBLEM
,cdn-far.example,https://cdn-far.example/,3,3399.292,0.0,0.0,0.0,0.0,3399.292,0,,cold,0,0,DNS,,synthetic,DNS_PROBLEM
,shop.example,https://shop.example/,22,0.0,89.108,134.141,310.955,77.904,612.108,320142,200.0,warm,0,1,,,synthetic,NORMAL
,shop.example,https://shop.example/,23,18.956,67.051,193.216,403.229,0.173,682.626,1739,503.0,cold,0,0,HTTP,,synthetic,HTTP_PROBLEM
,cdn-near.example,https://cdn-near.example/,21,14.422,143.813,51.503,58.419,19.044,287.201,130370,200.0,cold,0,1,,,synthetic,CONNECT_PROBLEM
,media.example,https://media.example/,17,0.0,66.489,151.352,154.903,159.542,532.285,1298714,200.0,warm,0,1,,,synthetic,NORMAL
,media.example,https://media.example/,1,0.0,26.838,402.258,59.843,128.505,617.444,1351571,200.0,warm,0,1,,,synthetic,TLS_PROBLEM
,cdn-near.example,https://cdn-near.example/,20,0.0,14.598,78.483,618.147,0.216,711.444,1386,503.0,warm,0,0,HTTP,,synthetic,HTTP_PROBLEM
,cdn-far.example,https://cdn-far.example/,14,24.006,241.798,171.925,93.476,18.598,549.804,63944,200.0,cold,0,1,,,synthetic,CONNECT_PROBLEM
,cdn-far.example,https://cdn-far.example/,13,0.0,692.698,158.579,59.423,18.241,928.941,72959,200.0,warm,0,1,,,synthetic,CONNECT_PROBLEM
,cdn-far.example,https://cdn-far.example/,13,23.572,0.0,0.0,76.812,11.611,111.995,114848,200.0,cold,1,1,,,synthetic,NORMAL
,shop.example,https://shop.example/,2,32.119,45.569,75.402,716.456,0.382,869.928,2857,500.0,cold,0,0,HTTP,,synthetic,HTTP_PROBLEM
,legacy.example,https://legacy.example/,11,0.0,39.482,129.242,460.782,35.47,664.976,382873,200.0,warm,0,1,,,synthetic,NORMAL
,api.example,https://api.example/,16,23.118,14.025,40.604,73.882,1.446,153.075,12293,200.0,cold,0,1,,,synthetic,NORMAL
,cdn-far.example,https://cdn-far.example/,22,0.0,104.818,551.683,70.804,24.423,751.728,133402,200.0,warm,0,1,,,synthetic,NORMAL
,api.example,https://api.example/,19,0.0,49.603,77.204,117.324,5.764,249.895,28846,200.0,warm,0,1,,,synthetic,NORMAL
,legacy.example,https://legacy.example/,17,67.666,131.936,135.132,203.062,21.813,559.609,153814,200.0,cold,0,1,,,synthetic,NORMAL
,cdn-near.example,https://cdn-near.example/,5,0.0,5.051,312.128,43.707,23.739,384.625,263338,200.0,warm,0,1,,,synthetic,TLS_PROBLEM
,media.example,https://media.example/,0,0.0,0.0,0.0,95.408,199.712,295.119,1972812,200.0,warm,1,1,,,synthetic,NORMAL
,cdn-near.example,https://cdn-near.example/,5,14.888,15.0,36.006,62.54,7.952,136.385,122666,200.0,cold,0,1,,,synthetic,NORMAL
,cdn-far.example,https://cdn-far.example/,12,5393.056,0.0,0.0,0.0,0.0,5393.056,0,,cold,0,0,DNS,,synthetic,DNS_PROBLEM
,legacy.example,https://legacy.example/,20,0.0,68.461,259.939,186.165,97.672,612.236,551389,200.0,warm,0,1,,,synthetic,NORMAL
,shop.example,https://shop.example/,1,5644.997,0.0,0.0,0.0,0.0,5644.997,0,,cold,0,0,DNS,,synthetic,DNS_PROBLEM
,legacy.example,https://legacy.example/,11,0.0,0.0,0.0,548.601,19.321,567.922,128822,200.0,warm,1,1,,,synthetic,NORMAL
,media.example,https://media.example/,1,26.625,97.744,162.87,153.79,299.15,740.178,2319589,200.0,cold,0,1,,,synthetic,NORMAL
,cdn-far.example,https://cdn-far.example/,9,0.0,0.0,0.0,378.453,19.297,397.75,125639,200.0,warm,1,1,,,synthetic,HTTP_PROBLEM
,media.example,https://media.example/,20,18.736,45.775,114.635,86.375,187.065,452.586,1596533,200.0,cold,0,1,,,synthetic,NORMAL
,cdn-far.example,https://cdn-far.example/,15,30.234,0.0,0.0,77.969,37.814,146.017,216668,200.0,cold,1,1,,,synthetic,NORMAL
,shop.example,https://shop.example/,18,0.0,0.0,0.0,410.009,122.005,532.014,1001265,200.0,warm,1,1,,,synthetic,NORMAL
,media.example,https://media.example/,12,0.0,46.171,815.208,73.383,77.868,1012.63,804876,200.0,warm,0,1,,,synthetic,TLS_PROBLEM
,cdn-near.example,https://cdn-near.example/,21,0.0,10.184,3958.614,0.0,0.0,3968.798,0,,warm,0,0,TLS,,synthetic,TLS_PROBLEM
,cdn-near.example,https://cdn-near.example/,21,14.448,7.99,35.534,716.168,19.677,793.817,115443,200.0,cold,0,1,,,synthetic,HTTP_PROBLEM
,legacy.example,https://legacy.example/,18,0.0,0.0,0.0,2547.607,107.802,2655.409,663908,200.0,warm,1,1,,,synthetic,HTTP_PROBLEM
,media.example,https://media.example/,23,0.0,113.408,83.954,89.082,246.639,533.082,1177640,200.0,warm,0,1,,,synthetic,NORMAL
,cdn-far.example,https://cdn-far.example/,17,25.104,148.186,241.133,74.507,11.708,500.637,110054,200.0,cold,0,1,,,synthetic,NORMAL
,api.example,https://api.example/,13,0.0,16.815,347.338,138.676,2.031,504.859,26826,200.0,warm,0,1,,,synthetic,TLS_PROBLEM
,api.example,https://api.example/,23,0.0,25.598,70.46,70.034,7.251,173.343,40519,200.0,warm,0,1,,,synthetic,NORMAL
,media.example,https://media.example/,16,0.0,39.706,106.228,61.429,239.568,446.93,3327576,200.0,warm,0,1,,,synthetic,NORMAL
,media.example,https://media.example/,18,0.0,0.0,0.0,183.571,78.207,261.777,814522,200.0,warm,1,1,,,synthetic,NORMAL
,legacy.example,https://legacy.example/,9,57.196,105.231,205.027,484.854,51.31,903.618,423529,200.0,cold,0,1,,,synthetic,NORMAL
,legacy.example,https://legacy.example/,15,0.0,99.21,239.075,366.963,25.854,731.102,205338,200.0,warm,0,1,,,synthetic,NORMAL
,media.example,https://media.example/,9,0.0,339.564,118.637,125.741,322.915,906.858,1255110,200.0,warm,0,1,,,synthetic,CONNECT_PROBLEM
,media.example,https://media.example/,23,0.0,0.0,0.0,1533.799,185.292,1719.09,1734722,200.0,warm,1,1,,,synthetic,HTTP_PROBLEM
,api.example,https://api.example/,1,19.291,21.784,73.417,91.178,5.854,211.524,35694,200.0,cold,0,1,,,synthetic,NORMAL
,shop.example,https://shop.example/,10,13.121,25.198,46.899,81.435,133.536,300.189,1900607,200.0,cold,0,1,,,synthetic,NORMAL
,cdn-near.example,https://cdn-near.example/,1,11.671,0.0,0.0,76.357,6.283,94.311,74240,200.0,cold,1,1,,,synthetic,NORMAL
,shop.example,https://shop.example/,21,0.0,28.245,152.54,591.362,178.458,950.606,833774,200.0,warm,0,1,,,synthetic,NORMAL
,legacy.example,https://legacy.example/,9,0.0,107.912,216.021,4609.058,39.882,4972.874,249713,200.0,warm,0,1,,,synthetic,HTTP_PROBLEM
,api.example,https://api.example/,10,0.0,11.316,50.665,53.198,1.587,116.766,19368,200.0,warm,0,1,,,synthetic,NORMAL
,legacy.example,https://legacy.example/,23,0.0,83.48,202.008,562.256,47.654,895.397,344122,200.0,warm,0,1,,,synthetic,NORMAL
,shop.example,https://shop.example/,12,0.0,21.222,171.405,372.926,0.288,565.841,1908,500.0,warm,0,0,HTTP,,synthetic,HTTP_PROBLEM
,api.example,https://api.example/,11,24.392,20.13,60.982,1012.194,0.139,1117.838,1277,500.0,cold,0,0,HTTP,,synthetic,HTTP_PROBLEM
,api.example,https://api.example/,1,0.0,20.901,62.952,90.134,4.608,178.596,41301,200.0,warm,0,1,,,synthetic,NORMAL
,cdn-far.example,https://cdn-far.example/,15,56.956,96.195,275.582,44.351,20.164,493.248,244899,200.0,cold,0,1,,,synthetic,NORMAL
,api.example,https://api.example/,19,0.0,60.868,100.798,303.03,2.303,466.999,11219,200.0,warm,0,1,,,synthetic,NORMAL
,cdn-far.example,https://cdn-far.example/,8,0.0,124.71,485.891,896.659,0.329,1507.589,1904,503.0,warm,0,0,HTTP,,synthetic,HTTP_PROBLEM
,cdn-far.example,https://cdn-far.example/,18,0.0,37.351,190.568,52.783,14.147,294.849,153775,200.0,warm,0,1,,,synthetic,NORMAL
,shop.example,https://shop.example/,6,0.0,0.0,0.0,238.371,77.544,315.915,942743,200.0,warm,1,1,,,synthetic,NORMAL
,legacy.example,https://legacy.example/,8,0.0,61.147,207.704,502.742,74.283,845.877,622417,200.0,warm,0,1,,,synthetic,NORMAL
,cdn-near.example,https://cdn-near.example/,17,26.496,7.801,51.228,27.071,22.32,134.917,176202,200.0,cold,0,1,,,synthetic,DNS_PROBLEM
,api.example,https://api.example/,13,0.0,9420.689,0.0,0.0,0.0,9420.689,0,,warm,0,0,CONNECT,,synthetic,CONNECT_PROBLEM
,api.example,https://api.example/,10,230.171,26.602,60.224,92.385,4.654,414.035,23216,200.0,cold,0,1,,,synthetic,DNS_PROBLEM
,cdn-near.example,https://cdn-near.example/,11,17.328,4.485,2555.84,0.0,0.0,2577.653,0,,cold,0,0,TLS,,synthetic,TLS_PROBLEM
,legacy.example,https://legacy.example/,3,49.399,68.743,139.591,750.144,22.005,1029.882,95799,200.0,cold,0,1,,,synthetic,NORMAL
,shop.example,https://shop.example/,21,0.0,70.684,192.011,550.878,58.137,871.709,240576,200.0,warm,0,1,,,synthetic,NORMAL
,shop.example,https://shop.example/,2,0.0,43.27,72.403,316.94,95.166,527.78,485158,200.0,warm,0,1,,,synthetic,NORMAL
,api.example,https://api.example/,16,0.0,20.008,37.39,98.488,2.635,158.521,30567,200.0,warm,0,1,,,synthetic,NORMAL
,shop.example,https://shop.example/,7,0.0,28.455,126.282,177.952,118.897,451.586,721649,200.0,warm,0,1,,,synthetic,NORMAL
,legacy.example,https://legacy.example/,0,41.812,29.538,96.43,316.602,59.573,543.954,320653,200.0,cold,0,1,,,synthetic,NORMAL
,api.example,https://api.example/,7,23.485,23.664,115.395,114.295,0.929,277.768,9196,200.0,cold,0,1,,,synthetic,NORMAL
,api.example,https://api.example/,6,26.032,16.072,37.148,140.892,2.551,222.693,24678,200.0,cold,0,1,,,synthetic,NORMAL
,cdn-far.example,https://cdn-far.example/,14,21.579,5775.517,0.0,0.0,0.0,5797.096,0,,cold,0,0,CONNECT,,synthetic,CONNECT_PROBLEM
,cdn-near.example,https://cdn-near.example/,3,0.0,11.096,42.503,46.055,8.234,107.889,111239,200.0,warm,0,1,,,synthetic,NORMAL
,media.example,https://media.example/,8,13.223,153.778,564.794,159.401,541.238,1432.434,2192760,200.0,cold,0,1,,,synthetic,NORMAL
,cdn-far.example,https://cdn-far.example/,19,0.0,273.505,470.409,110.227,17.085,871.226,96155,200.0,warm,0,1,,,synthetic,NORMAL
,cdn-far.example,https://cdn-far.example/,5,21.384,1508.459,219.292,45.418,22.644,1817.197,152018,200.0,cold,0,1,,,synthetic,CONNECT_PROBLEM
,cdn-near.example,https://cdn-near.example/,19,8.393,7.563,38.292,95.622,18.045,167.916,103550,200.0,cold,0,1,,,synthetic,NORMAL
,legacy.example,https://legacy.example/,17,16.037,44.294,106.594,217.79,19.84,404.554,249862,200.0,cold,0,1,,,synthetic,NORMAL
,legacy.example,https://legacy.example/,9,0.0,95.721,173.416,928.119,55.889,1253.145,377041,200.0,warm,0,1,,,synthetic,NORMAL
,shop.example,https://shop.example/,3,0.0,33.654,62.05,163.61,25.775,285.089,524211,200.0,warm,0,1,,,synthetic,NORMAL
,cdn-far.example,https://cdn-far.example/,5,0.0,86.147,3417.01,0.0,0.0,3503.157,0,,warm,0,0,TLS,,synthetic,TLS_PROBLEM
,cdn-far.example,https://cdn-far.example/,15,0.0,2591.207,231.851,95.696,65.789,2984.543,249278,200.0,warm,0,1,,,synthetic,CONNECT_PROBLEM
,media.example,https://media.example/,13,300.852,31.879,120.873,46.502,159.833,659.94,1323343,200.0,cold,0,1,,,synthetic,DNS_PROBLEM
,legacy.example,https://legacy.example/,21,0.0,0.0,0.0,6031.127,47.089,6078.216,303477,200.0,warm,1,1,,,synthetic,HTTP_PROBLEM
,legacy.example,https://legacy.example/,23,37.101,0.0,0.0,394.55,60.176,491.827,442984,200.0,cold,1,1,,,synthetic,NORMAL
,legacy.example,https://legacy.example/,0,45.437,0.0,0.0,513.732,17.099,576.268,138443,200.0,cold,1,1,,,synthetic,NORMAL
,legacy.example,https://legacy.example/,17,52.971,35.032,61.428,111.605,30.518,291.554,530388,200.0,cold,0,1,,,synthetic,NORMAL
,cdn-near.example,https://cdn-near.example/,11,0.0,84.298,34.315,71.079,18.94,208.633,81735,200.0,warm,0,1,,,synthetic,CONNECT_PROBLEM
,cdn-near.example,https://cdn-near.example/,13,10.053,8.826,29.907,47.007,16.02,111.814,94444,200.0,cold,0,1,,,synthetic,NORMAL
,api.example,https://api.example/,17,12.57,21.397,85.021,64.494,8.858,192.341,75893,200.0,cold,0,1,,,synthetic,NORMAL
,cdn-near.example,https://cdn-near.example/,9,9.811,9.857,48.578,64.709,16.426,149.381,90341,200.0,cold,0,1,,,synthetic,NORMAL
,legacy.example,https://legacy.example/,3,39.979,63.158,117.139,160.062,30.822,411.16,275761,200.0,cold,0,1,,,synthetic,NORMAL
,legacy.example,https://legacy.example/,19,68.762,0.0,0.0,255.57,60.4,384.732,280313,200.0,cold,1,1,,,synthetic,NORMAL
,shop.example,https://shop.example/,1,24.166,48.345,50.61,186.129,54.237,363.488,672670,200.0,cold,0,1,,,synthetic,NORMAL
,cdn-near.example,https://cdn-near.example/,14,0.0,8.764,39.984,39.6,21.05,109.398,95329,200.0,warm,0,1,,,synthetic,NORMAL
,cdn-far.example,https://cdn-far.example/,18,0.0,192.429,211.491,74.571,8.173,486.664,63848,200.0,warm,0,1,,,synthetic,NORMAL
,media.example,https://media.example/,10,0.0,44.854,177.228,1040.68,121.168,1383.93,1731353,200.0,warm,0,1,,,synthetic,HTTP_PROBLEM
,api.example,https://api.example/,8,16.525,36.859,95.257,108.881,6.393,263.915,29223,200.0,cold,0,1,,,synthetic,NORMAL
,cdn-far.example,https://cdn-far.example/,19,22.781,180.462,460.006,1192.28,107.857,1963.387,277206,200.0,cold,0,1,,,synthetic,HTTP_PROBLEM
,api.example,https://api.example/,14,9.293,13.755,30.752,54.457,1.13,109.387,15740,200.0,cold,0,1,,,synthetic,NORMAL
,api.example,https://api.example/,21,0.0,0.0,0.0,588.587,9.194,597.781,60640,200.0,warm,1,1,,,synthetic,HTTP_PROBLEM
,cdn-near.example,https://cdn-near.example/,3,16.096,0.0,0.0,353.231,6.211,375.538,97322,200.0,cold,1,1,,,synthetic,HTTP_PROBLEM
,legacy.example,https://legacy.example/,9,0.0,96.47,169.323,12617.305,36.85,12919.949,270830,200.0,warm,0,1,,,synthetic,HTTP_PROBLEM
,legacy.example,https://legacy.example/,22,0.0,0.0,0.0,450.88,178.557,629.437,713787,200.0,warm,1,1,,,synthetic,NORMAL
,media.example,https://media.example/,11,15.587,31.274,102.059,69.149,98.404,316.474,1066012,200.0,cold,0,1,,,synthetic,NORMAL
,api.example,https://api.example/,4,27.696,0.0,0.0,100.943,1.635,130.274,15966,200.0,cold,1,1,,,synthetic,NORMAL
,legacy.example,https://legacy.example/,11,0.0,0.0,0.0,422.158,42.251,464.409,533966,200.0,warm,1,1,,,synthetic,NORMAL
,api.example,https://api.example/,0,0.0,9.739,49.618,99.493,1.335,160.186,20430,200.0,warm,0,1,,,synthetic,NORMAL
,cdn-near.example,https://cdn-near.example/,21,16.618,6321.013,0.0,0.0,0.0,6337.631,0,,cold,0,0,CONNECT,,synthetic,CONNECT_PROBLEM
,legacy.example,https://legacy.example/,17,36.387,0.0,0.0,199.075,15.102,250.563,148829,200.0,cold,1,1,,,synthetic,NORMAL
,cdn-near.example,https://cdn-near.example/,9,0.0,71.311,26.176,102.936,47.007,247.43,111748,200.0,warm,0,1,,,synthetic,CONNECT_PROBLEM
,legacy.example,https://legacy.example/,3,45.095,127.613,178.302,278.905,13.09,643.005,163331,200.0,cold,0,1,,,synthetic,NORMAL
,api.example,https://api.example/,0,0.0,24.826,39.519,90.811,5.801,160.958,18562,200.0,warm,0,1,,,synthetic,NORMAL
,api.example,https://api.example/,10,16.688,19.123,55.646,109.641,2.725,203.823,32128,200.0,cold,0,1,,,synthetic,NORMAL
,media.example,https://media.example/,2,5069.464,0.0,0.0,0.0,0.0,5069.464,0,,cold,0,0,DNS,,synthetic,DNS_PROBLEM
,legacy.example,https://legacy.example/,20,5274.079,0.0,0.0,0.0,0.0,5274.079,0,,cold,0,0,DNS,,synthetic,DNS_PROBLEM
,api.example,https://api.example/,18,0.0,20.192,59.299,670.739,0.123,750.352,1371,500.0,warm,0,0,HTTP,,synthetic,HTTP_PROBLEM
,cdn-near.example,https://cdn-near.example/,19,16.986,9.719,17.399,86.863,8.951,139.917,59150,200.0,cold,0,1,,,synthetic,NORMAL
,cdn-near.example,https://cdn-near.example/,20,0.0,0.0,0.0,138.109,39.911,178.02,191834,200.0,warm,1,1,,,synthetic,NORMAL
,media.example,https://media.example/,8,0.0,152.795,108.125,580.992,0.571,842.484,2496,502.0,warm,0,0,HTTP,,synthetic,HTTP_PROBLEM
,api.example,https://api.example/,2,28.453,430.213,83.255,82.204,2.694,626.819,16070,200.0,cold,0,1,,,synthetic,CONNECT_PROBLEM
,legacy.example,https://legacy.example/,17,322.212,95.085,171.206,570.159,37.301,1195.963,319813,200.0,cold,0,1,,,synthetic,DNS_PROBLEM
,api.example,https://api.example/,3,17.076,0.0,0.0,102.718,1.349,121.143,12116,200.0,cold,1,1,,,synthetic,NORMAL
,api.example,https://api.example/,3,17.355,12.522,49.17,110.431,1.292,190.769,14242,200.0,cold,0,1,,,synthetic,NORMAL
,legacy.example,https://legacy.example/,7,0.0,42.301,1169.735,238.337,8.416,1458.789,94720,200.0,warm,0,1,,,synthetic,TLS_PROBLEM
,shop.example,https://shop.example/,22,0.0,79.695,416.23,454.285,44.03,994.24,265023,200.0,warm,0,1,,,synthetic,TLS_PROBLEM
,cdn-far.example,https://cdn-far.example/,5,0.0,85.566,1645.471,40.707,8.414,1780.159,183138,200.0,warm,0,1,,,synthetic,TLS_PROBLEM
,cdn-near.example,https://cdn-near.example/,23,19.163,16.185,49.036,37.831,3.233,125.447,40199,200.0,cold,0,1,,,synthetic,NORMAL
,cdn-far.example,https://cdn-far.example/,13,29.422,0.0,0.0,86.741,27.802,143.965,292423,200.0,cold,1,1,,,synthetic,NORMAL
,media.example,https://media.example/,15,0.0,52.327,70.53,100.973,208.687,432.517,1819042,200.0,warm,0,1,,,synthetic,NORMAL
,api.example,https://api.example/,4,71.174,13.618,51.846,75.99,3.272,215.901,43377,200.0,cold,0,1,,,synthetic,DNS_PROBLEM
,cdn-near.example,https://cdn-near.example/,6,0.0,9.542,19.841,391.642,10.692,431.716,68919,200.0,warm,0,1,,,synthetic,HTTP_PROBLEM
,legacy.example,https://legacy.example/,4,0.0,467.799,143.054,717.319,70.589,1398.76,278338,200.0,warm,0,1,,,synthetic,CONNECT_PROBLEM
,legacy.example,https://legacy.example/,13,0.0,0.0,0.0,363.552,18.428,381.98,230152,200.0,warm,1,1,,,synthetic,NORMAL
,shop.example,https://shop.example/,20,4856.765,0.0,0.0,0.0,0.0,4856.765,0,,cold,0,0,DNS,,synthetic,DNS_PROBLEM
,cdn-near.example,https://cdn-near.example/,15,0.0,0.0,0.0,45.753,10.689,56.442,112676,200.0,warm,1,1,,,synthetic,NORMAL
,media.example,https://media.example/,14,5473.069,0.0,0.0,0.0,0.0,5473.069,0,,cold,0,0,DNS,,synthetic,DNS_PROBLEM
,cdn-near.example,https://cdn-near.example/,0,0.0,4.421,39.461,28.576,10.657,83.115,133647,200.0,warm,0,1,,,synthetic,NORMAL
,cdn-near.example,https://cdn-near.example/,19,0.0,13.82,51.666,88.056,38.858,192.401,108407,200.0,warm,0,1,,,synthetic,NORMAL
,shop.example,https://shop.example/,16,22.747,24.414,49.879,177.188,30.942,305.171,524486,200.0,cold,0,1,,,synthetic,NORMAL
,media.example,https://media.example/,19,15.205,107.839,149.787,340.475,301.501,914.807,808810,200.0,cold,0,1,,,synthetic,NORMAL
,media.example,https://media.example/,17,19.208,0.0,0.0,117.671,624.021,760.901,4209594,200.0,cold,1,1,,,synthetic,NORMAL
,shop.example,https://shop.example/,1,16.776,39.831,105.469,252.737,126.096,540.909,1192945,200.0,cold,0,1,,,synthetic,NORMAL
,shop.example,https://shop.example/,4,0.0,22.784,39.068,360.859,79.642,502.353,663131,200.0,warm,0,1,,,synthetic,NORMAL
,media.example,https://media.example/,1,15.346,27.614,2605.287,0.0,0.0,2648.248,0,,cold,0,0,TLS,,synthetic,TLS_PROBLEM
,legacy.example,https://legacy.example/,1,184.28,29.585,145.424,310.465,35.823,705.576,257007,200.0,cold,0,1,,,synthetic,DNS_PROBLEM
,api.example,https://api.example/,8,0.0,31.72,211.231,137.349,6.822,387.122,30670,200.0,warm,0,1,,,synthetic,NORMAL
,cdn-near.example,https://cdn-near.example/,14,10.625,3.042,18.243,44.856,9.8,86.565,103786,200.0,cold,0,1,,,synthetic,NORMAL
,media.example,https://media.example/,13,17.58,0.0,0.0,69.597,109.04,196.217,1488603,200.0,cold,1,1,,,synthetic,NORMAL
,cdn-near.example,https://cdn-near.example/,5,96.349,10.086,32.719,32.393,12.989,184.537,142198,200.0,cold,0,1,,,synthetic,DNS_PROBLEM
,api.example,https://api.example/,8,0.0,37.296,174.163,276.551,9.668,497.679,44108,200.0,warm,0,1,,,synthetic,NORMAL
,media.example,https://media.example/,22,0.0,371.764,117.486,212.288,561.497,1263.034,1973572,200.0,warm,0,1,,,synthetic,CONNECT_PROBLEM
,cdn-near.example,https://cdn-near.example/,18,0.0,4.933,19.916,26.471,9.355,60.675,104285,200.0,warm,0,1,,,synthetic,NORMAL
,shop.example,https://shop.example/,3,0.0,0.0,0.0,313.811,100.582,414.393,610601,200.0,warm,1,1,,,synthetic,NORMAL
,cdn-far.example,https://cdn-far.example/,15,225.605,182.109,195.793,79.506,35.758,718.771,246136,200.0,cold,0,1,,,synthetic,DNS_PROBLEM
,cdn-near.example,https://cdn-near.example/,12,0.0,14.164,45.458,61.047,16.13,136.799,103340,200.0,warm,0,1,,,synthetic,NORMAL
,api.example,https://api.example/,23,0.0,57.252,136.953,75.405,7.876,277.487,34814,200.0,warm,0,1,,,synthetic,NORMAL
,cdn-far.example,https://cdn-far.example/,8,21.485,0.0,0.0,64.277,30.975,116.737,106717,200.0,cold,1,1,,,synthetic,NORMAL
,media.example,https://media.example/,1,14.356,466.685,80.411,79.918,107.929,749.299,861342,200.0,cold,0,1,,,synthetic,CONNECT_PROBLEM
,legacy.example,https://legacy.example/,22,0.0,128.339,4354.724,1039.975,74.742,5597.78,356842,200.0,warm,0,1,,,synthetic,TLS_PROBLEM
,legacy.example,https://legacy.example/,13,0.0,44.994,168.196,3308.228,44.826,3566.244,510052,200.0,warm,0,1,,,synthetic,HTTP_PROBLEM
,legacy.example,https://legacy.example/,3,0.0,75.084,176.354,322.44,14.621,588.499,174425,200.0,warm,0,1,,,synthetic,NORMAL
,cdn-near.example,https://cdn-near.example/,4,17.873,9.975,30.792,34.237,6.455,99.332,46326,200.0,cold,0,1,,,synthetic,NORMAL
,legacy.example,https://legacy.example/,5,0.0,672.351,250.404,439.799,28.459,1391.013,273940,200.0,warm,0,1,,,synthetic,CONNECT_PROBLEM
,legacy.example,https://legacy.example/,15,36.278,42.229,173.008,362.688,43.456,657.659,381871,200.0,cold,0,1,,,synthetic,NORMAL
,shop.example,https://shop.example/,0,29.534,49.272,168.627,801.283,0.18,1048.898,1926,500.0,cold,0,0,HTTP,,synthetic,HTTP_PROBLEM
,legacy.example,https://legacy.example/,12,30.462,67.3,173.702,4018.613,14.11,4304.186,189471,200.0,cold,0,1,,,synthetic,HTTP_PROBLEM
,api.example,https://api.example/,23,0.0,41.25,68.693,78.357,2.076,190.376,16780,200.0,warm,0,1,,,synthetic,NORMAL
,shop.example,https://shop.example/,0,0.0,41.201,33.484,604.978,103.035,782.698,938030,200.0,warm,0,1,,,synthetic,NORMAL
,shop.example,https://shop.example/,7,0.0,40.19,116.865,323.452,75.091,555.597,632198,200.0,warm,0,1,,,synthetic,NORMAL
,cdn-far.example,https://cdn-far.example/,7,21.764,111.844,145.969,27.682,9.28,316.539,116011,200.0,cold,0,1,,,synthetic,NORMAL
,shop.example,https://shop.example/,1,0.0,0.0,0.0,198.899,50.949,249.848,390004,200.0,warm,1,1,,,synthetic,NORMAL
,api.example,https://api.example/,16,0.0,27.22,61.519,126.19,4.011,218.941,18259,200.0,warm,0,1,,,synthetic,NORMAL
,api.example,https://api.example/,11,7.565,37.674,58.505,416.982,1.559,522.285,18297,200.0,cold,0,1,,,synthetic,HTTP_PROBLEM
,cdn-far.example,https://cdn-far.example/,12,15.746,121.439,184.87,483.349,14.84,820.244,165499,200.0,cold,0,1,,,synthetic,HTTP_PROBLEM
,cdn-far.example,https://cdn-far.example/,11,15.366,87.395,1736.182,83.966,4.373,1927.282,56825,200.0,cold,0,1,,,synthetic,TLS_PROBLEM
,media.example,https://media.example/,21,28.813,0.0,0.0,72.3,616.481,717.594,2220383,200.0,cold,1,1,,,synthetic,NORMAL
,shop.example,https://shop.example/,2,0.0,39.237,82.382,214.291,92.244,428.154,767800,200.0,warm,0,1,,,synthetic,NORMAL
,shop.example,https://shop.example/,13,16.267,0.0,0.0,188.934,46.97,252.17,718295,200.0,cold,1,1,,,synthetic,NORMAL
,shop.example,https://shop.example/,11,0.0,23.056,52.544,245.458,113.459,434.517,1065564,200.0,warm,0,1,,,synthetic,NORMAL
,cdn-near.example,https://cdn-near.example/,10,12.852,4.978,43.215,40.869,10.27,112.184,168902,200.0,cold,0,1,,,synthetic,NORMAL
,cdn-near.example,https://cdn-near.example/,12,106.944,5.95,32.267,40.104,4.017,189.282,73562,200.0,cold,0,1,,,synthetic,DNS_PROBLEM
,legacy.example,https://legacy.example/,7,0.0,4394.833,0.0,0.0,0.0,4394.833,0,,warm,0,0,CONNECT,,synthetic,CONNECT_PROBLEM
,cdn-near.example,https://cdn-near.example/,11,0.0,14.553,26.358,58.344,11.142,110.398,89058,200.0,warm,0,1,,,synthetic,NORMAL
,media.example,https://media.example/,17,20.314,170.242,132.643,92.717,309.037,724.952,1873438,200.0,cold,0,1,,,synthetic,CONNECT_PROBLEM
,api.example,https://api.example/,1,0.0,22.958,78.991,112.496,3.653,218.098,23075,200.0,warm,0,1,,,synthetic,NORMAL
,media.example,https://media.example/,2,0.0,51.287,152.261,96.629,335.405,635.582,2366147,200.0,warm,0,1,,,synthetic,NORMAL
,cdn-near.example,https://cdn-near.example/,3,14.315,6.294,48.386,58.025,21.453,148.474,93090,200.0,cold,0,1,,,synthetic,NORMAL
,cdn-near.example,https://cdn-near.example/,5,0.0,10.803,68.437,457.497,16.063,552.799,115546,200.0,warm,0,1,,,synthetic,HTTP_PROBLEM
,shop.example,https://shop.example/,23,13.354,42.365,139.578,347.756,68.995,612.048,410092,200.0,cold,0,1,,,synthetic,NORMAL
,legacy.example,https://legacy.example/,9,26.624,0.0,0.0,2369.979,71.538,2468.142,319782,200.0,cold,1,1,,,synthetic,HTTP_PROBLEM
,api.example,https://api.example/,20,12.244,0.0,0.0,141.716,2.755,156.715,26913,200.0,cold,1,1,,,synthetic,NORMAL
,cdn-far.example,https://cdn-far.example/,4,17.505,248.733,517.669,44.787,18.181,846.875,156608,200.0,cold,0,1,,,synthetic,NORMAL
,api.example,https://api.example/,5,0.0,36.468,63.888,1080.648,8.619,1189.623,47668,200.0,warm,0,1,,,synthetic,HTTP_PROBLEM
,shop.example,https://shop.example/,20,36.501,686.716,198.265,392.031,194.62,1508.134,1027694,200.0,cold,0,1,,,synthetic,CONNECT_PROBLEM
,api.example,https://api.example/,23,104.468,33.348,139.563,129.982,7.451,414.813,40571,200.0,cold,0,1,,,synthetic,DNS_PROBLEM
,media.example,https://media.example/,22,0.0,44.533,245.957,203.734,514.686,1008.91,2951620,200.0,warm,0,1,,,synthetic,NORMAL
,api.example,https://api.example/,20,0.0,41.095,94.107,139.79,3.988,278.981,23377,200.0,warm,0,1,,,synthetic,NORMAL
,legacy.example,https://legacy.example/,11,20.475,97.099,129.366,254.716,51.813,553.469,462415,200.0,cold,0,1,,,synthetic,NORMAL
,cdn-far.example,https://cdn-far.example/,18,22.618,219.587,335.58,882.662,11.016,1471.463,69698,200.0,cold,0,1,,,synthetic,HTTP_PROBLEM
,media.example,https://media.example/,21,5286.551,0.0,0.0,0.0,0.0,5286.551,0,,cold,0,0,DNS,,synthetic,DNS_PROBLEM
,shop.example,https://shop.example/,7,12.022,8681.302,0.0,0.0,0.0,8693.324,0,,cold,0,0,CONNECT,,synthetic,CONNECT_PROBLEM
,cdn-near.example,https://cdn-near.example/,23,0.0,10.63,43.342,73.628,11.409,139.01,86954,200.0,warm,0,1,,,synthetic,NORMAL
,legacy.example,https://legacy.example/,1,0.0,0.0,0.0,432.939,30.427,463.366,363295,200.0,warm,1,1,,,synthetic,NORMAL
,api.example,https://api.example/,5,0.0,20.72,71.34,66.573,3.747,162.38,31822,200.0,warm,0,1,,,synthetic,NORMAL
,media.example,https://media.example/,22,21.971,127.543,474.682,136.768,207.413,968.377,1380277,200.0,cold,0,1,,,synthetic,NORMAL
,media.example,https://media.example/,11,21.372,42.349,125.879,1868.516,169.913,2228.029,1066646,200.0,cold,0,1,,,synthetic,HTTP_PROBLEM
,media.example,https://media.example/,8,24.882,46.01,281.41,110.341,266.461,729.105,1476608,200.0,cold,0,1,,,synthetic,NORMAL
,legacy.example,https://legacy.example/,22,51.249,0.0,0.0,601.824,98.526,751.599,434310,200.0,cold,1,1,,,synthetic,NORMAL
,api.example,https://api.example/,22,0.0,21.741,53.502,183.511,1.443,260.198,14016,200.0,warm,0,1,,,synthetic,NORMAL
,cdn-near.example,https://cdn-near.example/,13,0.0,0.0,0.0,28.687,10.812,39.499,127899,200.0,warm,1,1,,,synthetic,NORMAL
,cdn-far.example,https://cdn-far.example/,5,25.542,0.0,0.0,78.326,8.82,112.688,148289,200.0,cold,1,1,,,synthetic,NORMAL
,cdn-near.example,https://cdn-near.example/,23,0.0,13.594,46.533,29.492,16.544,106.164,86935,200.0,warm,0,1,,,synthetic,NORMAL
,legacy.example,https://legacy.example/,18,18.786,4318.953,0.0,0.0,0.0,4337.738,0,,cold,0,0,CONNECT,,synthetic,CONNECT_PROBLEM
,cdn-near.example,https://cdn-near.example/,19,91.715,12.934,45.708,82.341,13.753,246.45,66378,200.0,cold,0,1,,,synthetic,DNS_PROBLEM
,shop.example,https://shop.example/,6,29.889,29.464,2688.533,0.0,0.0,2747.885,0,,cold,0,0,TLS,,synthetic,TLS_PROBLEM
,api.example,https://api.example/,5,0.0,15.463,42.27,134.557,3.726,196.015,41905,200.0,warm,0,1,,,synthetic,NORMAL
,cdn-near.example,https://cdn-near.example/,20,21.029,6.181,284.834,65.654,37.772,415.471,119610,200.0,cold,0,1,,,synthetic,TLS_PROBLEM
,cdn-near.example,https://cdn-near.example/,2,14.977,19.187,67.585,62.571,9.213,173.534,60597,200.0,cold,0,1,,,synthetic,NORMAL
,shop.example,https://shop.example/,8,9.515,54.747,146.337,580.699,34.378,825.677,273515,200.0,cold,0,1,,,synthetic,NORMAL
,legacy.example,https://legacy.example/,10,41.283,54.167,232.963,305.39,15.187,648.99,119181,200.0,cold,0,1,,,synthetic,NORMAL
,legacy.example,https://legacy.example/,19,0.0,85.273,382.165,264.954,36.997,769.389,299062,200.0,warm,0,1,,,synthetic,NORMAL
,shop.example,https://shop.example/,4,11.827,26.444,109.643,199.014,63.405,410.332,590455,200.0,cold,0,1,,,synthetic,NORMAL
,cdn-far.example,https://cdn-far.example/,7,34.415,105.064,255.002,40.582,8.564,443.626,46524,200.0,cold,0,1,,,synthetic,NORMAL
,legacy.example,https://legacy.example/,8,0.0,74.461,302.531,494.964,34.524,906.48,372417,200.0,warm,0,1,,,synthetic,NORMAL
,api.example,https://api.example/,3,12.871,17.878,50.256,83.532,4.331,168.868,30753,200.0,cold,0,1,,,synthetic,NORMAL
,legacy.example,https://legacy.example/,2,30.496,48.135,266.823,204.275,91.766,641.495,844741,200.0,cold,0,1,,,synthetic,NORMAL
,cdn-near.example,https://cdn-near.example/,6,11.361,6.94,20.019,41.743,31.412,111.474,235050,200.0,cold,0,1,,,synthetic,NORMAL
,media.example,https://media.example/,20,0.0,231.762,265.462,195.517,522.917,1215.658,2135974,200.0,warm,0,1,,,synthetic,NORMAL
,cdn-far.example,https://cdn-far.example/,6,19.617,0.0,0.0,841.931,0.403,861.951,2900,500.0,cold,1,0,HTTP,,synthetic,HTTP_PROBLEM
,shop.example,https://shop.example/,12,4282.337,0.0,0.0,0.0,0.0,4282.337,0,,cold,0,0,DNS,,synthetic,DNS_PROBLEM
,cdn-near.example,https://cdn-near.example/,5,8.31,9.207,34.42,26.329,7.655,85.92,88377,200.0,cold,0,1,,,synthetic,NORMAL
,shop.example,https://shop.example/,15,14.243,217.867,58.07,170.91,59.047,520.137,558946,200.0,cold,0,1,,,synthetic,CONNECT_PROBLEM
,media.example,https://media.example/,6,21.101,88.322,151.53,104.441,478.574,843.967,3581222,200.0,cold,0,1,,,synthetic,NORMAL
,cdn-near.example,https://cdn-near.example/,13,0.0,6.807,59.077,44.891,44.698,155.472,237415,200.0,warm,0,1,,,synthetic,NORMAL
,api.example,https://api.example/,5,0.0,21.825,56.717,1519.48,2.706,1600.728,35283,200.0,warm,0,1,,,synthetic,HTTP_PROBLEM
,cdn-far.example,https://cdn-far.example/,13,18.697,134.154,263.976,109.205,12.207,538.239,131320,200.0,cold,0,1,,,synthetic,NORMAL
,shop.example,https://shop.example/,13,18.888,0.0,0.0,262.903,26.873,308.663,225870,200.0,cold,1,1,,,synthetic,NORMAL
,api.example,https://api.example/,7,0.0,27.601,55.854,108.977,4.566,196.998,38091,200.0,warm,0,1,,,synthetic,NORMAL
,cdn-far.example,https://cdn-far.example/,0,31.973,0.0,0.0,452.199,20.754,504.926,185169,200.0,cold,1,1,,,synthetic,HTTP_PROBLEM
,media.example,https://media.example/,17,18.378,59.226,829.63,131.139,312.05,1350.424,2642850,200.0,cold,0,1,,,synthetic,TLS_PROBLEM
,legacy.example,https://legacy.example/,16,29.015,68.974,125.296,602.361,90.592,916.238,697663,200.0,cold,0,1,,,synthetic,NORMAL
,cdn-near.example,https://cdn-near.example/,14,8.935,11.191,738.807,50.844,17.628,827.405,141236,200.0,cold,0,1,,,synthetic,TLS_PROBLEM
,media.example,https://media.example/,2,0.0,34.463,2280.464,0.0,0.0,2314.927,0,,warm,0,0,TLS,,synthetic,TLS_PROBLEM
,cdn-near.example,https://cdn-near.example/,0,0.0,4.744,36.278,45.228,4.413,90.663,53862,200.0,warm,0,1,,,synthetic,NORMAL
,api.example,https://api.example/,8,0.0,750.023,74.438,181.523,16.915,1022.899,37836,200.0,warm,0,1,,,synthetic,CONNECT_PROBLEM
,api.example,https://api.example/,9,8.83,33.269,88.616,186.601,2.468,319.784,14439,200.0,cold,0,1,,,synthetic,NORMAL
,legacy.example,https://legacy.example/,14,0.0,45.245,73.489,194.513,68.83,382.078,429659,200.0,warm,0,1,,,synthetic,NORMAL
,cdn-near.example,https://cdn-near.example/,0,16.106,6.294,175.138,37.88,12.045,247.463,130094,200.0,cold,0,1,,,synthetic,TLS_PROBLEM
,cdn-far.example,https://cdn-far.example/,8,0.0,810.334,227.947,76.852,52.569,1167.703,140804,200.0,warm,0,1,,,synthetic,CONNECT_PROBLEM
,cdn-far.example,https://cdn-far.example/,12,0.0,687.871,184.871,69.161,11.56,953.463,92060,200.0,warm,0,1,,,synthetic,CONNECT_PROBLEM
,cdn-near.example,https://cdn-near.example/,6,89.176,6.427,32.422,57.694,6.58,192.299,65447,200.0,cold,0,1,,,synthetic,DNS_PROBLEM
,media.example,https://media.example/,1,0.0,0.0,0.0,41.189,179.124,220.313,1506644,200.0,warm,1,1,,,synthetic,NORMAL
,api.example,https://api.example/,11,0.0,18.571,45.928,112.92,3.745,181.165,34898,200.0,warm,0,1,,,synthetic,NORMAL
,shop.example,https://shop.example/,2,0.0,0.0,0.0,684.04,0.179,684.22,2179,502.0,warm,1,0,HTTP,,synthetic,HTTP_PROBLEM
,api.example,https://api.example/,11,0.0,0.0,0.0,549.453,0.343,549.796,2247,502.0,warm,1,0,HTTP,,synthetic,HTTP_PROBLEM
,media.example,https://media.example/,5,0.0,31.636,102.105,928.357,0.383,1062.481,2783,502.0,warm,0,0,HTTP,,synthetic,HTTP_PROBLEM
,cdn-near.example,https://cdn-near.example/,6,6.616,4.797,17.506,66.939,7.388,103.246,67784,200.0,cold,0,1,,,synthetic,NORMAL
,media.example,https://media.example/,22,0.0,38.474,138.408,124.521,147.963,449.365,1122536,200.0,warm,0,1,,,synthetic,NORMAL
,cdn-near.example,https://cdn-near.example/,23,0.0,169.096,29.794,83.02,47.665,329.575,176975,200.0,warm,0,1,,,synthetic,CONNECT_PROBLEM
,shop.example,https://shop.example/,22,0.0,66.181,154.267,601.37,0.29,822.108,2662,500.0,warm,0,0,HTTP,,synthetic,HTTP_PROBLEM
,cdn-near.example,https://cdn-near.example/,11,6.51,7.966,18.763,24.592,2.515,60.345,38847,200.0,cold,0,1,,,synthetic,NORMAL
,api.example,https://api.example/,1,226.893,22.288,44.758,74.934,2.907,371.78,24290,200.0,cold,0,1,,,synthetic,DNS_PROBLEM
,api.example,https://api.example/,21,0.0,22.787,469.021,190.545,2.088,684.44,32594,200.0,warm,0,1,,,synthetic,TLS_PROBLEM
,media.example,https://media.example/,9,0.0,40.492,604.857,71.879,166.175,883.403,856207,200.0,warm,0,1,,,synthetic,TLS_PROBLEM
,legacy.example,https://legacy.example/,12,0.0,54.65,189.205,486.686,30.897,761.438,366480,200.0,warm,0,1,,,synthetic,NORMAL
,cdn-near.example,https://cdn-near.example/,2,0.0,91.106,14.225,29.415,11.147,145.894,50042,200.0,warm,0,1,,,synthetic,CONNECT_PROBLEM
,cdn-far.example,https://cdn-far.example/,22,30.175,0.0,0.0,192.506,34.903,257.584,180595,200.0,cold,1,1,,,synthetic,NORMAL
,shop.example,https://shop.example/,0,142.46,17.628,51.583,331.256,60.111,603.037,511733,200.0,cold,0,1,,,synthetic,DNS_PROBLEM
,api.example,https://api.example/,3,137.409,6.852,53.306,72.783,4.248,274.597,51984,200.0,cold,0,1,,,synthetic,DNS_PROBLEM
,legacy.example,https://legacy.example/,6,29.941,78.823,1128.382,277.594,69.837,1584.577,521960,200.0,cold,0,1,,,synthetic,TLS_PROBLEM
,cdn-near.example,https://cdn-near.example/,18,0.0,8.764,34.327,27.31,8.473,78.875,107228,200.0,warm,0,1,,,synthetic,NORMAL
,legacy.example,https://legacy.example/,4,28.619,107.011,1002.728,261.246,34.427,1434.032,300218,200.0,cold,0,1,,,synthetic,TLS_PROBLEM
,shop.example,https://shop.example/,20,27.743,43.929,140.357,411.685,38.064,661.777,295800,200.0,cold,0,1,,,synthetic,NORMAL
,cdn-near.example,https://cdn-near.example/,12,10.578,7.767,22.369,160.369,12.787,213.87,100413,200.0,cold,0,1,,,synthetic,HTTP_PROBLEM
,cdn-near.example,https://cdn-near.example/,3,0.0,8.169,38.666,1737.394,0.271,1784.499,1788,500.0,warm,0,0,HTTP,,synthetic,HTTP_PROBLEM
,cdn-near.example,https://cdn-near.example/,0,13.123,4900.119,0.0,0.0,0.0,4913.242,0,,cold,0,0,CONNECT,,synthetic,CONNECT_PROBLEM
,cdn-far.example,https://cdn-far.example/,21,392.908,128.763,315.906,187.228,12.215,1037.02,76294,200.0,cold,0,1,,,synthetic,DNS_PROBLEM
,api.example,https://api.example/,15,9.89,20.398,42.96,681.528,2.127,756.902,33161,200.0,cold,0,1,,,synthetic,HTTP_PROBLEM
,media.example,https://media.example/,18,0.0,0.0,0.0,190.85,189.336,380.185,937877,200.0,warm,1,1,,,synthetic,NORMAL
,shop.example,https://shop.example/,14,0.0,0.0,0.0,191.913,75.806,267.719,955079,200.0,warm,1,1,,,synthetic,NORMAL
,api.example,https://api.example/,9,15.135,437.297,61.643,109.691,2.989,626.755,13758,200.0,cold,0,1,,,synthetic,CONNECT_PROBLEM
,legacy.example,https://legacy.example/,0,55.884,43.382,110.647,277.132,36.963,524.008,614704,200.0,cold,0,1,,,synthetic,NORMAL
,cdn-far.example,https://cdn-far.example/,16,0.0,127.444,183.9,80.644,19.283,411.27,208107,200.0,warm,0,1,,,synthetic,NORMAL
,shop.example,https://shop.example/,19,0.0,31.549,140.975,1587.286,0.191,1760.001,1631,503.0,warm,0,0,HTTP,,synthetic,HTTP_PROBLEM
,shop.example,https://shop.example/,5,0.0,20.574,114.223,301.583,83.203,519.583,995836,200.0,warm,0,1,,,synthetic,NORMAL
,legacy.example,https://legacy.example/,13,67.032,0.0,0.0,158.541,36.177,261.751,407867,200.0,cold,1,1,,,synthetic,NORMAL
,cdn-near.example,https://cdn-near.example/,1,17.708,5.15,30.751,24.236,21.063,98.908,117172,200.0,cold,0,1,,,synthetic,NORMAL
,cdn-near.example,https://cdn-near.example/,8,0.0,0.0,0.0,54.054,15.362,69.417,76800,200.0,warm,1,1,,,synthetic,NORMAL
,media.example,https://media.example/,7,0.0,36.304,57.465,66.574,194.524,354.868,2067799,200.0,warm,0,1,,,synthetic,NORMAL
,api.example,https://api.example/,16,124.696,24.494,115.9,151.531,4.087,420.708,28679,200.0,cold,0,1,,,synthetic,DNS_PROBLEM
,cdn-near.example,https://cdn-near.example/,18,17.026,11.076,54.767,953.197,11.701,1047.766,88327,200.0,cold,0,1,,,synthetic,HTTP_PROBLEM
,legacy.example,https://legacy.example/,16,390.075,64.646,188.238,342.617,17.672,1003.248,208488,200.0,cold,0,1,,,synthetic,DNS_PROBLEM
,media.example,https://media.example/,6,21.361,454.313,57.025,130.962,419.233,1082.894,3094647,200.0,cold,0,1,,,synthetic,CONNECT_PROBLEM
,shop.example,https://shop.example/,23,14.724,53.521,194.065,4543.842,138.709,4944.861,911642,200.0,cold,0,1,,,synthetic,HTTP_PROBLEM
,media.example,https://media.example/,8,175.392,82.966,235.657,221.888,310.396,1026.3,2273783,200.0,cold,0,1,,,synthetic,DNS_PROBLEM
,shop.example,https://shop.example/,11,10.853,251.701,54.734,282.257,201.749,801.295,962212,200.0,cold,0,1,,,synthetic,CONNECT_PROBLEM
,shop.example,https://shop.example/,8,0.0,31.45,750.716,170.573,128.06,1080.799,688637,200.0,warm,0,1,,,synthetic,TLS_PROBLEM
,legacy.example,https://legacy.example/,14,60.217,41.784,1120.786,400.784,28.256,1651.827,117388,200.0,cold,0,1,,,synthetic,TLS_PROBLEM
,cdn-near.example,https://cdn-near.example/,13,0.0,0.0,0.0,44.976,11.071,56.047,130488,200.0,warm,1,1,,,synthetic,NORMAL
,api.example,https://api.example/,12,11.828,13.393,60.627,69.688,1.288,156.826,20445,200.0,cold,0,1,,,synthetic,NORMAL
,api.example,https://api.example/,1,0.0,0.0,0.0,151.255,2.728,153.983,22447,200.0,warm,1,1,,,synthetic,NORMAL
,cdn-near.example,https://cdn-near.example/,13,0.0,4.283,53.721,33.46,22.437,113.902,258383,200.0,warm,0,1,,,synthetic,NORMAL
,cdn-far.example,https://cdn-far.example/,3,22.784,90.91,222.703,65.751,17.745,419.894,157499,200.0,cold,0,1,,,synthetic,NORMAL
,api.example,https://api.example/,17,23.939,28.782,78.816,1216.522,3.286,1351.346,45298,200.0,cold,0,1,,,synthetic,HTTP_PROBLEM
,api.example,https://api.example/,15,0.0,38.608,41.9,75.768,2.105,158.381,13184,200.0,warm,0,1,,,synthetic,NORMAL
,cdn-near.example,https://cdn-near.example/,8,0.0,10.289,131.516,142.114,30.125,314.044,110028,200.0,warm,0,1,,,synthetic,NORMAL
,cdn-far.example,https://cdn-far.example/,9,0.0,78.136,591.611,1090.291,30.358,1790.396,180125,200.0,warm,0,1,,,synthetic,HTTP_PROBLEM
,cdn-far.example,https://cdn-far.example/,10,0.0,202.933,2414.964,0.0,0.0,2617.897,0,,warm,0,0,TLS,,synthetic,TLS_PROBLEM
,legacy.example,https://legacy.example/,1,70.501,28.944,76.957,7948.108,44.773,8169.281,508904,200.0,cold,0,1,,,synthetic,HTTP_PROBLEM
,cdn-far.example,https://cdn-far.example/,14,61.217,75.7,196.632,66.312,20.975,420.835,192498,200.0,cold,0,1,,,synthetic,NORMAL
,media.example,https://media.example/,20,18.53,0.0,0.0,852.367,394.958,1265.855,2531636,200.0,cold,1,1,,,synthetic,HTTP_PROBLEM
,shop.example,https://shop.example/,11,0.0,50.509,147.32,288.8,58.756,545.385,625371,200.0,warm,0,1,,,synthetic,NORMAL
,cdn-far.example,https://cdn-far.example/,18,0.0,136.169,1909.686,105.693,11.038,2162.586,97036,200.0,warm,0,1,,,synthetic,TLS_PROBLEM
,cdn-near.example,https://cdn-near.example/,11,0.0,11.987,39.987,611.714,25.751,689.439,192504,200.0,warm,0,1,,,synthetic,HTTP_PROBLEM
,api.example,https://api.example/,9,4764.185,0.0,0.0,0.0,0.0,4764.185,0,,cold,0,0,DNS,,synthetic,DNS_PROBLEM
,media.example,https://media.example/,3,149.595,38.629,126.169,43.459,93.405,451.257,1232209,200.0,cold,0,1,,,synthetic,DNS_PROBLEM
,shop.example,https://shop.example/,21,28.633,27.316,75.164,454.351,365.41,950.873,1167293,200.0,cold,0,1,,,synthetic,NORMAL
,shop.example,https://shop.example/,5,20.095,36.541,162.038,377.656,119.294,715.625,1261302,200.0,cold,0,1,,,synthetic,NORMAL
,cdn-far.example,https://cdn-far.example/,12,0.0,97.307,216.32,88.342,46.827,448.796,285433,200.0,warm,0,1,,,synthetic,NORMAL
,media.example,https://media.example/,15,22.604,48.776,768.169,136.098,226.762,1202.408,1589973,200.0,cold,0,1,,,synthetic,TLS_PROBLEM
,api.example,https://api.example/,21,16.98,19.028,176.568,1505.5,5.79,1723.866,29478,200.0,cold,0,1,,,synthetic,HTTP_PROBLEM
,shop.example,https://shop.example/,20,0.0,0.0,0.0,219.626,144.586,364.213,843549,200.0,warm,1,1,,,synthetic,NORMAL
,api.example,https://api.example/,23,0.0,25.563,377.537,75.492,4.232,482.824,23443,200.0,warm,0,1,,,synthetic,TLS_PROBLEM
,cdn-near.example,https://cdn-near.example/,17,9.637,7.057,32.241,77.173,26.353,152.461,166372,200.0,cold,0,1,,,synthetic,NORMAL
,cdn-near.example,https://cdn-near.example/,4,4854.126,0.0,0.0,0.0,0.0,4854.126,0,,cold,0,0,DNS,,synthetic,DNS_PROBLEM
,media.example,https://media.example/,21,0.0,58.598,916.45,52.551,533.29,1560.89,2917244,200.0,warm,0,1,,,synthetic,TLS_PROBLEM
,media.example,https://media.example/,18,25.447,69.314,186.041,112.501,195.493,588.796,1040368,200.0,cold,0,1,,,synthetic,NORMAL
,media.example,https://media.example/,4,0.0,28.608,135.864,58.05,84.562,307.084,1589868,200.0,warm,0,1,,,synthetic,NORMAL
,media.example,https://media.example/,7,28.321,49.945,29.745,67.487,69.78,245.278,975378,200.0,cold,0,1,,,synthetic,NORMAL
,shop.example,https://shop.example/,13,33.861,41.185,108.84,1294.652,104.313,1582.85,1076018,200.0,cold,0,1,,,synthetic,HTTP_PROBLEM
,api.example,https://api.example/,21,401.502,45.821,57.35,165.92,6.92,677.514,24160,200.0,cold,0,1,,,synthetic,DNS_PROBLEM
,media.example,https://media.example/,17,0.0,81.366,1814.962,186.974,98.915,2182.217,461423,200.0,warm,0,1,,,synthetic,TLS_PROBLEM
,cdn-near.example,https://cdn-near.example/,5,0.0,6.341,20.834,569.162,13.017,609.354,109406,200.0,warm,0,1,,,synthetic,HTTP_PROBLEM
,cdn-near.example,https://cdn-near.example/,12,8.995,0.0,0.0,47.387,4.928,61.31,96621,200.0,cold,1,1,,,synthetic,NORMAL
,media.example,https://media.example/,10,0.0,26.406,111.708,72.138,76.555,286.807,863490,200.0,warm,0,1,,,synthetic,NORMAL
,media.example,https://media.example/,5,301.441,37.641,98.463,63.038,114.966,615.549,1060751,200.0,cold,0,1,,,synthetic,DNS_PROBLEM
,legacy.example,https://legacy.example/,10,0.0,99.082,135.405,1376.531,0.216,1611.234,1451,502.0,warm,0,0,HTTP,,synthetic,HTTP_PROBLEM
,api.example,https://api.example/,19,128.377,39.776,53.554,121.89,1.516,345.113,8538,200.0,cold,0,1,,,synthetic,DNS_PROBLEM
,legacy.example,https://legacy.example/,15,60.559,38.562,75.799,237.759,4.912,417.592,117230,200.0,cold,0,1,,,synthetic,NORMAL
,cdn-far.example,https://cdn-far.example/,19,235.282,194.464,433.705,130.145,19.911,1013.507,96840,200.0,cold,0,1,,,synthetic,DNS_PROBLEM
,api.example,https://api.example/,18,0.0,0.0,0.0,83.335,1.586,84.921,22501,200.0,warm,1,1,,,synthetic,NORMAL
,shop.example,https://shop.example/,0,0.0,38.449,67.329,226.308,15.837,347.924,143768,200.0,warm,0,1,,,synthetic,NORMAL
,cdn-far.example,https://cdn-far.example/,1,4357.191,0.0,0.0,0.0,0.0,4357.191,0,,cold,0,0,DNS,,synthetic,DNS_PROBLEM
,legacy.example,https://legacy.example/,8,26.759,0.0,0.0,576.61,42.259,645.627,214230,200.0,cold,1,1,,,synthetic,NORMAL
,cdn-near.example,https://cdn-near.example/,9,0.0,16.713,44.778,66.937,13.675,142.103,152497,200.0,warm,0,1,,,synthetic,NORMAL
,media.example,https://media.example/,1,21.562,81.484,1171.329,61.531,424.55,1760.456,3190775,200.0,cold,0,1,,,synthetic,TLS_PROBLEM
,cdn-near.example,https://cdn-near.example/,22,28.03,134.638,71.962,264.186,27.181,525.997,97740,200.0,cold,0,1,,,synthetic,CONNECT_PROBLEM
,legacy.example,https://legacy.example/,2,49.498,88.308,124.725,242.318,58.896,563.746,664691,200.0,cold,0,1,,,synthetic,NORMAL
,shop.example,https://shop.example/,5,249.854,35.71,118.581,398.57,166.518,969.234,1066806,200.0,cold,0,1,,,synthetic,DNS_PROBLEM
,shop.example,https://shop.example/,2,17.408,58.377,239.842,182.725,149.685,648.037,1447194,200.0,cold,0,1,,,synthetic,TLS_PROBLEM
,media.example,https://media.example/,6,14.158,55.916,133.313,183.743,168.418,555.549,2479708,200.0,cold,0,1,,,synthetic,NORMAL
,cdn-far.example,https://cdn-far.example/,20,14.956,108.556,167.844,53.512,58.469,403.339,389464,200.0,cold,0,1,,,synthetic,NORMAL
,media.example,https://media.example/,7,22.506,0.0,0.0,129.259,455.33,607.095,2960093,200.0,cold,1,1,,,synthetic,NORMAL
,api.example,https://api.example/,21,135.074,39.951,68.658,322.209,1.503,567.395,9756,200.0,cold,0,1,,,synthetic,DNS_PROBLEM
,cdn-far.example,https://cdn-far.example/,23,127.381,271.204,449.866,201.685,62.148,1112.285,339023,200.0,cold,0,1,,,synthetic,DNS_PROBLEM
,cdn-far.example,https://cdn-far.example/,15,0.0,128.38,103.056,37.628,22.619,291.683,301469,200.0,warm,0,1,,,synthetic,NORMAL
,cdn-far.example,https://cdn-far.example/,4,90.775,56.017,254.433,123.18,14.061,538.466,138891,200.0,cold,0,1,,,synthetic,DNS_PROBLEM
,cdn-near.example,https://cdn-near.example/,0,10.055,6.592,40.086,33.913,4.742,95.389,59151,200.0,cold,0,1,,,synthetic,NORMAL
,shop.example,https://shop.example/,13,7.484,36.959,48.421,604.149,48.078,745.092,733074,200.0,cold,0,1,,,synthetic,HTTP_PROBLEM
,media.example,https://media.example/,0,0.0,565.727,156.119,65.647,354.595,1142.088,1254594,200.0,warm,0,1,,,synthetic,CONNECT_PROBLEM
,media.example,https://media.example/,17,0.0,28.223,94.363,50.472,143.806,316.864,1670016,200.0,warm,0,1,,,synthetic,NORMAL
,shop.example,https://shop.example/,17,21.829,47.164,69.964,306.348,36.031,481.337,275593,200.0,cold,0,1,,,synthetic,NORMAL
,shop.example,https://shop.example/,3,15.678,69.067,138.373,180.232,70.989,474.339,567057,200.0,cold,0,1,,,synthetic,CONNECT_PROBLEM
,api.example,https://api.example/,12,0.0,0.0,0.0,76.917,3.143,80.06,33182,200.0,warm,1,1,,,synthetic,NORMAL
,media.example,https://media.example/,0,42.926,0.0,0.0,53.771,107.243,203.94,883011,200.0,cold,1,1,,,synthetic,NORMAL
,api.example,https://api.example/,23,0.0,29.633,4261.599,0.0,0.0,4291.232,0,,warm,0,0,TLS,,synthetic,TLS_PROBLEM
,legacy.example,https://legacy.example/,0,49.276,0.0,0.0,145.979,27.299,222.554,358131,200.0,cold,1,1,,,synthetic,NORMAL
,media.example,https://media.example/,22,32.26,85.723,132.939,126.589,168.335,545.846,2239726,200.0,cold,0,1,,,synthetic,NORMAL
,api.example,https://api.example/,12,0.0,0.0,0.0,138.716,1.861,140.577,16908,200.0,warm,1,1,,,synthetic,NORMAL
,legacy.example,https://legacy.example/,8,45.415,32.518,77.334,309.409,38.552,503.228,392788,200.0,cold,0,1,,,synthetic,NORMAL
,cdn-near.example,https://cdn-near.example/,8,15.372,0.0,0.0,1064.146,15.238,1094.756,105197,200.0,cold,1,1,,,synthetic,HTTP_PROBLEM
,legacy.example,https://legacy.example/,11,0.0,0.0,0.0,196.853,43.501,240.353,261547,200.0,warm,1,1,,,synthetic,NORMAL
,legacy.example,https://legacy.example/,0,51.099,93.112,214.287,2445.064,36.959,2840.521,277939,200.0,cold,0,1,,,synthetic,HTTP_PROBLEM
,shop.example,https://shop.example/,13,14.167,26.439,103.521,343.925,84.295,572.347,907219,200.0,cold,0,1,,,synthetic,NORMAL
,shop.example,https://shop.example/,5,184.244,20.569,146.24,229.421,118.365,698.838,1045166,200.0,cold,0,1,,,synthetic,DNS_PROBLEM
,legacy.example,https://legacy.example/,15,0.0,80.15,112.468,308.84,103.899,605.358,748792,200.0,warm,0,1,,,synthetic,NORMAL
,cdn-near.example,https://cdn-near.example/,18,28.408,15.013,34.926,65.763,18.401,162.511,177139,200.0,cold,0,1,,,synthetic,NORMAL
,shop.example,https://shop.example/,9,0.0,0.0,0.0,465.641,116.119,581.761,536390,200.0,warm,1,1,,,synthetic,NORMAL
,cdn-far.example,https://cdn-far.example/,10,21.19,816.339,195.828,119.212,30.054,1182.623,177751,200.0,cold,0,1,,,synthetic,CONNECT_PROBLEM
,cdn-near.example,https://cdn-near.example/,8,0.0,19.412,40.131,121.933,6.975,188.451,47311,200.0,warm,0,1,,,synthetic,NORMAL
,cdn-near.example,https://cdn-near.example/,16,0.0,8.252,18.046,22.984,11.269,60.551,137511,200.0,warm,0,1,,,synthetic,NORMAL
,api.example,https://api.example/,1,9.746,46.834,64.131,1872.44,5.658,1998.81,39599,200.0,cold,0,1,,,synthetic,HTTP_PROBLEM
,media.example,https://media.example/,1,22.639,35.105,83.192,1319.803,178.613,1639.352,1766355,200.0,cold,0,1,,,synthetic,HTTP_PROBLEM
,shop.example,https://shop.example/,3,0.0,370.228,44.578,310.659,95.28,820.744,1017519,200.0,warm,0,1,,,synthetic,CONNECT_PROBLEM
,cdn-far.example,https://cdn-far.example/,17,17.853,96.11,245.42,50.97,13.436,423.788,200450,200.0,cold,0,1,,,synthetic,NORMAL
,cdn-near.example,https://cdn-near.example/,3,0.0,11.848,647.139,64.238,9.387,732.612,55979,200.0,warm,0,1,,,synthetic,TLS_PROBLEM
,cdn-far.example,https://cdn-far.example/,21,0.0,331.146,471.735,95.285,48.901,947.068,144964,200.0,warm,0,1,,,synthetic,NORMAL
,legacy.example,https://legacy.example/,7,0.0,0.0,0.0,249.232,23.301,272.533,185580,200.0,warm,1,1,,,synthetic,NORMAL
,legacy.example,https://legacy.example/,16,50.701,78.045,3700.035,0.0,0.0,3828.78,0,,cold,0,0,TLS,,synthetic,TLS_PROBLEM
,legacy.example,https://legacy.example/,1,32.13,120.494,71.517,816.326,19.101,1059.567,157319,200.0,cold,0,1,,,synthetic,NORMAL
,cdn-far.example,https://cdn-far.example/,2,23.154,0.0,0.0,41.827,26.9,91.881,146649,200.0,cold,1,1,,,synthetic,NORMAL
,cdn-far.example,https://cdn-far.example/,19,23.203,79.814,282.964,135.118,34.034,555.133,193708,200.0,cold,0,1,,,synthetic,NORMAL
,shop.example,https://shop.example/,4,9.983,47.378,95.15,383.83,66.727,603.068,540185,200.0,cold,0,1,,,synthetic,NORMAL
,cdn-near.example,https://cdn-near.example/,22,0.0,10.279,454.887,90.233,10.195,565.593,107505,200.0,warm,0,1,,,synthetic,TLS_PROBLEM
,cdn-near.example,https://cdn-near.example/,3,0.0,10.389,36.448,77.554,7.454,131.844,55677,200.0,warm,0,1,,,synthetic,NORMAL
,cdn-near.example,https://cdn-near.example/,17,0.0,9.982,19.562,34.637,6.575,70.757,74320,200.0,warm,0,1,,,synthetic,NORMAL
,legacy.example,https://legacy.example/,6,0.0,0.0,0.0,276.006,46.807,322.813,378803,200.0,warm,1,1,,,synthetic,NORMAL
,shop.example,https://shop.example/,0,0.0,5925.422,0.0,0.0,0.0,5925.422,0,,warm,0,0,CONNECT,,synthetic,CONNECT_PROBLEM
,legacy.example,https://legacy.example/,6,5591.193,0.0,0.0,0.0,0.0,5591.193,0,,cold,0,0,DNS,,synthetic,DNS_PROBLEM
,api.example,https://api.example/,0,15.641,29.209,34.047,87.936,2.884,169.718,37713,200.0,cold,0,1,,,synthetic,NORMAL
,media.example,https://media.example/,1,18.364,82.715,96.576,102.637,75.053,375.345,1284135,200.0,cold,0,1,,,synthetic,NORMAL
,media.example,https://media.example/,1,4923.08,0.0,0.0,0.0,0.0,4923.08,0,,cold,0,0,DNS,,synthetic,DNS_PROBLEM
,api.example,https://api.example/,15,0.0,0.0,0.0,103.772,8.018,111.79,34847,200.0,warm,1,1,,,synthetic,NORMAL
,legacy.example,https://legacy.example/,6,0.0,0.0,0.0,382.126,37.93,420.056,368251,200.0,warm,1,1,,,synthetic,NORMAL
,shop.example,https://shop.example/,5,247.549,27.36,88.263,376.065,54.774,794.01,868853,200.0,cold,0,1,,,synthetic,DNS_PROBLEM
,legacy.example,https://legacy.example/,0,52.252,788.942,166.595,392.394,134.19,1534.374,662922,200.0,cold,0,1,,,synthetic,CONNECT_PROBLEM
,media.example,https://media.example/,13,4873.699,0.0,0.0,0.0,0.0,4873.699,0,,cold,0,0,DNS,,synthetic,DNS_PROBLEM
,cdn-far.example,https://cdn-far.example/,18,0.0,200.32,2795.537,0.0,0.0,2995.857,0,,warm,0,0,TLS,,synthetic,TLS_PROBLEM
,media.example,https://media.example/,20,15.147,106.368,201.776,94.126,183.487,600.904,1653444,200.0,cold,0,1,,,synthetic,NORMAL
,api.example,https://api.example/,21,16.564,36.3,43.717,86.63,2.055,185.266,22890,200.0,cold,0,1,,,synthetic,NORMAL
,cdn-far.example,https://cdn-far.example/,17,0.0,139.592,338.587,152.161,19.937,650.278,146525,200.0,warm,0,1,,,synthetic,NORMAL
,shop.example,https://shop.example/,13,10.494,113.757,104.447,283.694,74.354,586.745,313427,200.0,cold,0,1,,,synthetic,CONNECT_PROBLEM
,cdn-near.example,https://cdn-near.example/,15,36.863,6.883,39.937,35.784,8.073,127.539,64342,200.0,cold,0,1,,,synthetic,DNS_PROBLEM
,api.example,https://api.example/,9,0.0,0.0,0.0,228.149,6.665,234.814,36451,200.0,warm,1,1,,,synthetic,NORMAL
,shop.example,https://shop.example/,10,0.0,197.031,91.316,127.074,155.419,570.839,767070,200.0,warm,0,1,,,synthetic,CONNECT_PROBLEM
,cdn-near.example,https://cdn-near.example/,8,14.26,11.11,48.879,88.589,15.196,178.033,91759,200.0,cold,0,1,,,synthetic,NORMAL
,media.example,https://media.example/,21,0.0,82.859,79.653,44.212,295.083,501.808,2062192,200.0,warm,0,1,,,synthetic,NORMAL
,shop.example,https://shop.example/,12,0.0,55.467,89.342,1223.53,33.918,1402.257,295174,200.0,warm,0,1,,,synthetic,HTTP_PROBLEM
,shop.example,https://shop.example/,23,15.612,48.501,74.88,219.048,49.772,407.812,316105,200.0,cold,0,1,,,synthetic,NORMAL
,cdn-near.example,https://cdn-near.example/,5,0.0,14.225,23.289,420.262,2.472,460.249,38246,200.0,warm,0,1,,,synthetic,HTTP_PROBLEM
,cdn-near.example,https://cdn-near.example/,1,68.908,22.484,32.211,74.421,23.659,221.682,228002,200.0,cold,0,1,,,synthetic,DNS_PROBLEM
,cdn-near.example,https://cdn-near.example/,23,8.164,13.927,85.635,753.814,37.042,898.582,195660,200.0,cold,0,1,,,synthetic,HTTP_PROBLEM
,cdn-far.example,https://cdn-far.example/,10,90.34,74.725,303.502,104.056,31.284,603.906,189711,200.0,cold,0,1,,,synthetic,DNS_PROBLEM
,media.example,https://media.example/,4,18.43,73.041,172.398,79.61,315.665,659.145,2227754,200.0,cold,0,1,,,synthetic,NORMAL
,cdn-far.example,https://cdn-far.example/,23,19.433,136.947,523.788,97.44,13.669,791.277,83753,200.0,cold,0,1,,,synthetic,NORMAL
,api.example,https://api.example/,18,0.0,21.206,67.693,642.66,1.821,733.381,16711,200.0,warm,0,1,,,synthetic,HTTP_PROBLEM
,legacy.example,https://legacy.example/,2,43.345,81.905,697.183,265.806,23.339,1111.577,332124,200.0,cold,0,1,,,synthetic,TLS_PROBLEM
,shop.example,https://shop.example/,11,15.245,0.0,0.0,160.119,61.768,237.133,463389,200.0,cold,1,1,,,synthetic,NORMAL
,cdn-far.example,https://cdn-far.example/,23,4684.816,0.0,0.0,0.0,0.0,4684.816,0,,cold,0,0,DNS,,synthetic,DNS_PROBLEM
,legacy.example,https://legacy.example/,3,0.0,40.044,2515.142,366.671,19.016,2940.873,191810,200.0,warm,0,1,,,synthetic,TLS_PROBLEM
,cdn-far.example,https://cdn-far.example/,22,33.883,113.44,372.547,70.609,20.645,611.124,81340,200.0,cold,0,1,,,synthetic,NORMAL
,legacy.example,https://legacy.example/,2,0.0,47.661,168.125,301.002,41.351,558.139,295031,200.0,warm,0,1,,,synthetic,NORMAL
,api.example,https://api.example/,11,0.0,12.15,23.155,59.193,0.825,95.322,15845,200.0,warm,0,1,,,synthetic,NORMAL
,shop.example,https://shop.example/,16,14.852,0.0,0.0,166.979,49.582,231.413,414591,200.0,cold,1,1,,,synthetic,NORMAL
,media.example,https://media.example/,1,9.156,55.259,72.796,104.486,225.362,467.059,1991007,200.0,cold,0,1,,,synthetic,NORMAL
,api.example,https://api.example/,23,16.224,73.611,106.651,281.958,5.406,483.849,18681,200.0,cold,0,1,,,synthetic,NORMAL
,legacy.example,https://legacy.example/,11,0.0,0.0,0.0,217.024,17.289,234.313,258519,200.0,warm,1,1,,,synthetic,NORMAL
,media.example,https://media.example/,14,0.0,51.697,161.628,106.007,189.048,508.38,1346115,200.0,warm,0,1,,,synthetic,NORMAL
,legacy.example,https://legacy.example/,19,0.0,0.0,0.0,497.668,136.085,633.753,693770,200.0,warm,1,1,,,synthetic,NORMAL
,cdn-near.example,https://cdn-near.example/,11,0.0,0.0,0.0,29.35,6.095,35.445,47022,200.0,warm,1,1,,,synthetic,NORMAL
,cdn-near.example,https://cdn-near.example/,8,13.599,19.313,89.185,700.621,23.569,846.287,96283,200.0,cold,0,1,,,synthetic,HTTP_PROBLEM
,shop.example,https://shop.example/,11,23.304,39.578,105.433,243.272,91.492,503.079,827265,200.0,cold,0,1,,,synthetic,NORMAL
,cdn-far.example,https://cdn-far.example/,20,0.0,119.253,443.608,127.934,22.894,713.689,93372,200.0,warm,0,1,,,synthetic,NORMAL
,api.example,https://api.example/,16,0.0,25.396,56.483,80.761,2.011,164.65,15808,200.0,warm,0,1,,,synthetic,NORMAL
,cdn-far.example,https://cdn-far.example/,14,5484.515,0.0,0.0,0.0,0.0,5484.515,0,,cold,0,0,DNS,,synthetic,DNS_PROBLEM
,cdn-far.example,https://cdn-far.example/,10,21.177,2451.66,308.983,78.293,42.586,2902.699,283823,200.0,cold,0,1,,,synthetic,CONNECT_PROBLEM
,media.example,https://media.example/,11,12.068,0.0,0.0,66.164,104.069,182.301,733201,200.0,cold,1,1,,,synthetic,NORMAL
,api.example,https://api.example/,22,0.0,32.145,98.864,133.52,8.954,273.483,35024,200.0,warm,0,1,,,synthetic,NORMAL
,cdn-far.example,https://cdn-far.example/,1,22.209,141.13,221.943,146.551,9.278,541.111,143956,200.0,cold,0,1,,,synthetic,NORMAL
,legacy.example,https://legacy.example/,14,50.159,31.04,293.172,247.353,46.263,667.987,612092,200.0,cold,0,1,,,synthetic,TLS_PROBLEM
,legacy.example,https://legacy.example/,5,0.0,77.99,71.821,436.832,56.628,643.271,440415,200.0,warm,0,1,,,synthetic,NORMAL
,api.example,https://api.example/,22,0.0,24.778,1246.04,205.789,3.888,1480.494,29345,200.0,warm,0,1,,,synthetic,TLS_PROBLEM
,legacy.example,https://legacy.example/,14,50.176,32.789,48.965,2076.763,20.618,2229.312,178753,200.0,cold,0,1,,,synthetic,HTTP_PROBLEM
,api.example,https://api.example/,7,227.429,10.358,41.496,86.387,2.207,367.876,17605,200.0,cold,0,1,,,synthetic,DNS_PROBLEM
,legacy.example,https://legacy.example/,3,0.0,68.467,194.284,375.983,46.086,684.82,262845,200.0,warm,0,1,,,synthetic,NORMAL
,legacy.example,https://legacy.example/,3,0.0,48.488,106.548,249.352,8.036,412.423,132710,200.0,warm,0,1,,,synthetic,NORMAL
,api.example,https://api.example/,18,0.0,28.347,30.44,47.507,3.239,109.533,33733,200.0,warm,0,1,,,synthetic,NORMAL
,cdn-far.example,https://cdn-far.example/,19,13.944,127.449,240.44,131.856,12.406,526.095,58323,200.0,cold,0,1,,,synthetic,NORMAL
,cdn-near.example,https://cdn-near.example/,6,0.0,12.279,27.518,73.422,8.48,121.699,78332,200.0,warm,0,1,,,synthetic,NORMAL
,legacy.example,https://legacy.example/,22,57.742,5218.67,0.0,0.0,0.0,5276.411,0,,cold,0,0,CONNECT,,synthetic,CONNECT_PROBLEM
,shop.example,https://shop.example/,9,25.09,0.0,0.0,3440.041,98.184,3563.316,392335,200.0,cold,1,1,,,synthetic,HTTP_PROBLEM
,cdn-far.example,https://cdn-far.example/,15,0.0,103.315,227.999,75.849,18.023,425.187,124187,200.0,warm,0,1,,,synthetic,NORMAL
,api.example,https://api.example/,22,13.004,31.41,141.319,143.442,1.745,330.92,8326,200.0,cold,0,1,,,synthetic,NORMAL
,media.example,https://media.example/,19,28.93,0.0,0.0,438.69,191.411,659.03,1471248,200.0,cold,1,1,,,synthetic,HTTP_PROBLEM
,api.example,https://api.example/,18,18.644,0.0,0.0,180.136,1.591,200.371,9019,200.0,cold,1,1,,,synthetic,NORMAL
,cdn-near.example,https://cdn-near.example/,14,9.453,8.202,40.293,77.368,6.561,141.877,79865,200.0,cold,0,1,,,synthetic,NORMAL
,cdn-far.example,https://cdn-far.example/,15,16.824,118.256,221.73,66.724,25.393,448.928,199889,200.0,cold,0,1,,,synthetic,NORMAL
,cdn-far.example,https://cdn-far.example/,6,24.52,69.382,176.332,38.491,23.587,332.311,151438,200.0,cold,0,1,,,synthetic,NORMAL
,legacy.example,https://legacy.example/,2,30.79,31.111,209.987,606.236,18.137,896.26,133046,200.0,cold,0,1,,,synthetic,NORMAL
,shop.example,https://shop.example/,23,170.291,52.89,81.242,256.823,38.668,599.914,223445,200.0,cold,0,1,,,synthetic,DNS_PROBLEM
,api.example,https://api.example/,0,16.536,18.347,165.486,86.984,1.86,289.213,21737,200.0,cold,0,1,,,synthetic,TLS_PROBLEM
,cdn-near.example,https://cdn-near.example/,9,0.0,19.619,33.647,58.642,5.351,117.258,31677,200.0,warm,0,1,,,synthetic,NORMAL
,api.example,https://api.example/,18,0.0,8.308,45.511,60.169,2.447,116.436,34401,200.0,warm,0,1,,,synthetic,NORMAL
,shop.example,https://shop.example/,9,0.0,63.221,108.492,503.528,152.22,827.461,1091146,200.0,warm,0,1,,,synthetic,NORMAL
,media.example,https://media.example/,16,0.0,53.282,47.173,114.99,136.357,351.803,1522477,200.0,warm,0,1,,,synthetic,NORMAL
,cdn-near.example,https://cdn-near.example/,16,0.0,6.58,27.697,824.034,0.147,858.459,1572,500.0,warm,0,0,HTTP,,synthetic,HTTP_PROBLEM
,legacy.example,https://legacy.example/,13,40.418,45.089,514.469,265.165,23.667,888.808,249325,200.0,cold,0,1,,,synthetic,TLS_PROBLEM
,shop.example,https://shop.example/,1,12.174,31.13,173.393,237.08,59.771,513.549,397333,200.0,cold,0,1,,,synthetic,NORMAL
,api.example,https://api.example/,14,11.147,21.619,46.036,482.331,1.058,562.191,21941,200.0,cold,0,1,,,synthetic,HTTP_PROBLEM
,media.example,https://media.example/,11,22.421,32.269,81.078,96.74,267.433,499.94,2642009,200.0,cold,0,1,,,synthetic,NORMAL
,legacy.example,https://legacy.example/,12,49.871,0.0,0.0,3972.303,33.691,4055.865,299757,200.0,cold,1,1,,,synthetic,HTTP_PROBLEM
,cdn-far.example,https://cdn-far.example/,6,7866.62,0.0,0.0,0.0,0.0,7866.62,0,,cold,0,0,DNS,,synthetic,DNS_PROBLEM
,media.example,https://media.example/,14,0.0,0.0,0.0,1170.16,0.33,1170.49,1914,502.0,warm,1,0,HTTP,,synthetic,HTTP_PROBLEM
,legacy.example,https://legacy.example/,4,0.0,59.285,133.776,330.146,26.138,549.345,224595,200.0,warm,0,1,,,synthetic,NORMAL
,api.example,https://api.example/,21,12.745,0.0,0.0,205.954,11.28,229.979,70805,200.0,cold,1,1,,,synthetic,NORMAL
,shop.example,https://shop.example/,19,22.099,50.616,3961.316,0.0,0.0,4034.031,0,,cold,0,0,TLS,,synthetic,TLS_PROBLEM
,cdn-far.example,https://cdn-far.example/,23,269.641,154.24,294.086,94.828,34.251,847.046,161006,200.0,cold,0,1,,,synthetic,DNS_PROBLEM
,cdn-far.example,https://cdn-far.example/,5,5301.167,0.0,0.0,0.0,0.0,5301.167,0,,cold,0,0,DNS,,synthetic,DNS_PROBLEM
,legacy.example,https://legacy.example/,17,0.0,116.524,106.659,2843.551,43.454,3110.189,177470,200.0,warm,0,1,,,synthetic,HTTP_PROBLEM
,cdn-far.example,https://cdn-far.example/,3,0.0,91.855,179.574,61.907,14.622,347.959,258527,200.0,warm,0,1,,,synthetic,NORMAL
,shop.example,https://shop.example/,14,22.289,59.834,36.786,138.614,115.106,372.629,1150689,200.0,cold,0,1,,,synthetic,NORMAL
,cdn-near.example,https://cdn-near.example/,5,0.0,4.864,271.888,108.347,4.759,389.858,45441,200.0,warm,0,1,,,synthetic,TLS_PROBLEM
,media.example,https://media.example/,0,25.494,41.019,62.04,81.375,285.893,495.82,2464840,200.0,cold,0,1,,,synthetic,NORMAL
,cdn-near.example,https://cdn-near.example/,15,17.237,56.764,24.645,56.611,21.868,177.124,116310,200.0,cold,0,1,,,synthetic,CONNECT_PROBLEM
,cdn-far.example,https://cdn-far.example/,13,28.661,101.992,258.793,56.117,4.346,449.908,60015,200.0,cold,0,1,,,synthetic,NORMAL
,api.example,https://api.example/,17,195.098,19.367,43.848,116.555,2.814,377.682,28128,200.0,cold,0,1,,,synthetic,DNS_PROBLEM
,api.example,https://api.example/,19,10.288,234.22,68.374,79.835,24.273,416.99,67360,200.0,cold,0,1,,,synthetic,CONNECT_PROBLEM
,media.example,https://media.example/,10,0.0,0.0,0.0,52.874,281.551,334.424,2075622,200.0,warm,1,1,,,synthetic,NORMAL
,shop.example,https://shop.example/,17,4961.838,0.0,0.0,0.0,0.0,4961.838,0,,cold,0,0,DNS,,synthetic,DNS_PROBLEM
,cdn-near.example,https://cdn-near.example/,6,14.351,14.549,41.344,82.625,11.504,164.373,65862,200.0,cold,0,1,,,synthetic,NORMAL
,cdn-near.example,https://cdn-near.example/,22,13.828,12.331,43.45,75.93,16.104,161.643,158075,200.0,cold,0,1,,,synthetic,NORMAL
,legacy.example,https://legacy.example/,10,0.0,82.925,196.313,3297.033,13.67,3589.942,106831,200.0,warm,0,1,,,synthetic,HTTP_PROBLEM
,api.example,https://api.example/,8,0.0,39.934,96.453,127.515,5.642,269.543,36533,200.0,warm,0,1,,,synthetic,NORMAL
,shop.example,https://shop.example/,21,15.66,41.271,203.08,456.578,27.226,743.816,195255,200.0,cold,0,1,,,synthetic,NORMAL
,shop.example,https://shop.example/,7,0.0,28.878,98.637,202.601,27.794,357.91,313434,200.0,warm,0,1,,,synthetic,NORMAL
,cdn-far.example,https://cdn-far.example/,5,30.379,62.223,183.942,36.556,7.947,321.046,87537,200.0,cold,0,1,,,synthetic,NORMAL
,cdn-near.example,https://cdn-near.example/,11,0.0,0.0,0.0,25.252,7.434,32.686,98870,200.0,warm,1,1,,,synthetic,NORMAL
,legacy.example,https://legacy.example/,16,67.731,84.573,208.233,177.238,23.898,561.673,191167,200.0,cold,0,1,,,synthetic,NORMAL
,legacy.example,https://legacy.example/,21,39.672,0.0,0.0,308.034,8.613,356.319,79592,200.0,cold,1,1,,,synthetic,NORMAL
,shop.example,https://shop.example/,5,6024.667,0.0,0.0,0.0,0.0,6024.667,0,,cold,0,0,DNS,,synthetic,DNS_PROBLEM
,api.example,https://api.example/,0,0.0,0.0,0.0,121.154,8.749,129.902,49894,200.0,warm,1,1,,,synthetic,NORMAL
,media.example,https://media.example/,6,26.213,892.46,156.6,76.292,441.927,1593.491,2624313,200.0,cold,0,1,,,synthetic,CONNECT_PROBLEM
,media.example,https://media.example/,4,0.0,47.012,438.878,91.631,795.67,1373.192,5496651,200.0,warm,0,1,,,synthetic,TLS_PROBLEM
,cdn-far.example,https://cdn-far.example/,13,29.272,110.983,213.965,77.559,22.989,454.768,230440,200.0,cold,0,1,,,synthetic,NORMAL
,legacy.example,https://legacy.example/,11,0.0,61.415,101.488,425.049,56.814,644.767,441798,200.0,warm,0,1,,,synthetic,NORMAL
,media.example,https://media.example/,22,28.388,0.0,0.0,1237.955,799.988,2066.332,4591885,200.0,cold,1,1,,,synthetic,HTTP_PROBLEM
,api.example,https://api.example/,0,16.16,25.024,54.441,450.77,1.964,548.359,13781,200.0,cold,0,1,,,synthetic,HTTP_PROBLEM
,legacy.example,https://legacy.example/,2,37.788,35.964,90.27,275.294,27.718,467.034,352648,200.0,cold,0,1,,,synthetic,NORMAL
,api.example,https://api.example/,7,6242.305,0.0,0.0,0.0,0.0,6242.305,0,,cold,0,0,DNS,,synthetic,DNS_PROBLEM
,shop.example,https://shop.example/,3,142.145,37.627,45.235,163.07,44.912,432.989,410840,200.0,cold,0,1,,,synthetic,DNS_PROBLEM
,legacy.example,https://legacy.example/,18,0.0,37.78,588.802,161.357,29.71,817.649,454332,200.0,warm,0,1,,,synthetic,TLS_PROBLEM
,legacy.example,https://legacy.example/,11,743.95,93.134,149.515,437.988,43.665,1468.252,357406,200.0,cold,0,1,,,synthetic,DNS_PROBLEM
,cdn-far.example,https://cdn-far.example/,14,0.0,53.865,120.732,59.314,12.531,246.441,174860,200.0,warm,0,1,,,synthetic,NORMAL
,cdn-far.example,https://cdn-far.example/,15,0.0,1377.964,158.138,109.345,41.634,1687.081,268802,200.0,warm,0,1,,,synthetic,CONNECT_PROBLEM
,legacy.example,https://legacy.example/,2,47.97,70.992,3341.832,0.0,0.0,3460.794,0,,cold,0,0,TLS,,synthetic,TLS_PROBLEM
,media.example,https://media.example/,6,25.104,0.0,0.0,131.418,1117.085,1273.607,3758447,200.0,cold,1,1,,,synthetic,NORMAL
,cdn-far.example,https://cdn-far.example/,21,0.0,125.357,3094.517,135.076,32.735,3387.686,96314,200.0,warm,0,1,,,synthetic,TLS_PROBLEM
,cdn-far.example,https://cdn-far.example/,10,0.0,6254.579,0.0,0.0,0.0,6254.579,0,,warm,0,0,CONNECT,,synthetic,CONNECT_PROBLEM
,media.example,https://media.example/,21,38.012,55.717,983.519,134.205,747.153,1958.606,4167195,200.0,cold,0,1,,,synthetic,TLS_PROBLEM
,api.example,https://api.example/,8,27.949,21.949,34.348,111.302,3.818,199.366,29732,200.0,cold,0,1,,,synthetic,NORMAL
,cdn-near.example,https://cdn-near.example/,0,6.511,0.0,0.0,66.002,20.305,92.819,104191,200.0,cold,1,1,,,synthetic,NORMAL
,api.example,https://api.example/,19,112.086,24.563,61.443,137.105,6.261,341.457,40643,200.0,cold,0,1,,,synthetic,DNS_PROBLEM
,cdn-far.example,https://cdn-far.example/,2,0.0,0.0,0.0,61.818,6.774,68.592,66028,200.0,warm,1,1,,,synthetic,NORMAL
,cdn-far.example,https://cdn-far.example/,15,0.0,70.675,113.51,438.637,7.547,630.369,98427,200.0,warm,0,1,,,synthetic,HTTP_PROBLEM
,shop.example,https://shop.example/,4,8.341,31.803,137.226,662.968,82.066,922.404,472545,200.0,cold,0,1,,,synthetic,NORMAL
,cdn-near.example,https://cdn-near.example/,1,0.0,9.298,29.565,33.448,8.196,80.506,65923,200.0,warm,0,1,,,synthetic,NORMAL
,cdn-far.example,https://cdn-far.example/,5,0.0,0.0,0.0,88.229,25.545,113.774,176570,200.0,warm,1,1,,,synthetic,NORMAL
,legacy.example,https://legacy.example/,11,0.0,0.0,0.0,259.699,9.046,268.745,146559,200.0,warm,1,1,,,synthetic,NORMAL
,legacy.example,https://legacy.example/,14,0.0,90.439,327.666,267.642,29.3,715.047,229576,200.0,warm,0,1,,,synthetic,NORMAL
,cdn-near.example,https://cdn-near.example/,1,130.002,7.231,71.471,54.971,12.313,275.987,66246,200.0,cold,0,1,,,synthetic,DNS_PROBLEM
,shop.example,https://shop.example/,9,0.0,66.217,257.534,377.567,201.69,903.008,836285,200.0,warm,0,1,,,synthetic,NORMAL
,api.example,https://api.example/,17,142.817,21.61,115.353,197.504,2.37,479.655,23400,200.0,cold,0,1,,,synthetic,DNS_PROBLEM
,cdn-far.example,https://cdn-far.example/,15,0.0,50.59,238.866,95.321,33.137,417.913,142793,200.0,warm,0,1,,,synthetic,NORMAL
,media.example,https://media.example/,4,0.0,26.315,109.235,48.693,57.315,241.558,1248931,200.0,warm,0,1,,,synthetic,NORMAL
,media.example,https://media.example/,14,0.0,103.721,68.917,93.489,263.4,529.528,1803814,200.0,warm,0,1,,,synthetic,NORMAL
,legacy.example,https://legacy.example/,17,0.0,403.84,106.632,260.153,117.428,888.053,595295,200.0,warm,0,1,,,synthetic,CONNECT_PROBLEM
,cdn-far.example,https://cdn-far.example/,6,0.0,49.308,140.52,52.326,21.259,263.413,159939,200.0,warm,0,1,,,synthetic,NORMAL
,legacy.example,https://legacy.example/,17,32.532,89.879,62.638,453.088,31.657,669.794,215067,200.0,cold,0,1,,,synthetic,NORMAL
,legacy.example,https://legacy.example/,3,36.642,49.047,209.443,402.769,32.293,730.194,239285,200.0,cold,0,1,,,synthetic,NORMAL
,api.example,https://api.example/,0,0.0,31.069,510.749,120.457,13.257,675.532,68888,200.0,warm,0,1,,,synthetic,TLS_PROBLEM
,legacy.example,https://legacy.example/,1,33.683,61.381,126.07,922.78,0.308,1144.222,1620,500.0,cold,0,0,HTTP,,synthetic,HTTP_PROBLEM
,media.example,https://media.example/,12,20.257,0.0,0.0,986.185,265.642,1272.084,2077610,200.0,cold,1,1,,,synthetic,HTTP_PROBLEM
,legacy.example,https://legacy.example/,20,39.654,46.674,371.803,504.232,68.439,1030.802,334644,200.0,cold,0,1,,,synthetic,NORMAL
,cdn-near.example,https://cdn-near.example/,3,0.0,30.814,62.808,69.652,15.162,178.436,70906,200.0,warm,0,1,,,synthetic,CONNECT_PROBLEM
,shop.example,https://shop.example/,1,58.348,19.496,41.394,201.223,26.488,346.948,436641,200.0,cold,0,1,,,synthetic,DNS_PROBLEM
,media.example,https://media.example/,15,0.0,0.0,0.0,86.813,168.081,254.894,2217801,200.0,warm,1,1,,,synthetic,NORMAL
,cdn-far.example,https://cdn-far.example/,3,20.173,84.659,133.694,1038.074,0.141,1276.742,1298,503.0,cold,0,0,HTTP,,synthetic,HTTP_PROBLEM
,cdn-far.example,https://cdn-far.example/,2,0.0,88.071,2465.798,0.0,0.0,2553.869,0,,warm,0,0,TLS,,synthetic,TLS_PROBLEM
,cdn-far.example,https://cdn-far.example/,3,0.0,127.276,206.759,73.87,6.695,414.601,47989,200.0,warm,0,1,,,synthetic,NORMAL
,cdn-far.example,https://cdn-far.example/,6,158.847,114.262,364.637,58.409,12.946,709.102,102876,200.0,cold,0,1,,,synthetic,DNS_PROBLEM
,api.example,https://api.example/,19,10.604,5901.112,0.0,0.0,0.0,5911.716,0,,cold,0,0,CONNECT,,synthetic,CONNECT_PROBLEM
,media.example,https://media.example/,22,13.075,71.43,200.0,796.86,0.369,1081.734,3068,503.0,cold,0,0,HTTP,,synthetic,HTTP_PROBLEM
,api.example,https://api.example/,19,13.67,30.037,115.949,1269.074,0.389,1429.119,3450,502.0,cold,0,0,HTTP,,synthetic,HTTP_PROBLEM
,cdn-far.example,https://cdn-far.example/,5,20.224,67.559,91.595,34.879,7.853,222.111,108735,200.0,cold,0,1,,,synthetic,NORMAL
,cdn-far.example,https://cdn-far.example/,23,28.687,2014.269,358.593,88.513,75.138,2565.201,353521,200.0,cold,0,1,,,synthetic,CONNECT_PROBLEM
,shop.example,https://shop.example/,15,0.0,11.713,67.817,115.267,24.982,219.778,370685,200.0,warm,0,1,,,synthetic,NORMAL
,api.example,https://api.example/,14,0.0,28.253,29.717,48.274,1.785,108.03,11857,200.0,warm,0,1,,,synthetic,NORMAL
,cdn-far.example,https://cdn-far.example/,4,33.357,0.0,0.0,1097.888,0.213,1131.457,1776,503.0,cold,1,0,HTTP,,synthetic,HTTP_PROBLEM
,legacy.example,https://legacy.example/,21,0.0,111.087,210.511,407.149,61.325,790.072,295859,200.0,warm,0,1,,,synthetic,NORMAL
,legacy.example,https://legacy.example/,19,0.0,121.756,185.732,304.307,54.206,666.001,299625,200.0,warm,0,1,,,synthetic,NORMAL
,api.example,https://api.example/,6,21.019,11.698,219.041,86.265,5.948,343.971,38716,200.0,cold,0,1,,,synthetic,TLS_PROBLEM
,shop.example,https://shop.example/,12,0.0,37.459,55.531,246.236,42.17,381.396,324225,200.0,warm,0,1,,,synthetic,NORMAL
,cdn-far.example,https://cdn-far.example/,13,0.0,744.163,206.665,69.647,34.908,1055.383,156651,200.0,warm,0,1,,,synthetic,CONNECT_PROBLEM
,cdn-near.example,https://cdn-near.example/,19,7.885,5648.239,0.0,0.0,0.0,5656.124,0,,cold,0,0,CONNECT,,synthetic,CONNECT_PROBLEM
,cdn-near.example,https://cdn-near.example/,18,123.838,4.515,33.35,35.204,8.11,205.017,121293,200.0,cold,0,1,,,synthetic,DNS_PROBLEM
,cdn-far.example,https://cdn-far.example/,1,0.0,4922.687,0.0,0.0,0.0,4922.687,0,,warm,0,0,CONNECT,,synthetic,CONNECT_PROBLEM
,media.example,https://media.example/,5,0.0,54.74,100.172,60.586,268.634,484.131,1726645,200.0,warm,0,1,,,synthetic,NORMAL
,media.example,https://media.example/,15,0.0,58.499,164.596,100.786,204.68,528.562,1765578,200.0,warm,0,1,,,synthetic,NORMAL
,cdn-near.example,https://cdn-near.example/,6,0.0,9.123,57.81,45.06,25.918,137.912,231603,200.0,warm,0,1,,,synthetic,NORMAL
,shop.example,https://shop.example/,9,38.777,65.546,162.611,311.826,165.096,743.855,949979,200.0,cold,0,1,,,synthetic,NORMAL
,legacy.example,https://legacy.example/,18,55.485,26.047,60.722,296.199,13.237,451.69,211472,200.0,cold,0,1,,,synthetic,NORMAL
,legacy.example,https://legacy.example/,17,20.096,62.588,839.276,447.294,21.69,1390.945,256780,200.0,cold,0,1,,,synthetic,TLS_PROBLEM
,cdn-near.example,https://cdn-near.example/,15,0.0,3.427,20.356,44.662,7.621,76.066,87486,200.0,warm,0,1,,,synthetic,NORMAL
,legacy.example,https://legacy.example/,17,0.0,48.922,609.12,281.294,23.223,962.56,228201,200.0,warm,0,1,,,synthetic,TLS_PROBLEM
,shop.example,https://shop.example/,18,188.282,20.464,88.734,116.167,35.599,449.245,743553,200.0,cold,0,1,,,synthetic,DNS_PROBLEM
,cdn-near.example,https://cdn-near.example/,12,3895.555,0.0,0.0,0.0,0.0,3895.555,0,,cold,0,0,DNS,,synthetic,DNS_PROBLEM
,media.example,https://media.example/,1,0.0,99.605,117.008,92.364,144.858,453.836,1273549,200.0,warm,0,1,,,synthetic,NORMAL
,cdn-far.example,https://cdn-far.example/,14,19.683,67.251,1757.31,112.465,19.357,1976.065,155378,200.0,cold,0,1,,,synthetic,TLS_PROBLEM
,cdn-near.example,https://cdn-near.example/,8,0.0,9.111,36.927,73.32,17.157,136.514,100110,200.0,warm,0,1,,,synthetic,NORMAL
,shop.example,https://shop.example/,13,18.294,33.366,62.452,298.705,42.164,454.981,418379,200.0,cold,0,1,,,synthetic,NORMAL
,api.example,https://api.example/,5,0.0,20.996,81.265,1204.508,4.638,1311.407,41855,200.0,warm,0,1,,,synthetic,HTTP_PROBLEM
,shop.example,https://shop.example/,0,0.0,41.942,163.864,144.413,119.778,469.996,942676,200.0,warm,0,1,,,synthetic,NORMAL
,media.example,https://media.example/,19,0.0,120.728,110.193,120.256,257.609,608.785,1089035,200.0,warm,0,1,,,synthetic,NORMAL
,cdn-near.example,https://cdn-near.example/,9,12.539,10.658,18.125,490.709,24.222,556.253,116481,200.0,cold,0,1,,,synthetic,HTTP_PROBLEM
,api.example,https://api.example/,19,160.401,22.911,99.891,100.706,3.467,387.376,23620,200.0,cold,0,1,,,synthetic,DNS_PROBLEM
,media.example,https://media.example/,9,0.0,76.843,169.231,96.511,576.577,919.162,3151202,200.0,warm,0,1,,,synthetic,NORMAL
,cdn-far.example,https://cdn-far.example/,13,26.365,131.116,258.042,59.794,44.769,520.085,273936,200.0,cold,0,1,,,synthetic,NORMAL
,cdn-near.example,https://cdn-near.example/,17,4.702,9.463,50.585,51.022,10.03,125.802,68613,200.0,cold,0,1,,,synthetic,NORMAL
,cdn-far.example,https://cdn-far.example/,4,345.785,194.447,216.182,145.99,7.896,910.299,116197,200.0,cold,0,1,,,synthetic,DNS_PROBLEM
,legacy.example,https://legacy.example/,15,0.0,72.629,134.892,171.399,9.169,388.09,118902,200.0,warm,0,1,,,synthetic,NORMAL
,api.example,https://api.example/,5,0.0,9.737,60.54,83.573,7.019,160.869,53715,200.0,warm,0,1,,,synthetic,NORMAL
,cdn-near.example,https://cdn-near.example/,6,4140.154,0.0,0.0,0.0,0.0,4140.154,0,,cold,0,0,DNS,,synthetic,DNS_PROBLEM
,cdn-far.example,https://cdn-far.example/,16,362.684,84.972,219.074,52.704,25.487,744.921,225153,200.0,cold,0,1,,,synthetic,DNS_PROBLEM
,cdn-far.example,https://cdn-far.example/,23,25.323,168.801,379.987,238.057,19.234,831.402,175344,200.0,cold,0,1,,,synthetic,NORMAL
,cdn-near.example,https://cdn-near.example/,4,0.0,0.0,0.0,264.649,6.597,271.246,73488,200.0,warm,1,1,,,synthetic,HTTP_PROBLEM
,cdn-far.example,https://cdn-far.example/,17,0.0,112.776,240.819,55.036,29.912,438.543,248369,200.0,warm,0,1,,,synthetic,NORMAL
,cdn-near.example,https://cdn-near.example/,5,0.0,6.595,50.913,23.957,5.46,86.924,50659,200.0,warm,0,1,,,synthetic,NORMAL
,cdn-near.example,https://cdn-near.example/,7,197.34,5.617,26.491,31.837,3.86,265.144,50436,200.0,cold,0,1,,,synthetic,DNS_PROBLEM
,cdn-near.example,https://cdn-near.example/,10,193.607,5.101,34.142,48.763,4.471,286.084,44538,200.0,cold,0,1,,,synthetic,DNS_PROBLEM
,shop.example,https://shop.example/,3,0.0,0.0,0.0,1846.856,79.875,1926.732,891864,200.0,warm,1,1,,,synthetic,HTTP_PROBLEM
,media.example,https://media.example/,16,24.856,25.017,65.295,69.938,113.034,298.14,1499886,200.0,cold,0,1,,,synthetic,NORMAL
,cdn-far.example,https://cdn-far.example/,18,27.308,64.064,136.973,1572.829,15.304,1816.477,152550,200.0,cold,0,1,,,synthetic,HTTP_PROBLEM
,legacy.example,https://legacy.example/,13,22.807,50.038,370.012,200.955,42.373,686.184,587768,200.0,cold,0,1,,,synthetic,TLS_PROBLEM
,cdn-far.example,https://cdn-far.example/,1,0.0,67.971,2348.435,63.019,16.381,2495.807,145620,200.0,warm,0,1,,,synthetic,TLS_PROBLEM
,cdn-far.example,https://cdn-far.example/,7,0.0,133.301,207.863,64.442,9.12,414.726,84872,200.0,warm,0,1,,,synthetic,NORMAL
,media.example,https://media.example/,13,6329.925,0.0,0.0,0.0,0.0,6329.925,0,,cold,0,0,DNS,,synthetic,DNS_PROBLEM
,media.example,https://media.example/,4,0.0,194.975,220.446,64.884,568.568,1048.874,2676444,200.0,warm,0,1,,,synthetic,CONNECT_PROBLEM
,legacy.example,https://legacy.example/,16,0.0,54.058,208.374,250.918,39.199,552.548,302787,200.0,warm,0,1,,,synthetic,NORMAL
,legacy.example,https://legacy.example/,4,75.89,42.401,75.624,396.079,6.672,596.666,104877,200.0,cold,0,1,,,synthetic,NORMAL
,legacy.example,https://legacy.example/,21,25.14,85.753,145.472,324.843,42.759,623.967,396300,200.0,cold,0,1,,,synthetic,NORMAL
,legacy.example,https://legacy.example/,8,0.0,63.188,160.937,382.162,53.331,659.62,355732,200.0,warm,0,1,,,synthetic,NORMAL
,cdn-far.example,https://cdn-far.example/,22,0.0,176.281,282.052,114.328,16.329,588.99,160031,200.0,warm,0,1,,,synthetic,NORMAL
,cdn-far.example,https://cdn-far.example/,21,0.0,0.0,0.0,64.458,20.923,85.381,130036,200.0,warm,1,1,,,synthetic,NORMAL
,api.example,https://api.example/,19,23.108,19.176,170.059,142.504,5.422,360.268,34216,200.0,cold,0,1,,,synthetic,NORMAL
,cdn-near.example,https://cdn-near.example/,2,8.894,7.007,30.244,43.442,8.165,97.752,56346,200.0,cold,0,1,,,synthetic,NORMAL
,media.example,https://media.example/,3,0.0,423.986,125.251,169.441,530.318,1248.996,2927030,200.0,warm,0,1,,,synthetic,CONNECT_PROBLEM
,media.example,https://media.example/,17,0.0,46.836,492.184,107.454,96.69,743.164,1256108,200.0,warm,0,1,,,synthetic,TLS_PROBLEM
,cdn-near.example,https://cdn-near.example/,10,0.0,15.001,224.396,74.874,17.612,331.883,90311,200.0,warm,0,1,,,synthetic,TLS_PROBLEM
,media.example,https://media.example/,23,114.1,55.154,163.762,191.394,212.88,737.291,1937664,200.0,cold,0,1,,,synthetic,DNS_PROBLEM
,shop.example,https://shop.example/,14,201.706,37.156,80.321,149.653,30.069,498.905,690549,200.0,cold,0,1,,,synthetic,DNS_PROBLEM
,shop.example,https://shop.example/,5,0.0,38.114,99.653,224.432,137.935,500.134,1026479,200.0,warm,0,1,,,synthetic,NORMAL
,cdn-near.example,https://cdn-near.example/,5,0.0,0.0,0.0,43.272,7.871,51.143,112811,200.0,warm,1,1,,,synthetic,NORMAL
,api.example,https://api.example/,6,0.0,5307.933,0.0,0.0,0.0,5307.933,0,,warm,0,0,CONNECT,,synthetic,CONNECT_PROBLEM
,media.example,https://media.example/,1,0.0,42.214,115.541,74.211,47.744,279.709,533889,200.0,warm,0,1,,,synthetic,NORMAL
,cdn-near.example,https://cdn-near.example/,23,0.0,98.09,72.782,94.159,38.682,303.714,95937,200.0,warm,0,1,,,synthetic,CONNECT_PROBLEM
,shop.example,https://shop.example/,16,0.0,32.666,88.922,281.046,40.585,443.218,457441,200.0,warm,0,1,,,synthetic,NORMAL
,cdn-far.example,https://cdn-far.example/,2,34.33,78.588,217.023,68.196,12.835,410.973,184111,200.0,cold,0,1,,,synthetic,NORMAL
,media.example,https://media.example/,0,0.0,47.412,149.048,96.622,167.206,460.288,1239082,200.0,warm,0,1,,,synthetic,NORMAL
,cdn-near.example,https://cdn-near.example/,8,0.0,8.352,49.881,72.853,14.047,145.133,82130,200.0,warm,0,1,,,synthetic,NORMAL
,cdn-far.example,https://cdn-far.example/,0,177.237,201.432,198.718,81.976,27.151,686.515,179668,200.0,cold,0,1,,,synthetic,DNS_PROBLEM
,cdn-near.example,https://cdn-near.example/,6,0.0,0.0,0.0,100.437,41.468,141.905,124648,200.0,warm,1,1,,,synthetic,NORMAL
,api.example,https://api.example/,11,0.0,15.655,404.526,80.785,6.404,507.37,33038,200.0,warm,0,1,,,synthetic,TLS_PROBLEM
,media.example,https://media.example/,12,0.0,48.039,192.576,87.068,39.391,367.073,416853,200.0,warm,0,1,,,synthetic,NORMAL
,cdn-far.example,https://cdn-far.example/,4,0.0,0.0,0.0,80.336,21.259,101.594,171982,200.0,warm,1,1,,,synthetic,NORMAL
,cdn-near.example,https://cdn-near.example/,4,10.711,10.277,258.357,38.613,7.639,325.598,104961,200.0,cold,0,1,,,synthetic,TLS_PROBLEM
,shop.example,https://shop.example/,17,8.107,25.697,104.089,1551.082,0.585,1689.56,3847,500.0,cold,0,0,HTTP,,synthetic,HTTP_PROBLEM
,shop.example,https://shop.example/,11,24.739,40.928,84.901,279.214,39.743,469.525,361908,200.0,cold,0,1,,,synthetic,NORMAL
,media.example,https://media.example/,12,22.879,32.07,1011.606,126.656,47.062,1240.274,723486,200.0,cold,0,1,,,synthetic,TLS_PROBLEM
,media.example,https://media.example/,12,0.0,0.0,0.0,71.596,140.224,211.82,957712,200.0,warm,1,1,,,synthetic,NORMAL
,api.example,https://api.example/,19,14.387,25.49,78.025,218.33,1.201,337.433,12896,200.0,cold,0,1,,,synthetic,NORMAL
,shop.example,https://shop.example/,12,0.0,28.846,600.742,163.313,45.754,838.655,518977,200.0,warm,0,1,,,synthetic,TLS_PROBLEM
,media.example,https://media.example/,22,312.605,48.468,139.056,104.728,574.947,1179.803,2515451,200.0,cold,0,1,,,synthetic,DNS_PROBLEM
,api.example,https://api.example/,4,12.17,0.0,0.0,354.438,2.079,368.687,29720,200.0,cold,1,1,,,synthetic,HTTP_PROBLEM
,cdn-near.example,https://cdn-near.example/,11,7.737,4940.112,0.0,0.0,0.0,4947.849,0,,cold,0,0,CONNECT,,synthetic,CONNECT_PROBLEM
,legacy.example,https://legacy.example/,8,0.0,104.163,172.429,604.825,49.88,931.296,307664,200.0,warm,0,1,,,synthetic,NORMAL
,cdn-near.example,https://cdn-near.example/,20,22.908,13.32,345.912,78.25,19.903,480.295,193952,200.0,cold,0,1,,,synthetic,TLS_PROBLEM
,media.example,https://media.example/,1,11.979,38.529,130.198,63.04,277.58,521.325,1921746,200.0,cold,0,1,,,synthetic,NORMAL
,api.example,https://api.example/,18,0.0,26.191,432.963,102.303,2.591,564.049,24009,200.0,warm,0,1,,,synthetic,TLS_PROBLEM
,cdn-near.example,https://cdn-near.example/,2,0.0,8.76,36.105,739.016,4.413,788.294,61432,200.0,warm,0,1,,,synthetic,HTTP_PROBLEM
,api.example,https://api.example/,8,0.0,24.335,87.885,104.603,4.124,220.947,23039,200.0,warm,0,1,,,synthetic,NORMAL
,media.example,https://media.example/,8,0.0,36.089,92.073,119.473,313.616,561.251,1248026,200.0,warm,0,1,,,synthetic,NORMAL
,legacy.example,https://legacy.example/,23,40.738,632.395,133.964,387.05,28.525,1222.672,173352,200.0,cold,0,1,,,synthetic,CONNECT_PROBLEM
,legacy.example,https://legacy.example/,9,307.397,48.404,170.23,416.945,84.11,1027.086,409539,200.0,cold,0,1,,,synthetic,DNS_PROBLEM
,cdn-near.example,https://cdn-near.example/,6,0.0,4.554,29.569,24.594,11.395,70.111,180305,200.0,warm,0,1,,,synthetic,NORMAL
,cdn-near.example,https://cdn-near.example/,7,0.0,5.854,25.614,567.335,0.113,598.916,1625,503.0,warm,0,0,HTTP,,synthetic,HTTP_PROBLEM
,cdn-near.example,https://cdn-near.example/,21,3872.385,0.0,0.0,0.0,0.0,3872.385,0,,cold,0,0,DNS,,synthetic,DNS_PROBLEM
,api.example,https://api.example/,2,0.0,12.392,72.063,73.421,3.126,161.002,26651,200.0,warm,0,1,,,synthetic,NORMAL
,legacy.example,https://legacy.example/,22,51.828,95.152,163.261,417.543,98.902,826.686,431598,200.0,cold,0,1,,,synthetic,NORMAL
,api.example,https://api.example/,0,158.419,30.874,111.343,112.079,5.869,418.585,36775,200.0,cold,0,1,,,synthetic,DNS_PROBLEM
,legacy.example,https://legacy.example/,11,38.906,66.443,959.234,337.392,50.515,1452.49,296877,200.0,cold,0,1,,,synthetic,TLS_PROBLEM
,legacy.example,https://legacy.example/,18,49.712,33.404,207.321,392.054,24.862,707.354,294997,200.0,cold,0,1,,,synthetic,NORMAL
,legacy.example,https://legacy.example/,10,27.251,66.631,114.265,297.845,35.876,541.868,311323,200.0,cold,0,1,,,synthetic,NORMAL
,api.example,https://api.example/,20,0.0,41.38,213.197,162.581,5.408,422.566,27179,200.0,warm,0,1,,,synthetic,NORMAL
,legacy.example,https://legacy.example/,1,0.0,0.0,0.0,218.063,24.899,242.962,327513,200.0,warm,1,1,,,synthetic,NORMAL
,shop.example,https://shop.example/,8,0.0,47.952,95.05,481.779,231.211,855.991,979253,200.0,warm,0,1,,,synthetic,NORMAL
,shop.example,https://shop.example/,0,145.69,19.503,109.052,130.907,51.14,456.292,641338,200.0,cold,0,1,,,synthetic,DNS_PROBLEM
,cdn-far.example,https://cdn-far.example/,6,24.15,62.859,252.573,33.132,15.145,387.859,162254,200.0,cold,0,1,,,synthetic,NORMAL
,media.example,https://media.example/,14,0.0,0.0,0.0,92.802,387.061,479.863,2509784,200.0,warm,1,1,,,synthetic,NORMAL
,cdn-far.example,https://cdn-far.example/,0,0.0,0.0,0.0,56.444,35.195,91.64,316796,200.0,warm,1,1,,,synthetic,NORMAL
,cdn-near.example,https://cdn-near.example/,6,122.586,8.844,58.164,66.167,16.249,272.009,89430,200.0,cold,0,1,,,synthetic,DNS_PROBLEM
,cdn-near.example,https://cdn-near.example/,6,267.322,6.079,38.987,35.738,2.369,350.496,36810,200.0,cold,0,1,,,synthetic,DNS_PROBLEM
,legacy.example,https://legacy.example/,10,0.0,361.69,128.446,537.463,48.177,1075.776,165885,200.0,warm,0,1,,,synthetic,CONNECT_PROBLEM
,api.example,https://api.example/,16,0.0,0.0,0.0,468.677,0.266,468.942,2519,500.0,warm,1,0,HTTP,,synthetic,HTTP_PROBLEM
,cdn-far.example,https://cdn-far.example/,23,23.457,288.645,515.696,87.464,15.719,930.981,170105,200.0,cold,0,1,,,synthetic,NORMAL
,api.example,https://api.example/,19,12.713,19.026,70.798,184.69,2.633,289.861,17175,200.0,cold,0,1,,,synthetic,NORMAL
,cdn-far.example,https://cdn-far.example/,9,20.703,124.916,231.43,112.605,28.129,517.785,185873,200.0,cold,0,1,,,synthetic,NORMAL
,shop.example,https://shop.example/,3,231.876,30.927,62.919,135.823,34.973,496.519,423822,200.0,cold,0,1,,,synthetic,DNS_PROBLEM
,cdn-far.example,https://cdn-far.example/,19,0.0,0.0,0.0,1869.622,7.12,1876.742,54457,200.0,warm,1,1,,,synthetic,HTTP_PROBLEM
,media.example,https://media.example/,15,0.0,33.335,146.97,316.802,770.975,1268.082,3123027,200.0,warm,0,1,,,synthetic,HTTP_PROBLEM
,cdn-far.example,https://cdn-far.example/,17,107.414,208.288,349.146,65.779,16.825,747.452,133877,200.0,cold,0,1,,,synthetic,DNS_PROBLEM
,cdn-far.example,https://cdn-far.example/,21,0.0,0.0,0.0,111.313,13.494,124.807,86855,200.0,warm,1,1,,,synthetic,NORMAL
,shop.example,https://shop.example/,23,5770.234,0.0,0.0,0.0,0.0,5770.234,0,,cold,0,0,DNS,,synthetic,DNS_PROBLEM
,legacy.example,https://legacy.example/,13,619.089,63.762,81.266,320.587,56.0,1140.705,524005,200.0,cold,0,1,,,synthetic,DNS_PROBLEM
,cdn-near.example,https://cdn-near.example/,17,13.311,13.77,324.993,43.582,5.61,401.266,40608,200.0,cold,0,1,,,synthetic,TLS_PROBLEM
,shop.example,https://shop.example/,7,0.0,0.0,0.0,1341.199,61.057,1402.256,558124,200.0,warm,1,1,,,synthetic,HTTP_PROBLEM
,api.example,https://api.example/,2,220.879,24.882,54.408,81.355,2.889,384.413,25315,200.0,cold,0,1,,,synthetic,DNS_PROBLEM
,cdn-far.example,https://cdn-far.example/,8,0.0,153.081,159.462,135.303,16.339,464.185,90867,200.0,warm,0,1,,,synthetic,NORMAL
,cdn-near.example,https://cdn-near.example/,9,0.0,17.666,66.489,654.522,16.334,755.01,91398,200.0,warm,0,1,,,synthetic,HTTP_PROBLEM
,shop.example,https://shop.example/,16,39.509,24.105,712.757,256.27,80.478,1113.119,872678,200.0,cold,0,1,,,synthetic,TLS_PROBLEM
,cdn-near.example,https://cdn-near.example/,15,0.0,7.857,60.872,50.581,12.353,131.663,147408,200.0,warm,0,1,,,synthetic,TLS_PROBLEM
,shop.example,https://shop.example/,7,18.662,28.821,69.384,3867.377,71.973,4056.218,387490,200.0,cold,0,1,,,synthetic,HTTP_PROBLEM
,shop.example,https://shop.example/,17,21.306,50.936,186.817,567.678,0.189,826.927,2230,500.0,cold,0,0,HTTP,,synthetic,HTTP_PROBLEM
,api.example,https://api.example/,11,8.187,13.703,72.003,124.938,1.223,220.054,10208,200.0,cold,0,1,,,synthetic,NORMAL
,shop.example,https://shop.example/,20,10.038,37.997,110.284,231.546,148.221,538.087,1108795,200.0,cold,0,1,,,synthetic,NORMAL
,legacy.example,https://legacy.example/,20,0.0,145.203,308.154,508.333,108.681,1070.371,574219,200.0,warm,0,1,,,synthetic,NORMAL
,shop.example,https://shop.example/,2,21.771,26.406,63.469,204.156,181.645,497.447,925386,200.0,cold,0,1,,,synthetic,NORMAL
,api.example,https://api.example/,15,10.884,24.046,134.132,96.125,2.251,267.438,10762,200.0,cold,0,1,,,synthetic,NORMAL
,cdn-near.example,https://cdn-near.example/,13,0.0,6.956,18.353,37.005,2.879,65.194,50753,200.0,warm,0,1,,,synthetic,NORMAL
,shop.example,https://shop.example/,22,0.0,166.68,141.861,264.231,121.873,694.645,426352,200.0,warm,0,1,,,synthetic,NORMAL
,media.example,https://media.example/,13,0.0,69.904,3498.973,0.0,0.0,3568.877,0,,warm,0,0,TLS,,synthetic,TLS_PROBLEM
,media.example,https://media.example/,7,33.124,29.726,294.05,57.46,160.72,575.082,2236974,200.0,cold,0,1,,,synthetic,TLS_PROBLEM
,media.example,https://media.example/,6,12.548,0.0,0.0,185.196,187.674,385.418,2244175,200.0,cold,1,1,,,synthetic,NORMAL
,shop.example,https://shop.example/,14,0.0,38.629,94.272,244.597,45.49,422.987,436652,200.0,warm,0,1,,,synthetic,NORMAL
,cdn-near.example,https://cdn-near.example/,19,0.0,13.364,65.25,132.524,6.104,217.242,57313,200.0,warm,0,1,,,synthetic,NORMAL
,cdn-far.example,https://cdn-far.example/,1,0.0,153.477,153.567,1344.313,0.149,1651.505,1992,500.0,warm,0,0,HTTP,,synthetic,HTTP_PROBLEM
,media.example,https://media.example/,2,0.0,375.538,123.647,73.9,516.291,1089.376,4784711,200.0,warm,0,1,,,synthetic,CONNECT_PROBLEM
,legacy.example,https://legacy.example/,20,42.411,0.0,0.0,225.455,36.324,304.191,261747,200.0,cold,1,1,,,synthetic,NORMAL
,cdn-near.example,https://cdn-near.example/,1,8.36,6.345,234.689,36.869,17.548,303.81,208742,200.0,cold,0,1,,,synthetic,TLS_PROBLEM
,cdn-near.example,https://cdn-near.example/,17,10.439,6.422,24.718,45.505,5.062,92.146,76825,200.0,cold,0,1,,,synthetic,NORMAL
,media.example,https://media.example/,6,0.0,28.686,174.18,91.831,137.04,431.738,2161599,200.0,warm,0,1,,,synthetic,NORMAL
,shop.example,https://shop.example/,22,22.853,0.0,0.0,302.294,225.13,550.278,1287975,200.0,cold,1,1,,,synthetic,NORMAL
,legacy.example,https://legacy.example/,15,0.0,0.0,0.0,2582.378,42.781,2625.159,304847,200.0,warm,1,1,,,synthetic,HTTP_PROBLEM
,cdn-far.example,https://cdn-far.example/,3,0.0,158.502,1783.474,132.916,8.965,2083.857,115107,200.0,warm,0,1,,,synthetic,TLS_PROBLEM
,cdn-near.example,https://cdn-near.example/,7,0.0,0.0,0.0,174.35,5.609,179.959,59990,200.0,warm,1,1,,,synthetic,HTTP_PROBLEM
,cdn-far.example,https://cdn-far.example/,21,0.0,218.01,273.626,90.116,21.27,603.022,176223,200.0,warm,0,1,,,synthetic,NORMAL
,api.example,https://api.example/,10,211.237,19.468,51.3,86.266,6.758,375.029,31102,200.0,cold,0,1,,,synthetic,DNS_PROBLEM
,cdn-far.example,https://cdn-far.example/,19,0.0,0.0,0.0,922.176,22.861,945.036,95913,200.0,warm,1,1,,,synthetic,HTTP_PROBLEM
,cdn-far.example,https://cdn-far.example/,12,0.0,39.353,203.326,297.616,18.583,558.878,220834,200.0,warm,0,1,,,synthetic,HTTP_PROBLEM
,shop.example,https://shop.example/,12,0.0,35.834,71.606,266.865,128.09,502.395,441704,200.0,warm,0,1,,,synthetic,NORMAL
,cdn-near.example,https://cdn-near.example/,11,0.0,8.885,42.356,38.244,22.841,112.326,142658,200.0,warm,0,1,,,synthetic,NORMAL
,api.example,https://api.example/,7,0.0,20.328,78.381,165.172,4.119,267.999,25362,200.0,warm,0,1,,,synthetic,NORMAL
,legacy.example,https://legacy.example/,14,39.438,506.708,160.947,290.865,147.565,1145.523,616651,200.0,cold,0,1,,,synthetic,CONNECT_PROBLEM
,shop.example,https://shop.example/,16,0.0,37.464,138.833,390.896,95.517,662.71,372536,200.0,warm,0,1,,,synthetic,NORMAL
,api.example,https://api.example/,9,13.278,746.642,196.996,179.063,7.57,1143.549,40108,200.0,cold,0,1,,,synthetic,CONNECT_PROBLEM
,cdn-far.example,https://cdn-far.example/,16,0.0,63.061,117.445,757.034,32.259,969.799,261533,200.0,warm,0,1,,,synthetic,HTTP_PROBLEM
,cdn-near.example,https://cdn-near.example/,3,0.0,8.123,21.724,313.65,37.805,381.303,281626,200.0,warm,0,1,,,synthetic,HTTP_PROBLEM
,cdn-far.example,https://cdn-far.example/,3,0.0,6317.448,0.0,0.0,0.0,6317.448,0,,warm,0,0,CONNECT,,synthetic,CONNECT_PROBLEM
,api.example,https://api.example/,2,15.488,14.817,38.351,96.539,2.416,167.61,18603,200.0,cold,0,1,,,synthetic,NORMAL
,media.example,https://media.example/,3,0.0,37.905,84.254,87.497,405.332,614.989,5610372,200.0,warm,0,1,,,synthetic,NORMAL
,cdn-far.example,https://cdn-far.example/,10,29.344,76.062,238.09,74.891,6.022,424.409,59220,200.0,cold,0,1,,,synthetic,NORMAL
,api.example,https://api.example/,12,14.503,19.579,45.583,137.554,3.225,220.443,30426,200.0,cold,0,1,,,synthetic,NORMAL
,media.example,https://media.example/,2,13.805,0.0,0.0,1125.195,52.991,1191.99,486634,200.0,cold,1,1,,,synthetic,HTTP_PROBLEM
,api.example,https://api.example/,6,0.0,107.344,45.645,66.903,2.296,222.188,20299,200.0,warm,0,1,,,synthetic,CONNECT_PROBLEM
,cdn-near.example,https://cdn-near.example/,2,0.0,6.882,20.909,62.117,29.594,119.502,195584,200.0,warm,0,1,,,synthetic,NORMAL
,legacy.example,https://legacy.example/,21,0.0,77.192,330.559,810.702,61.54,1279.993,401134,200.0,warm,0,1,,,synthetic,NORMAL
,api.example,https://api.example/,15,13.589,10.951,74.425,138.067,1.488,238.519,18643,200.0,cold,0,1,,,synthetic,NORMAL
,cdn-near.example,https://cdn-near.example/,6,11.681,7.015,305.832,72.828,3.823,401.178,69004,200.0,cold,0,1,,,synthetic,TLS_PROBLEM
,media.example,https://media.example/,14,32.32,152.904,81.738,92.426,322.706,682.095,2751748,200.0,cold,0,1,,,synthetic,CONNECT_PROBLEM
,media.example,https://media.example/,8,0.0,65.587,223.191,128.126,246.031,662.935,1261980,200.0,warm,0,1,,,synthetic,NORMAL
,media.example,https://media.example/,19,24.448,34.598,125.357,1360.144,428.991,1973.538,2590989,200.0,cold,0,1,,,synthetic,HTTP_PROBLEM
,shop.example,https://shop.example/,14,14.423,0.0,0.0,153.178,118.631,286.231,681935,200.0,cold,1,1,,,synthetic,NORMAL
,legacy.example,https://legacy.example/,19,64.976,112.138,1493.657,449.537,23.645,2143.953,187482,200.0,cold,0,1,,,synthetic,TLS_PROBLEM
,media.example,https://media.example/,12,0.0,104.468,95.335,82.388,860.546,1142.737,7851918,200.0,warm,0,1,,,synthetic,NORMAL
,media.example,https://media.example/,22,0.0,795.381,69.038,64.183,193.884,1122.486,1736250,200.0,warm,0,1,,,synthetic,CONNECT_PROBLEM
,api.example,https://api.example/,1,11.544,14.304,90.076,70.146,2.465,188.535,22298,200.0,cold,0,1,,,synthetic,NORMAL
,media.example,https://media.example/,17,35.546,27.498,624.075,97.545,207.513,992.177,2152117,200.0,cold,0,1,,,synthetic,TLS_PROBLEM
,legacy.example,https://legacy.example/,17,19.123,67.594,87.12,390.49,23.627,587.954,306996,200.0,cold,0,1,,,synthetic,NORMAL
,api.example,https://api.example/,2,0.0,10.283,73.336,100.091,2.059,185.769,23176,200.0,warm,0,1,,,synthetic,NORMAL
,cdn-far.example,https://cdn-far.example/,9,0.0,0.0,0.0,761.479,0.443,761.922,1585,503.0,warm,1,0,HTTP,,synthetic,HTTP_PROBLEM
,media.example,https://media.example/,6,0.0,54.27,691.702,104.595,134.859,985.426,1484648,200.0,warm,0,1,,,synthetic,TLS_PROBLEM
,cdn-near.example,https://cdn-near.example/,0,0.0,0.0,0.0,74.229,8.72,82.95,69887,200.0,warm,1,1,,,synthetic,NORMAL
,cdn-near.example,https://cdn-near.example/,19,0.0,7433.588,0.0,0.0,0.0,7433.588,0,,warm,0,0,CONNECT,,synthetic,CONNECT_PROBLEM
,api.example,https://api.example/,21,24.43,5810.802,0.0,0.0,0.0,5835.231,0,,cold,0,0,CONNECT,,synthetic,CONNECT_PROBLEM
,api.example,https://api.example/,18,0.0,0.0,0.0,93.054,3.023,96.077,31356,200.0,warm,1,1,,,synthetic,NORMAL
,media.example,https://media.example/,23,31.305,84.529,259.149,74.069,105.085,554.138,864765,200.0,cold,0,1,,,synthetic,NORMAL
,cdn-near.example,https://cdn-near.example/,3,0.0,4.02,19.653,32.499,12.73,68.903,161398,200.0,warm,0,1,,,synthetic,NORMAL
,shop.example,https://shop.example/,1,0.0,40.18,76.731,208.017,36.374,361.303,490525,200.0,warm,0,1,,,synthetic,NORMAL
,legacy.example,https://legacy.example/,22,53.517,114.671,130.314,4081.287,21.164,4400.952,146641,200.0,cold,0,1,,,synthetic,HTTP_PROBLEM
,cdn-far.example,https://cdn-far.example/,7,0.0,87.813,129.438,103.661,9.458,330.37,107417,200.0,warm,0,1,,,synthetic,NORMAL
,shop.example,https://shop.example/,12,14.391,309.677,85.875,172.038,77.336,659.316,363758,200.0,cold,0,1,,,synthetic,CONNECT_PROBLEM
,legacy.example,https://legacy.example/,10,0.0,88.19,3150.413,0.0,0.0,3238.603,0,,warm,0,0,TLS,,synthetic,TLS_PROBLEM
,shop.example,https://shop.example/,15,47.31,37.705,140.257,127.934,92.547,445.753,886776,200.0,cold,0,1,,,synthetic,NORMAL
,media.example,https://media.example/,0,0.0,38.173,147.083,98.463,83.909,367.628,857500,200.0,warm,0,1,,,synthetic,NORMAL
,cdn-far.example,https://cdn-far.example/,14,0.0,174.929,255.327,117.774,70.589,618.619,609698,200.0,warm,0,1,,,synthetic,NORMAL
,media.example,https://media.example/,5,24.134,50.589,59.303,52.074,267.322,453.424,2502344,200.0,cold,0,1,,,synthetic,NORMAL
,cdn-far.example,https://cdn-far.example/,17,109.795,71.682,175.29,95.626,13.178,465.572,109263,200.0,cold,0,1,,,synthetic,DNS_PROBLEM
,cdn-near.example,https://cdn-near.example/,5,6.145,9.441,48.348,58.299,8.775,131.008,73961,200.0,cold,0,1,,,synthetic,NORMAL
,media.example,https://media.example/,22,19.77,34.207,143.802,89.523,172.431,459.732,1003369,200.0,cold,0,1,,,synthetic,NORMAL
,cdn-near.example,https://cdn-near.example/,1,9.651,0.0,0.0,35.263,6.814,51.729,81434,200.0,cold,1,1,,,synthetic,NORMAL
,media.example,https://media.example/,5,0.0,84.221,1690.759,90.038,239.079,2104.096,1787749,200.0,warm,0,1,,,synthetic,TLS_PROBLEM
,shop.example,https://shop.example/,19,5512.671,0.0,0.0,0.0,0.0,5512.671,0,,cold,0,0,DNS,,synthetic,DNS_PROBLEM
,cdn-near.example,https://cdn-near.example/,14,0.0,0.0,0.0,60.886,4.061,64.947,63679,200.0,warm,1,1,,,synthetic,HTTP_PROBLEM
,shop.example,https://shop.example/,11,0.0,6548.491,0.0,0.0,0.0,6548.491,0,,warm,0,0,CONNECT,,synthetic,CONNECT_PROBLEM
,shop.example,https://shop.example/,3,0.0,21.925,527.884,190.445,38.614,778.868,571901,200.0,warm,0,1,,,synthetic,TLS_PROBLEM
,media.example,https://media.example/,11,0.0,78.386,567.218,63.597,210.468,919.668,1581955,200.0,warm,0,1,,,synthetic,TLS_PROBLEM
,media.example,https://media.example/,2,20.571,590.501,301.068,113.232,316.381,1341.752,1799432,200.0,cold,0,1,,,synthetic,CONNECT_PROBLEM
,legacy.example,https://legacy.example/,7,0.0,42.456,95.461,411.036,17.421,566.374,174570,200.0,warm,0,1,,,synthetic,NORMAL
,legacy.example,https://legacy.example/,2,28.916,0.0,0.0,211.693,15.569,256.178,201994,200.0,cold,1,1,,,synthetic,NORMAL
,media.example,https://media.example/,4,32.009,0.0,0.0,126.751,125.23,283.991,1374627,200.0,cold,1,1,,,synthetic,NORMAL
,media.example,https://media.example/,7,177.888,36.588,46.405,77.563,145.733,484.178,1514087,200.0,cold,0,1,,,synthetic,DNS_PROBLEM
,api.example,https://api.example/,6,0.0,33.456,43.726,80.265,2.086,159.533,24015,200.0,warm,0,1,,,synthetic,NORMAL
,api.example,https://api.example/,8,3383.147,0.0,0.0,0.0,0.0,3383.147,0,,cold,0,0,DNS,,synthetic,DNS_PROBLEM
,cdn-near.example,https://cdn-near.example/,10,96.926,10.146,15.726,80.066,6.431,209.294,60624,200.0,cold,0,1,,,synthetic,DNS_PROBLEM
,media.example,https://media.example/,1,0.0,43.491,61.187,55.231,159.813,319.723,1920170,200.0,warm,0,1,,,synthetic,NORMAL
,legacy.example,https://legacy.example/,14,0.0,47.89,144.606,422.745,23.802,639.043,281285,200.0,warm,0,1,,,synthetic,NORMAL
,api.example,https://api.example/,17,8.369,17.848,60.148,108.501,4.983,199.849,30614,200.0,cold,0,1,,,synthetic,NORMAL
,shop.example,https://shop.example/,14,17.222,34.693,80.947,367.958,54.641,555.461,499891,200.0,cold,0,1,,,synthetic,NORMAL
,shop.example,https://shop.example/,19,0.0,290.133,117.807,237.796,148.392,794.128,565930,200.0,warm,0,1,,,synthetic,CONNECT_PROBLEM
,cdn-near.example,https://cdn-near.example/,22,0.0,8.108,30.232,59.744,32.307,130.392,253771,200.0,warm,0,1,,,synthetic,NORMAL
,shop.example,https://shop.example/,20,0.0,819.853,100.612,412.578,101.965,1435.008,377995,200.0,warm,0,1,,,synthetic,CONNECT_PROBLEM
,media.example,https://media.example/,13,24.941,93.602,211.133,189.656,672.895,1192.227,2845072,200.0,cold,0,1,,,synthetic,NORMAL
,media.example,https://media.example/,11,0.0,0.0,0.0,101.81,498.478,600.289,1672485,200.0,warm,1,1,,,synthetic,NORMAL
,shop.example,https://shop.example/,2,0.0,40.351,124.847,520.817,0.369,686.384,2814,500.0,warm,0,0,HTTP,,synthetic,HTTP_PROBLEM
,cdn-far.example,https://cdn-far.example/,9,27.222,285.77,349.105,128.496,40.926,831.52,184604,200.0,cold,0,1,,,synthetic,NORMAL
,cdn-near.example,https://cdn-near.example/,23,122.154,5.896,29.052,27.702,27.782,212.585,168625,200.0,cold,0,1,,,synthetic,DNS_PROBLEM
,cdn-far.example,https://cdn-far.example/,5,14.159,0.0,0.0,438.322,18.223,470.704,158277,200.0,cold,1,1,,,synthetic,HTTP_PROBLEM
,legacy.example,https://legacy.example/,17,48.537,61.543,213.203,209.954,12.0,545.237,124824,200.0,cold,0,1,,,synthetic,NORMAL
,legacy.example,https://legacy.example/,11,44.138,100.151,150.936,213.001,25.13,533.356,259971,200.0,cold,0,1,,,synthetic,NORMAL
,legacy.example,https://legacy.example/,20,0.0,0.0,0.0,428.45,26.752,455.202,273397,200.0,warm,1,1,,,synthetic,NORMAL
,shop.example,https://shop.example/,13,227.715,45.412,100.519,160.076,49.748,583.469,871541,200.0,cold,0,1,,,synthetic,DNS_PROBLEM
,legacy.example,https://legacy.example/,21,0.0,87.327,717.059,385.487,24.987,1214.86,190705,200.0,warm,0,1,,,synthetic,TLS_PROBLEM
,legacy.example,https://legacy.example/,22,0.0,1048.166,112.345,331.687,55.002,1547.2,252755,200.0,warm,0,1,,,synthetic,CONNECT_PROBLEM
,cdn-far.example,https://cdn-far.example/,15,6670.173,0.0,0.0,0.0,0.0,6670.173,0,,cold,0,0,DNS,,synthetic,DNS_PROBLEM
,cdn-near.example,https://cdn-near.example/,18,0.0,4.677,41.556,58.659,7.484,112.376,47485,200.0,warm,0,1,,,synthetic,NORMAL
,api.example,https://api.example/,5,14.131,0.0,0.0,99.666,3.348,117.146,38246,200.0,cold,1,1,,,synthetic,NORMAL
,cdn-far.example,https://cdn-far.example/,21,29.782,0.0,0.0,71.433,20.788,122.003,161743,200.0,cold,1,1,,,synthetic,NORMAL
,api.example,https://api.example/,16,23.72,15.007,47.658,78.147,7.47,172.002,64063,200.0,cold,0,1,,,synthetic,NORMAL
,cdn-near.example,https://cdn-near.example/,2,111.917,4.458,40.798,79.367,7.64,244.181,163761,200.0,cold,0,1,,,synthetic,DNS_PROBLEM
,api.example,https://api.example/,9,14.326,21.531,71.81,164.736,2.395,274.797,14078,200.0,cold,0,1,,,synthetic,NORMAL
,media.example,https://media.example/,8,0.0,90.652,1633.486,76.308,651.421,2451.868,2391288,200.0,warm,0,1,,,synthetic,TLS_PROBLEM
,api.example,https://api.example/,15,0.0,0.0,0.0,79.206,4.808,84.014,34411,200.0,warm,1,1,,,synthetic,NORMAL
,shop.example,https://shop.example/,4,9.13,66.379,320.17,291.099,179.167,865.944,1529450,200.0,cold,0,1,,,synthetic,TLS_PROBLEM
,cdn-near.example,https://cdn-near.example/,22,22.07,15.47,85.281,1673.073,25.739,1821.633,136049,200.0,cold,0,1,,,synthetic,HTTP_PROBLEM
,cdn-near.example,https://cdn-near.example/,1,14.211,4.858,33.347,1536.746,0.181,1589.343,2007,503.0,cold,0,0,HTTP,,synthetic,HTTP_PROBLEM
,shop.example,https://shop.example/,13,0.0,25.008,714.02,108.071,51.194,898.293,396355,200.0,warm,0,1,,,synthetic,TLS_PROBLEM
,media.example,https://media.example/,0,0.0,0.0,0.0,88.948,133.017,221.965,1047177,200.0,warm,1,1,,,synthetic,NORMAL
,api.example,https://api.example/,21,0.0,392.516,105.004,178.236,6.113,681.87,20877,200.0,warm,0,1,,,synthetic,CONNECT_PROBLEM
,api.example,https://api.example/,20,0.0,59.325,70.212,321.37,8.844,459.751,32103,200.0,warm,0,1,,,synthetic,HTTP_PROBLEM
,api.example,https://api.example/,3,0.0,35.225,51.701,180.241,1.137,268.303,16816,200.0,warm,0,1,,,synthetic,NORMAL
,legacy.example,https://legacy.example/,7,60.095,407.281,73.352,302.977,61.801,905.506,321795,200.0,cold,0,1,,,synthetic,CONNECT_PROBLEM
,legacy.example,https://legacy.example/,18,0.0,0.0,0.0,455.376,15.453,470.829,183424,200.0,warm,1,1,,,synthetic,NORMAL
,cdn-far.example,https://cdn-far.example/,11,44.151,94.912,115.736,45.604,7.244,307.648,63932,200.0,cold,0,1,,,synthetic,NORMAL
,cdn-far.example,https://cdn-far.example/,20,18.975,0.0,0.0,92.419,6.742,118.135,126509,200.0,cold,1,1,,,synthetic,NORMAL
,legacy.example,https://legacy.example/,9,0.0,66.086,110.705,501.715,98.578,777.084,461868,200.0,warm,0,1,,,synthetic,NORMAL
,legacy.example,https://legacy.example/,18,0.0,51.094,66.54,1705.099,21.579,1844.312,289022,200.0,warm,0,1,,,synthetic,HTTP_PROBLEM
,cdn-near.example,https://cdn-near.example/,7,0.0,9.885,42.482,105.483,15.933,173.782,145643,200.0,warm,0,1,,,synthetic,NORMAL
,legacy.example,https://legacy.example/,8,0.0,7073.314,0.0,0.0,0.0,7073.314,0,,warm,0,0,CONNECT,,synthetic,CONNECT_PROBLEM
,shop.example,https://shop.example/,14,0.0,19.678,251.791,159.397,71.243,502.108,892749,200.0,warm,0,1,,,synthetic,TLS_PROBLEM
,api.example,https://api.example/,0,120.514,21.13,87.184,125.463,3.545,357.835,28893,200.0,cold,0,1,,,synthetic,DNS_PROBLEM
,cdn-far.example,https://cdn-far.example/,5,23.862,138.471,179.386,88.995,23.824,454.538,117892,200.0,cold,0,1,,,synthetic,NORMAL
,shop.example,https://shop.example/,12,0.0,0.0,0.0,194.264,62.043,256.307,303194,200.0,warm,1,1,,,synthetic,NORMAL
,shop.example,https://shop.example/,0,37.822,298.43,74.259,213.192,146.122,769.824,685264,200.0,cold,0,1,,,synthetic,CONNECT_PROBLEM
,api.example,https://api.example/,20,16.366,25.812,70.288,130.289,19.747,262.501,84865,200.0,cold,0,1,,,synthetic,NORMAL
,legacy.example,https://legacy.example/,16,0.0,94.975,162.058,4413.87,73.345,4744.247,627415,200.0,warm,0,1,,,synthetic,HTTP_PROBLEM
,shop.example,https://shop.example/,1,13.834,19.047,49.196,146.813,35.979,264.869,418800,200.0,cold,0,1,,,synthetic,NORMAL
,cdn-near.example,https://cdn-near.example/,9,0.0,8.934,62.371,651.61,42.913,765.828,150203,200.0,warm,0,1,,,synthetic,HTTP_PROBLEM
,cdn-far.example,https://cdn-far.example/,18,45.187,0.0,0.0,47.641,12.604,105.432,146630,200.0,cold,1,1,,,synthetic,NORMAL
,cdn-far.example,https://cdn-far.example/,17,0.0,0.0,0.0,39.016,26.044,65.06,184813,200.0,warm,1,1,,,synthetic,NORMAL
,cdn-near.example,https://cdn-near.example/,9,0.0,19.856,43.864,74.431,9.15,147.301,69764,200.0,warm,0,1,,,synthetic,NORMAL
,shop.example,https://shop.example/,9,17.721,29.14,136.717,2140.477,197.688,2521.743,968754,200.0,cold,0,1,,,synthetic,HTTP_PROBLEM
,legacy.example,https://legacy.example/,21,112.288,75.221,150.909,658.144,44.771,1041.333,323997,200.0,cold,0,1,,,synthetic,DNS_PROBLEM
,media.example,https://media.example/,18,0.0,342.637,164.415,38.689,432.276,978.017,2165722,200.0,warm,0,1,,,synthetic,CONNECT_PROBLEM
,cdn-far.example,https://cdn-far.example/,23,24.544,236.39,201.09,95.025,17.456,574.504,95360,200.0,cold,0,1,,,synthetic,NORMAL
,cdn-near.example,https://cdn-near.example/,9,0.0,6.927,39.652,45.843,19.189,111.611,130153,200.0,warm,0,1,,,synthetic,NORMAL
,cdn-near.example,https://cdn-near.example/,12,101.681,10.747,47.461,31.655,8.115,199.659,46596,200.0,cold,0,1,,,synthetic,DNS_PROBLEM
,api.example,https://api.example/,18,0.0,6394.148,0.0,0.0,0.0,6394.148,0,,warm,0,0,CONNECT,,synthetic,CONNECT_PROBLEM
,cdn-near.example,https://cdn-near.example/,15,9.564,33.139,38.254,78.129,51.617,210.703,187597,200.0,cold,0,1,,,synthetic,CONNECT_PROBLEM
,cdn-near.example,https://cdn-near.example/,22,11.559,6.902,36.566,110.071,9.999,175.097,84507,200.0,cold,0,1,,,synthetic,NORMAL
,api.example,https://api.example/,20,15.818,15.587,105.297,72.679,2.565,211.946,16937,200.0,cold,0,1,,,synthetic,NORMAL
,api.example,https://api.example/,17,0.0,22.121,104.78,100.895,3.7,231.496,22949,200.0,warm,0,1,,,synthetic,NORMAL
,legacy.example,https://legacy.example/,20,0.0,731.548,163.191,375.854,213.351,1483.945,538753,200.0,warm,0,1,,,synthetic,CONNECT_PROBLEM
,media.example,https://media.example/,16,18.063,0.0,0.0,85.413,455.012,558.488,4604942,200.0,cold,1,1,,,synthetic,NORMAL
,cdn-near.example,https://cdn-near.example/,19,0.0,0.0,0.0,437.921,0.331,438.252,1850,503.0,warm,1,0,HTTP,,synthetic,HTTP_PROBLEM
,cdn-near.example,https://cdn-near.example/,2,10.366,0.0,0.0,85.935,5.181,101.482,50493,200.0,cold,1,1,,,synthetic,NORMAL
,legacy.example,https://legacy.example/,20,0.0,91.785,185.781,324.318,38.846,640.729,270741,200.0,warm,0,1,,,synthetic,NORMAL
,legacy.example,https://legacy.example/,12,35.756,43.436,107.98,8254.232,22.057,8463.461,147254,200.0,cold,0,1,,,synthetic,HTTP_PROBLEM
,legacy.example,https://legacy.example/,12,48.163,96.922,175.89,469.587,53.108,843.67,368076,200.0,cold,0,1,,,synthetic,NORMAL
,cdn-far.example,https://cdn-far.example/,5,21.129,101.205,357.115,245.421,4.746,729.616,41927,200.0,cold,0,1,,,synthetic,NORMAL
,api.example,https://api.example/,2,0.0,19.56,611.879,108.083,3.52,743.042,28132,200.0,warm,0,1,,,synthetic,TLS_PROBLEM
,media.example,https://media.example/,22,0.0,49.535,114.837,91.718,163.546,419.635,1079592,200.0,warm,0,1,,,synthetic,NORMAL
,shop.example,https://shop.example/,8,0.0,33.839,150.048,5756.561,67.192,6007.641,399252,200.0,warm,0,1,,,synthetic,HTTP_PROBLEM
,cdn-far.example,https://cdn-far.example/,13,633.597,107.99,306.682,49.059,29.407,1126.735,219370,200.0,cold,0,1,,,synthetic,DNS_PROBLEM
,api.example,https://api.example/,1,16.485,18.121,41.83,71.834,3.109,151.378,30422,200.0,cold,0,1,,,synthetic,NORMAL
,cdn-near.example,https://cdn-near.example/,23,0.0,7.599,32.447,843.338,0.293,883.677,1681,503.0,warm,0,0,HTTP,,synthetic,HTTP_PROBLEM
,cdn-far.example,https://cdn-far.example/,10,3738.563,0.0,0.0,0.0,0.0,3738.563,0,,cold,0,0,DNS,,synthetic,DNS_PROBLEM
,cdn-far.example,https://cdn-far.example/,12,17.837,104.183,82.194,82.142,23.932,310.288,245335,200.0,cold,0,1,,,synthetic,NORMAL
,api.example,https://api.example/,2,11.007,134.492,67.165,102.533,11.745,326.942,53822,200.0,cold,0,1,,,synthetic,CONNECT_PROBLEM
,shop.example,https://shop.example/,15,245.187,48.707,145.085,173.976,250.03,862.986,1771863,200.0,cold,0,1,,,synthetic,DNS_PROBLEM
,media.example,https://media.example/,3,14.83,0.0,0.0,76.418,253.529,344.777,2333024,200.0,cold,1,1,,,synthetic,NORMAL
,api.example,https://api.example/,9,115.138,36.027,159.05,149.104,3.073,462.392,27409,200.0,cold,0,1,,,synthetic,DNS_PROBLEM
,cdn-far.example,https://cdn-far.example/,10,32.505,106.39,152.757,55.153,15.18,361.985,180538,200.0,cold,0,1,,,synthetic,NORMAL
,cdn-far.example,https://cdn-far.example/,20,0.0,134.17,452.633,605.462,0.224,1192.489,1433,500.0,warm,0,0,HTTP,,synthetic,HTTP_PROBLEM
,api.example,https://api.example/,8,0.0,28.972,40.14,1106.571,4.025,1179.708,39119,200.0,warm,0,1,,,synthetic,HTTP_PROBLEM
,api.example,https://api.example/,14,118.15,20.052,58.647,85.859,1.65,284.357,20803,200.0,cold,0,1,,,synthetic,DNS_PROBLEM
,media.example,https://media.example/,15,26.537,21.974,100.55,86.625,161.034,396.721,2056415,200.0,cold,0,1,,,synthetic,NORMAL
,media.example,https://media.example/,3,0.0,24.07,151.873,54.057,281.438,511.438,2836926,200.0,warm,0,1,,,synthetic,NORMAL
,media.example,https://media.example/,14,152.436,19.847,103.865,138.582,241.505,656.235,2608673,200.0,cold,0,1,,,synthetic,DNS_PROBLEM
,cdn-near.example,https://cdn-near.example/,22,0.0,15.961,91.271,96.157,10.428,213.817,44020,200.0,warm,0,1,,,synthetic,NORMAL
,cdn-far.example,https://cdn-far.example/,17,18.869,42.035,242.374,59.2,12.461,374.938,120289,200.0,cold,0,1,,,synthetic,NORMAL
,cdn-near.example,https://cdn-near.example/,19,0.0,12.524,61.029,106.863,5.212,185.627,40693,200.0,warm,0,1,,,synthetic,NORMAL
,cdn-far.example,https://cdn-far.example/,6,28.575,637.029,281.314,89.54,31.209,1067.666,195223,200.0,cold,0,1,,,synthetic,CONNECT_PROBLEM
,legacy.example,https://legacy.example/,1,0.0,77.26,263.837,270.715,19.968,631.781,246429,200.0,warm,0,1,,,synthetic,NORMAL
,api.example,https://api.example/,6,130.907,23.51,88.912,68.213,1.24,312.782,23660,200.0,cold,0,1,,,synthetic,DNS_PROBLEM
,media.example,https://media.example/,4,29.619,0.0,0.0,108.188,355.02,492.827,1823828,200.0,cold,1,1,,,synthetic,NORMAL
,shop.example,https://shop.example/,21,0.0,63.81,98.53,230.093,113.336,505.769,747161,200.0,warm,0,1,,,synthetic,NORMAL
,cdn-far.example,https://cdn-far.example/,11,0.0,0.0,0.0,106.51,21.676,128.186,217930,200.0,warm,1,1,,,synthetic,NORMAL
,cdn-far.example,https://cdn-far.example/,16,0.0,91.728,137.795,41.572,12.166,283.26,142156,200.0,warm,0,1,,,synthetic,NORMAL
,legacy.example,https://legacy.example/,0,0.0,0.0,0.0,215.508,89.224,304.732,640260,200.0,warm,1,1,,,synthetic,NORMAL
,shop.example,https://shop.example/,9,199.854,44.492,141.775,315.878,36.53,738.53,265969,200.0,cold,0,1,,,synthetic,DNS_PROBLEM
,cdn-far.example,https://cdn-far.example/,15,29.658,126.979,181.871,92.688,51.366,482.562,327812,200.0,cold,0,1,,,synthetic,NORMAL
,media.example,https://media.example/,8,28.902,150.516,244.997,178.354,121.792,724.559,780304,200.0,cold,0,1,,,synthetic,NORMAL
,shop.example,https://shop.example/,13,0.0,42.137,88.975,228.182,33.592,392.886,303736,200.0,warm,0,1,,,synthetic,NORMAL
,shop.example,https://shop.example/,12,72.383,36.057,33.749,224.162,33.818,400.17,426878,200.0,cold,0,1,,,synthetic,DNS_PROBLEM
,legacy.example,https://legacy.example/,22,58.967,0.0,0.0,642.255,49.296,750.517,222096,200.0,cold,1,1,,,synthetic,NORMAL
,legacy.example,https://legacy.example/,6,0.0,108.616,229.901,454.193,15.634,808.344,147401,200.0,warm,0,1,,,synthetic,NORMAL
,cdn-near.example,https://cdn-near.example/,11,17.784,6.491,23.665,28.36,7.734,84.034,61156,200.0,cold,0,1,,,synthetic,NORMAL
,cdn-near.example,https://cdn-near.example/,17,0.0,6.621,40.423,38.408,18.073,103.525,196043,200.0,warm,0,1,,,synthetic,NORMAL
,legacy.example,https://legacy.example/,6,36.975,34.152,812.619,260.817,50.364,1194.926,345429,200.0,cold,0,1,,,synthetic,TLS_PROBLEM
,cdn-far.example,https://cdn-far.example/,17,0.0,123.125,157.049,131.362,30.269,441.805,127505,200.0,warm,0,1,,,synthetic,NORMAL
,media.example,https://media.example/,3,0.0,27.593,95.833,56.616,426.981,607.023,3454187,200.0,warm,0,1,,,synthetic,NORMAL
,media.example,https://media.example/,10,0.0,64.369,139.414,94.921,169.833,468.536,1905581,200.0,warm,0,1,,,synthetic,NORMAL
,cdn-near.example,https://cdn-near.example/,18,0.0,0.0,0.0,30.04,10.116,40.155,80713,200.0,warm,1,1,,,synthetic,NORMAL
,legacy.example,https://legacy.example/,5,40.968,492.246,259.661,424.458,34.144,1251.476,182651,200.0,cold,0,1,,,synthetic,CONNECT_PROBLEM
,api.example,https://api.example/,7,0.0,30.163,55.87,106.327,7.158,199.517,34942,200.0,warm,0,1,,,synthetic,NORMAL
,cdn-far.example,https://cdn-far.example/,22,0.0,109.282,181.517,613.256,10.917,914.972,85656,200.0,warm,0,1,,,synthetic,HTTP_PROBLEM
,shop.example,https://shop.example/,10,17.657,4785.05,0.0,0.0,0.0,4802.707,0,,cold,0,0,CONNECT,,synthetic,CONNECT_PROBLEM
,api.example,https://api.example/,23,0.0,31.053,694.045,174.688,6.601,906.387,39406,200.0,warm,0,1,,,synthetic,TLS_PROBLEM
,cdn-near.example,https://cdn-near.example/,5,0.0,6.408,23.973,37.788,4.741,72.91,60139,200.0,warm,0,1,,,synthetic,NORMAL
,api.example,https://api.example/,4,0.0,155.627,117.928,194.779,9.924,478.258,39896,200.0,warm,0,1,,,synthetic,CONNECT_PROBLEM
,legacy.example,https://legacy.example/,4,41.935,19.156,87.937,3251.427,24.28,3424.735,275763,200.0,cold,0,1,,,synthetic,HTTP_PROBLEM
,api.example,https://api.example/,18,0.0,8.845,1014.907,68.771,5.202,1097.725,40146,200.0,warm,0,1,,,synthetic,TLS_PROBLEM
,media.example,https://media.example/,8,10.181,54.376,427.442,63.076,361.948,917.022,2079293,200.0,cold,0,1,,,synthetic,NORMAL
,media.example,https://media.example/,2,15.288,36.558,77.142,58.717,231.089,418.795,2935445,200.0,cold,0,1,,,synthetic,NORMAL
,shop.example,https://shop.example/,13,0.0,386.215,57.308,101.29,319.189,864.002,1327095,200.0,warm,0,1,,,synthetic,CONNECT_PROBLEM
,api.example,https://api.example/,10,0.0,0.0,0.0,160.393,5.567,165.96,39521,200.0,warm,1,1,,,synthetic,NORMAL
,api.example,https://api.example/,4,0.0,14.004,62.742,217.886,2.882,297.513,28054,200.0,warm,0,1,,,synthetic,NORMAL
,cdn-far.example,https://cdn-far.example/,11,0.0,240.8,178.307,77.139,11.729,507.975,108492,200.0,warm,0,1,,,synthetic,NORMAL
,cdn-near.example,https://cdn-near.example/,8,0.0,10.719,19.849,881.966,0.341,912.876,2511,503.0,warm,0,0,HTTP,,synthetic,HTTP_PROBLEM
,shop.example,https://shop.example/,11,31.15,23.04,83.407,233.539,52.032,423.169,697669,200.0,cold,0,1,,,synthetic,TLS_PROBLEM
,media.example,https://media.example/,15,3106.375,0.0,0.0,0.0,0.0,3106.375,0,,cold,0,0,DNS,,synthetic,DNS_PROBLEM
,shop.example,https://shop.example/,4,0.0,296.512,55.617,134.063,101.986,588.178,582507,200.0,warm,0,1,,,synthetic,CONNECT_PROBLEM
,media.example,https://media.example/,19,0.0,707.597,133.696,90.707,163.478,1095.478,964372,200.0,warm,0,1,,,synthetic,CONNECT_PROBLEM
,api.example,https://api.example/,7,0.0,58.204,74.725,113.856,2.794,249.579,26063,200.0,warm,0,1,,,synthetic,CONNECT_PROBLEM
,cdn-far.example,https://cdn-far.example/,11,22.866,57.773,276.743,787.718,20.527,1165.628,120263,200.0,cold,0,1,,,synthetic,HTTP_PROBLEM
,cdn-near.example,https://cdn-near.example/,5,0.0,0.0,0.0,57.792,4.337,62.129,61357,200.0,warm,1,1,,,synthetic,NORMAL
,api.example,https://api.example/,17,28.751,13.784,47.763,103.121,3.344,196.763,37535,200.0,cold,0,1,,,synthetic,NORMAL
,cdn-far.example,https://cdn-far.example/,3,0.0,0.0,0.0,439.58,6.673,446.253,81259,200.0,warm,1,1,,,synthetic,HTTP_PROBLEM
,cdn-near.example,https://cdn-near.example/,23,12.201,14.025,41.108,245.334,9.93,322.597,63689,200.0,cold,0,1,,,synthetic,HTTP_PROBLEM
,media.example,https://media.example/,18,0.0,49.193,162.089,126.603,125.49,463.374,1050759,200.0,warm,0,1,,,synthetic,NORMAL
,media.example,https://media.example/,23,13.666,0.0,0.0,133.004,133.669,280.34,820623,200.0,cold,1,1,,,synthetic,NORMAL
,legacy.example,https://legacy.example/,4,43.0,38.08,69.498,291.165,65.782,507.525,605749,200.0,cold,0,1,,,synthetic,NORMAL
,api.example,https://api.example/,18,0.0,182.86,46.847,73.646,4.585,307.939,28858,200.0,warm,0,1,,,synthetic,CONNECT_PROBLEM
,api.example,https://api.example/,19,20.746,34.118,74.702,753.418,6.472,889.456,28985,200.0,cold,0,1,,,synthetic,HTTP_PROBLEM
,cdn-near.example,https://cdn-near.example/,18,4189.169,0.0,0.0,0.0,0.0,4189.169,0,,cold,0,0,DNS,,synthetic,DNS_PROBLEM
,cdn-near.example,https://cdn-near.example/,22,14.659,13.6,31.544,100.488,16.396,176.686,134555,200.0,cold,0,1,,,synthetic,NORMAL
,media.example,https://media.example/,6,13.204,38.96,85.961,925.719,118.538,1182.382,935669,200.0,cold,0,1,,,synthetic,HTTP_PROBLEM
,media.example,https://media.example/,16,0.0,37.322,77.24,945.248,222.699,1282.509,2047842,200.0,warm,0,1,,,synthetic,HTTP_PROBLEM
,cdn-near.example,https://cdn-near.example/,19,10.487,13.846,41.176,281.087,13.9,360.495,106801,200.0,cold,0,1,,,synthetic,HTTP_PROBLEM
,legacy.example,https://legacy.example/,10,0.0,550.734,108.551,259.792,145.008,1064.085,1063997,200.0,warm,0,1,,,synthetic,CONNECT_PROBLEM
,shop.example,https://shop.example/,13,0.0,53.093,391.299,169.29,76.43,690.112,751463,200.0,warm,0,1,,,synthetic,TLS_PROBLEM
,legacy.example,https://legacy.example/,19,42.7,130.133,264.483,214.669,118.412,770.398,431347,200.0,cold,0,1,,,synthetic,NORMAL
,shop.example,https://shop.example/,15,0.0,57.135,119.699,238.004,30.973,445.812,338686,200.0,warm,0,1,,,synthetic,NORMAL
,legacy.example,https://legacy.example/,12,0.0,0.0,0.0,382.576,33.818,416.394,395536,200.0,warm,1,1,,,synthetic,NORMAL
,shop.example,https://shop.example/,11,0.0,28.725,33.136,178.392,86.983,327.235,761976,200.0,warm,0,1,,,synthetic,NORMAL
,cdn-far.example,https://cdn-far.example/,6,0.0,0.0,0.0,24.183,7.98,32.164,112165,200.0,warm,1,1,,,synthetic,NORMAL
,media.example,https://media.example/,0,0.0,0.0,0.0,61.641,97.346,158.987,1000117,200.0,warm,1,1,,,synthetic,NORMAL
,media.example,https://media.example/,17,0.0,0.0,0.0,3270.807,0.125,3270.932,2299,503.0,warm,1,0,HTTP,,synthetic,HTTP_PROBLEM
,cdn-far.example,https://cdn-far.example/,16,21.555,48.987,2447.285,0.0,0.0,2517.826,0,,cold,0,0,TLS,,synthetic,TLS_PROBLEM
,shop.example,https://shop.example/,18,19.699,37.683,89.446,352.931,54.98,554.739,456592,200.0,cold,0,1,,,synthetic,NORMAL
,cdn-near.example,https://cdn-near.example/,20,0.0,12.176,97.877,71.699,12.373,194.125,42080,200.0,warm,0,1,,,synthetic,NORMAL
,cdn-far.example,https://cdn-far.example/,11,39.625,106.347,285.404,606.641,74.036,1112.052,420675,200.0,cold,0,1,,,synthetic,HTTP_PROBLEM
,cdn-far.example,https://cdn-far.example/,19,0.0,146.112,4024.809,73.825,30.805,4275.552,133104,200.0,warm,0,1,,,synthetic,TLS_PROBLEM
,api.example,https://api.example/,16,8.658,65.982,55.649,75.964,6.523,212.776,32718,200.0,cold,0,1,,,synthetic,CONNECT_PROBLEM
,legacy.example,https://legacy.example/,7,0.0,0.0,0.0,500.901,126.651,627.552,994467,200.0,warm,1,1,,,synthetic,NORMAL
,media.example,https://media.example/,3,19.04,66.573,159.154,1500.15,147.387,1892.304,1472746,200.0,cold,0,1,,,synthetic,HTTP_PROBLEM
,cdn-near.example,https://cdn-near.example/,9,0.0,19.968,99.722,83.08,48.268,251.039,108775,200.0,warm,0,1,,,synthetic,NORMAL
,shop.example,https://shop.example/,6,25.711,0.0,0.0,200.901,102.432,329.044,902823,200.0,cold,1,1,,,synthetic,NORMAL
,shop.example,https://shop.example/,18,0.0,0.0,0.0,228.023,122.634,350.657,1074329,200.0,warm,1,1,,,synthetic,NORMAL
,legacy.example,https://legacy.example/,8,0.0,97.021,288.272,594.485,46.098,1025.876,225987,200.0,warm,0,1,,,synthetic,NORMAL
,api.example,https://api.example/,6,29.901,20.476,46.377,59.474,2.041,158.268,31309,200.0,cold,0,1,,,synthetic,NORMAL
,api.example,https://api.example/,23,12.718,11.579,99.827,821.511,2.262,947.896,26630,200.0,cold,0,1,,,synthetic,HTTP_PROBLEM
,cdn-near.example,https://cdn-near.example/,0,0.0,9.341,26.863,62.01,8.323,106.537,82207,200.0,warm,0,1,,,synthetic,NORMAL
,cdn-far.example,https://cdn-far.example/,22,21.323,0.0,0.0,362.887,35.884,420.094,189586,200.0,cold,1,1,,,synthetic,HTTP_PROBLEM
,shop.example,https://shop.example/,5,0.0,0.0,0.0,110.692,65.985,176.677,805261,200.0,warm,1,1,,,synthetic,NORMAL
,shop.example,https://shop.example/,23,0.0,674.472,108.469,407.14,587.271,1777.352,1008447,200.0,warm,0,1,,,synthetic,CONNECT_PROBLEM
,api.example,https://api.example/,8,13.103,61.172,102.266,87.247,2.696,266.484,24617,200.0,cold,0,1,,,synthetic,NORMAL
,legacy.example,https://legacy.example/,9,38.944,68.603,134.513,394.61,123.038,759.706,732629,200.0,cold,0,1,,,synthetic,NORMAL
,shop.example,https://shop.example/,6,0.0,34.118,2630.097,0.0,0.0,2664.215,0,,warm,0,0,TLS,,synthetic,TLS_PROBLEM
,legacy.example,https://legacy.example/,11,39.65,81.217,100.44,2146.385,22.802,2390.494,263781,200.0,cold,0,1,,,synthetic,HTTP_PROBLEM
,legacy.example,https://legacy.example/,23,0.0,280.89,323.374,679.166,138.09,1421.521,480268,200.0,warm,0,1,,,synthetic,NORMAL
,legacy.example,https://legacy.example/,17,35.874,28.301,153.362,143.932,28.65,390.119,213508,200.0,cold,0,1,,,synthetic,NORMAL
,cdn-near.example,https://cdn-near.example/,15,6.506,6.712,32.966,601.12,3.048,650.353,31952,200.0,cold,0,1,,,synthetic,HTTP_PROBLEM
,shop.example,https://shop.example/,11,0.0,30.399,1009.194,342.533,107.894,1490.02,882956,200.0,warm,0,1,,,synthetic,TLS_PROBLEM
,cdn-near.example,https://cdn-near.example/,21,12.5,7.186,91.352,109.702,27.189,247.93,199697,200.0,cold,0,1,,,synthetic,NORMAL
,legacy.example,https://legacy.example/,20,34.041,81.573,176.037,4377.86,36.415,4705.927,253002,200.0,cold,0,1,,,synthetic,HTTP_PROBLEM
,media.example,https://media.example/,1,19.576,25.511,83.16,743.508,243.358,1115.114,1144525,200.0,cold,0,1,,,synthetic,HTTP_PROBLEM
,media.example,https://media.example/,18,0.0,0.0,0.0,158.365,169.703,328.068,1014400,200.0,warm,1,1,,,synthetic,NORMAL
,cdn-far.example,https://cdn-far.example/,16,0.0,96.799,249.171,72.359,44.0,462.33,509830,200.0,warm,0,1,,,synthetic,NORMAL
,cdn-near.example,https://cdn-near.example/,4,0.0,46.68,37.225,42.023,4.805,130.733,35709,200.0,warm,0,1,,,synthetic,CONNECT_PROBLEM
,cdn-far.example,https://cdn-far.example/,7,20.719,0.0,0.0,32.101,23.525,76.346,213379,200.0,cold,1,1,,,synthetic,NORMAL
,cdn-far.example,https://cdn-far.example/,8,28.125,117.673,381.886,114.813,52.528,695.025,242046,200.0,cold,0,1,,,synthetic,NORMAL
,cdn-far.example,https://cdn-far.example/,1,0.0,79.618,126.673,709.276,0.122,915.689,1286,500.0,warm,0,0,HTTP,,synthetic,HTTP_PROBLEM
,cdn-far.example,https://cdn-far.example/,14,0.0,0.0,0.0,53.083,14.833,67.916,117929,200.0,warm,1,1,,,synthetic,NORMAL
,api.example,https://api.example/,23,0.0,29.097,63.795,204.114,9.129,306.135,68355,200.0,warm,0,1,,,synthetic,NORMAL
,cdn-near.example,https://cdn-near.example/,11,0.0,10.684,56.265,35.552,18.29,120.79,112495,200.0,warm,0,1,,,synthetic,NORMAL
,legacy.example,https://legacy.example/,12,0.0,77.89,265.368,314.716,36.293,694.267,315164,200.0,warm,0,1,,,synthetic,NORMAL
,media.example,https://media.example/,12,22.325,37.898,107.755,80.202,218.338,466.518,1656291,200.0,cold,0,1,,,synthetic,NORMAL
,api.example,https://api.example/,4,0.0,0.0,0.0,56.181,2.055,58.236,20016,200.0,warm,1,1,,,synthetic,NORMAL
,media.example,https://media.example/,16,251.289,42.464,67.941,91.516,132.64,585.851,1609355,200.0,cold,0,1,,,synthetic,DNS_PROBLEM
,cdn-far.example,https://cdn-far.example/,14,0.0,63.43,1354.264,53.281,22.775,1493.749,245137,200.0,warm,0,1,,,synthetic,TLS_PROBLEM
,media.example,https://media.example/,0,0.0,42.119,154.718,160.753,252.572,610.162,3204347,200.0,warm,0,1,,,synthetic,NORMAL
,cdn-far.example,https://cdn-far.example/,21,191.358,93.865,523.142,88.894,14.209,911.468,205746,200.0,cold,0,1,,,synthetic,DNS_PROBLEM
,api.example,https://api.example/,13,17.557,13.774,48.965,146.465,0.721,227.483,12589,200.0,cold,0,1,,,synthetic,NORMAL
,api.example,https://api.example/,11,11.763,15.767,46.632,2166.804,2.158,2243.124,21136,200.0,cold,0,1,,,synthetic,HTTP_PROBLEM
,cdn-far.example,https://cdn-far.example/,12,42.997,0.0,0.0,48.983,64.974,156.954,224545,200.0,cold,1,1,,,synthetic,NORMAL
,cdn-far.example,https://cdn-far.example/,13,27.664,102.576,233.728,424.853,4.786,793.606,47509,200.0,cold,0,1,,,synthetic,HTTP_PROBLEM
,shop.example,https://shop.example/,21,0.0,256.413,167.612,284.719,354.664,1063.408,792130,200.0,warm,0,1,,,synthetic,CONNECT_PROBLEM
,cdn-near.example,https://cdn-near.example/,7,9.357,13.09,51.701,43.146,38.968,156.264,258888,200.0,cold,0,1,,,synthetic,NORMAL
,shop.example,https://shop.example/,16,0.0,60.681,75.106,332.798,78.247,546.833,776688,200.0,warm,0,1,,,synthetic,NORMAL
,shop.example,https://shop.example/,22,16.715,49.497,100.997,178.753,122.914,468.876,281203,200.0,cold,0,1,,,synthetic,NORMAL
,cdn-far.example,https://cdn-far.example/,7,0.0,67.148,1677.08,107.896,9.96,1862.084,88081,200.0,warm,0,1,,,synthetic,TLS_PROBLEM
,cdn-near.example,https://cdn-near.example/,5,5863.413,0.0,0.0,0.0,0.0,5863.413,0,,cold,0,0,DNS,,synthetic,DNS_PROBLEM
,api.example,https://api.example/,16,12.674,33.756,48.354,173.399,3.328,271.512,29106,200.0,cold,0,1,,,synthetic,NORMAL
,shop.example,https://shop.example/,14,0.0,50.368,89.861,1265.56,0.375,1406.163,1903,500.0,warm,0,0,HTTP,,synthetic,HTTP_PROBLEM
,legacy.example,https://legacy.example/,1,0.0,195.344,172.508,576.532,60.086,1004.47,346407,200.0,warm,0,1,,,synthetic,NORMAL
,shop.example,https://shop.example/,0,15.38,27.542,227.292,229.439,85.504,585.158,929890,200.0,cold,0,1,,,synthetic,NORMAL
,cdn-far.example,https://cdn-far.example/,8,34.296,217.412,684.401,163.429,61.782,1161.319,314287,200.0,cold,0,1,,,synthetic,NORMAL
,shop.example,https://shop.example/,15,0.0,0.0,0.0,1354.77,44.375,1399.146,423962,200.0,warm,1,1,,,synthetic,HTTP_PROBLEM
,legacy.example,https://legacy.example/,9,28.328,86.977,147.164,218.532,154.247,635.248,947399,200.0,cold,0,1,,,synthetic,NORMAL
,shop.example,https://shop.example/,12,12.281,79.103,70.849,255.241,66.333,483.807,667029,200.0,cold,0,1,,,synthetic,NORMAL
,media.example,https://media.example/,0,144.828,49.671,70.088,69.61,199.595,533.792,1105658,200.0,cold,0,1,,,synthetic,DNS_PROBLEM
,shop.example,https://shop.example/,17,0.0,41.275,65.948,290.783,45.721,443.727,610536,200.0,warm,0,1,,,synthetic,NORMAL
,api.example,https://api.example/,14,0.0,137.552,35.393,38.898,2.628,214.472,18095,200.0,warm,0,1,,,synthetic,CONNECT_PROBLEM
,api.example,https://api.example/,1,0.0,166.67,102.003,119.747,6.22,394.639,24866,200.0,warm,0,1,,,synthetic,CONNECT_PROBLEM
,legacy.example,https://legacy.example/,5,19.725,56.807,180.007,482.124,43.912,782.576,280530,200.0,cold,0,1,,,synthetic,NORMAL
,api.example,https://api.example/,16,22.003,19.423,30.812,88.735,1.099,162.073,12010,200.0,cold,0,1,,,synthetic,NORMAL
,media.example,https://media.example/,16,0.0,76.597,1225.225,73.37,228.185,1603.377,2402919,200.0,warm,0,1,,,synthetic,TLS_PROBLEM
,shop.example,https://shop.example/,23,0.0,79.934,308.821,453.869,29.307,871.931,290907,200.0,warm,0,1,,,synthetic,NORMAL
,legacy.example,https://legacy.example/,5,0.0,18.185,90.255,293.166,4.502,406.108,74473,200.0,warm,0,1,,,synthetic,NORMAL
,api.example,https://api.example/,20,152.482,28.745,47.771,177.674,3.599,410.272,26947,200.0,cold,0,1,,,synthetic,DNS_PROBLEM
,shop.example,https://shop.example/,8,13.959,53.68,615.715,481.115,110.424,1274.892,464658,200.0,cold,0,1,,,synthetic,TLS_PROBLEM
,shop.example,https://shop.example/,14,0.0,28.388,50.22,142.071,72.501,293.179,747254,200.0,warm,0,1,,,synthetic,NORMAL
,shop.example,https://shop.example/,8,20.208,66.04,70.513,274.556,40.294,471.612,248115,200.0,cold,0,1,,,synthetic,NORMAL
,cdn-near.example,https://cdn-near.example/,17,13.873,9.0,20.066,554.044,19.53,616.513,199364,200.0,cold,0,1,,,synthetic,HTTP_PROBLEM
,media.example,https://media.example/,6,26.307,47.198,137.99,130.178,305.412,647.085,2889343,200.0,cold,0,1,,,synthetic,NORMAL
,cdn-far.example,https://cdn-far.example/,11,419.795,111.274,161.065,111.03,12.771,815.935,107641,200.0,cold,0,1,,,synthetic,DNS_PROBLEM
,legacy.example,https://legacy.example/,2,32.754,56.929,162.5,312.153,15.62,579.958,265037,200.0,cold,0,1,,,synthetic,NORMAL
,cdn-near.example,https://cdn-near.example/,7,11.867,20.485,40.952,88.984,28.709,190.998,115837,200.0,cold,0,1,,,synthetic,NORMAL
,shop.example,https://shop.example/,8,0.0,26.957,156.382,1805.881,104.95,2094.17,810657,200.0,warm,0,1,,,synthetic,HTTP_PROBLEM
,cdn-near.example,https://cdn-near.example/,22,11.105,0.0,0.0,73.54,45.413,130.059,237974,200.0,cold,1,1,,,synthetic,NORMAL
,api.example,https://api.example/,3,27.417,0.0,0.0,90.587,1.402,119.406,12769,200.0,cold,1,1,,,synthetic,NORMAL
,shop.example,https://shop.example/,15,20.72,32.137,50.694,310.875,45.521,459.948,605102,200.0,cold,0,1,,,synthetic,NORMAL
,api.example,https://api.example/,7,200.704,20.334,55.815,55.6,1.274,333.727,16269,200.0,cold,0,1,,,synthetic,DNS_PROBLEM
,cdn-far.example,https://cdn-far.example/,15,391.807,155.886,182.709,72.112,16.078,818.591,137899,200.0,cold,0,1,,,synthetic,DNS_PROBLEM
,legacy.example,https://legacy.example/,1,31.504,0.0,0.0,325.266,15.062,371.833,168350,200.0,cold,1,1,,,synthetic,NORMAL
,media.example,https://media.example/,5,16.38,64.014,72.973,76.747,114.324,344.438,1355394,200.0,cold,0,1,,,synthetic,NORMAL
,api.example,https://api.example/,21,25.943,34.974,55.081,2040.319,8.797,2165.114,33268,200.0,cold,0,1,,,synthetic,HTTP_PROBLEM
,api.example,https://api.example/,22,0.0,26.526,56.629,210.817,5.995,299.967,40022,200.0,warm,0,1,,,synthetic,NORMAL
,shop.example,https://shop.example/,20,193.018,115.843,254.087,426.17,80.202,1069.32,426490,200.0,cold,0,1,,,synthetic,DNS_PROBLEM
,media.example,https://media.example/,0,285.028,66.708,90.685,65.286,118.315,626.021,1172551,200.0,cold,0,1,,,synthetic,DNS_PROBLEM
,shop.example,https://shop.example/,22,0.0,41.236,176.13,483.454,199.858,900.677,843378,200.0,warm,0,1,,,synthetic,NORMAL
,api.example,https://api.example/,9,0.0,25.96,100.414,258.827,7.21,392.41,41455,200.0,warm,0,1,,,synthetic,NORMAL
,cdn-near.example,https://cdn-near.example/,13,0.0,9.221,27.449,30.047,6.273,72.99,95258,200.0,warm,0,1,,,synthetic,NORMAL
,legacy.example,https://legacy.example/,5,4271.21,0.0,0.0,0.0,0.0,4271.21,0,,cold,0,0,DNS,,synthetic,DNS_PROBLEM
,cdn-near.example,https://cdn-near.example/,9,5.357,12.454,57.39,62.409,11.641,149.252,39518,200.0,cold,0,1,,,synthetic,NORMAL
,cdn-far.example,https://cdn-far.example/,19,23.51,278.979,184.284,52.881,12.238,551.893,92019,200.0,cold,0,1,,,synthetic,NORMAL
,cdn-far.example,https://cdn-far.example/,6,0.0,0.0,0.0,98.324,6.95,105.274,133438,200.0,warm,1,1,,,synthetic,NORMAL
,media.example,https://media.example/,12,28.234,59.682,78.29,112.943,261.959,541.107,1750591,200.0,cold,0,1,,,synthetic,NORMAL
,cdn-far.example,https://cdn-far.example/,23,13.293,159.685,494.904,104.793,61.804,834.48,292731,200.0,cold,0,1,,,synthetic,NORMAL
,cdn-near.example,https://cdn-near.example/,1,186.905,6.239,29.792,41.057,16.113,280.107,155922,200.0,cold,0,1,,,synthetic,DNS_PROBLEM
,legacy.example,https://legacy.example/,11,0.0,65.699,281.418,208.927,76.428,632.473,660722,200.0,warm,0,1,,,synthetic,NORMAL
,media.example,https://media.example/,8,264.907,79.091,172.662,149.999,172.077,838.735,910442,200.0,cold,0,1,,,synthetic,DNS_PROBLEM
,media.example,https://media.example/,10,0.0,75.828,83.272,231.089,248.05,638.24,2850523,200.0,warm,0,1,,,synthetic,HTTP_PROBLEM
,media.example,https://media.example/,22,0.0,6788.244,0.0,0.0,0.0,6788.244,0,,warm,0,0,CONNECT,,synthetic,CONNECT_PROBLEM
,media.example,https://media.example/,21,149.22,63.13,246.246,173.311,229.84,861.747,1491194,200.0,cold,0,1,,,synthetic,DNS_PROBLEM
,legacy.example,https://legacy.example/,9,163.118,96.658,190.025,455.601,26.388,931.79,264520,200.0,cold,0,1,,,synthetic,DNS_PROBLEM
,media.example,https://media.example/,21,17.41,135.543,67.384,139.06,240.358,599.754,2285321,200.0,cold,0,1,,,synthetic,NORMAL
,api.example,https://api.example/,7,4809.494,0.0,0.0,0.0,0.0,4809.494,0,,cold,0,0,DNS,,synthetic,DNS_PROBLEM
,shop.example,https://shop.example/,22,0.0,28.804,98.546,290.842,86.771,504.963,664524,200.0,warm,0,1,,,synthetic,NORMAL
,cdn-near.example,https://cdn-near.example/,2,14.571,197.933,35.163,40.022,16.36,304.049,104686,200.0,cold,0,1,,,synthetic,CONNECT_PROBLEM
,cdn-near.example,https://cdn-near.example/,12,0.0,8.95,273.572,43.778,5.63,331.93,48619,200.0,warm,0,1,,,synthetic,TLS_PROBLEM
,cdn-near.example,https://cdn-near.example/,1,51.072,7.73,17.777,29.71,7.09,113.38,57602,200.0,cold,0,1,,,synthetic,DNS_PROBLEM
,cdn-near.example,https://cdn-near.example/,7,0.0,0.0,0.0,30.055,14.431,44.485,107062,200.0,warm,1,1,,,synthetic,NORMAL
,media.example,https://media.example/,10,0.0,0.0,0.0,60.703,179.364,240.067,4659846,200.0,warm,1,1,,,synthetic,NORMAL
,cdn-near.example,https://cdn-near.example/,20,0.0,101.1,28.136,84.177,30.571,243.985,106175,200.0,warm,0,1,,,synthetic,CONNECT_PROBLEM
,shop.example,https://shop.example/,16,11.189,43.309,1244.337,238.438,76.664,1613.937,624674,200.0,cold,0,1,,,synthetic,TLS_PROBLEM
,api.example,https://api.example/,17,0.0,21.686,59.638,132.874,3.023,217.221,43437,200.0,warm,0,1,,,synthetic,NORMAL
,api.example,https://api.example/,22,0.0,38.382,201.292,181.91,3.424,425.007,17270,200.0,warm,0,1,,,synthetic,NORMAL
,legacy.example,https://legacy.example/,2,44.07,50.508,104.154,246.139,46.173,491.044,375262,200.0,cold,0,1,,,synthetic,NORMAL
,api.example,https://api.example/,13,14.256,12.856,127.576,144.797,4.647,304.132,20304,200.0,cold,0,1,,,synthetic,NORMAL
,media.example,https://media.example/,20,0.0,54.332,2388.876,0.0,0.0,2443.208,0,,warm,0,0,TLS,,synthetic,TLS_PROBLEM
,cdn-far.example,https://cdn-far.example/,16,34.733,0.0,0.0,106.643,10.217,151.594,93021,200.0,cold,1,1,,,synthetic,NORMAL
,media.example,https://media.example/,8,0.0,0.0,0.0,148.112,658.055,806.167,3705002,200.0,warm,1,1,,,synthetic,NORMAL
,legacy.example,https://legacy.example/,7,50.305,40.67,88.387,482.62,58.011,719.992,498019,200.0,cold,0,1,,,synthetic,NORMAL
,api.example,https://api.example/,7,0.0,172.93,52.439,71.002,3.108,299.478,18063,200.0,warm,0,1,,,synthetic,CONNECT_PROBLEM
,cdn-far.example,https://cdn-far.example/,14,37.787,66.54,334.32,78.544,4.572,521.763,84583,200.0,cold,0,1,,,synthetic,NORMAL
,media.example,https://media.example/,10,0.0,34.255,100.396,85.835,230.369,450.854,2466680,200.0,warm,0,1,,,synthetic,NORMAL
,media.example,https://media.example/,17,0.0,367.529,88.925,78.742,358.42,893.616,1846829,200.0,warm,0,1,,,synthetic,CONNECT_PROBLEM
,api.example,https://api.example/,15,0.0,43.119,60.836,1279.947,4.471,1388.373,35682,200.0,warm,0,1,,,synthetic,HTTP_PROBLEM
,api.example,https://api.example/,12,13.56,0.0,0.0,147.822,3.506,164.888,17704,200.0,cold,1,1,,,synthetic,NORMAL
,legacy.example,https://legacy.example/,19,0.0,129.585,197.286,515.392,231.173,1073.436,1455365,200.0,warm,0,1,,,synthetic,NORMAL
,shop.example,https://shop.example/,23,0.0,0.0,0.0,3460.138,199.375,3659.513,1049604,200.0,warm,1,1,,,synthetic,HTTP_PROBLEM
,cdn-far.example,https://cdn-far.example/,12,0.0,76.374,200.49,42.011,6.054,324.93,49229,200.0,warm,0,1,,,synthetic,NORMAL
,legacy.example,https://legacy.example/,20,67.273,227.722,202.864,459.701,52.474,1010.033,264265,200.0,cold,0,1,,,synthetic,NORMAL
,api.example,https://api.example/,14,173.204,16.189,53.817,79.898,3.735,326.843,33201,200.0,cold,0,1,,,synthetic,DNS_PROBLEM
,shop.example,https://shop.example/,17,13.281,29.725,217.265,177.118,55.349,492.737,611850,200.0,cold,0,1,,,synthetic,TLS_PROBLEM
,cdn-far.example,https://cdn-far.example/,4,27.483,0.0,0.0,89.483,4.736,121.701,106242,200.0,cold,1,1,,,synthetic,NORMAL
,api.example,https://api.example/,1,150.803,9.889,61.245,68.975,7.104,298.016,60668,200.0,cold,0,1,,,synthetic,DNS_PROBLEM
,media.example,https://media.example/,3,23.478,4628.111,0.0,0.0,0.0,4651.589,0,,cold,0,0,CONNECT,,synthetic,CONNECT_PROBLEM
,shop.example,https://shop.example/,15,10.711,55.242,96.435,1844.018,77.541,2083.946,534664,200.0,cold,0,1,,,synthetic,HTTP_PROBLEM
,cdn-near.example,https://cdn-near.example/,10,143.98,8.474,18.829,24.271,3.322,198.875,68482,200.0,cold,0,1,,,synthetic,DNS_PROBLEM
,legacy.example,https://legacy.example/,14,0.0,90.045,245.039,400.776,97.148,833.008,715899,200.0,warm,0,1,,,synthetic,NORMAL
,legacy.example,https://legacy.example/,10,28.591,0.0,0.0,343.958,13.263,385.812,162474,200.0,cold,1,1,,,synthetic,NORMAL
,shop.example,https://shop.example/,17,13.752,16.295,151.64,129.481,19.576,330.745,272215,200.0,cold,0,1,,,synthetic,NORMAL
,cdn-near.example,https://cdn-near.example/,5,4139.337,0.0,0.0,0.0,0.0,4139.337,0,,cold,0,0,DNS,,synthetic,DNS_PROBLEM
,cdn-near.example,https://cdn-near.example/,9,0.0,14.797,49.971,75.794,42.107,182.668,180927,200.0,warm,0,1,,,synthetic,NORMAL
,cdn-far.example,https://cdn-far.example/,12,0.0,70.581,378.768,81.035,10.309,540.693,99163,200.0,warm,0,1,,,synthetic,NORMAL
,media.example,https://media.example/,21,11.104,608.861,200.053,155.181,284.71,1259.91,931641,200.0,cold,0,1,,,synthetic,CONNECT_PROBLEM
,api.example,https://api.example/,8,0.0,7434.434,0.0,0.0,0.0,7434.434,0,,warm,0,0,CONNECT,,synthetic,CONNECT_PROBLEM
,media.example,https://media.example/,10,0.0,26.406,127.236,51.398,230.8,435.84,1429200,200.0,warm,0,1,,,synthetic,NORMAL
,api.example,https://api.example/,23,0.0,172.424,99.538,235.435,15.487,522.884,39549,200.0,warm,0,1,,,synthetic,CONNECT_PROBLEM
,media.example,https://media.example/,20,32.445,66.574,138.207,78.07,543.098,858.393,3373400,200.0,cold,0,1,,,synthetic,NORMAL
,legacy.example,https://legacy.example/,14,0.0,55.684,73.474,407.794,55.077,592.03,623107,200.0,warm,0,1,,,synthetic,NORMAL
,cdn-far.example,https://cdn-far.example/,22,0.0,0.0,0.0,737.061,17.51,754.571,88119,200.0,warm,1,1,,,synthetic,HTTP_PROBLEM
,media.example,https://media.example/,11,0.0,36.936,57.116,93.069,93.115,280.236,1701855,200.0,warm,0,1,,,synthetic,NORMAL
,api.example,https://api.example/,10,20.257,0.0,0.0,168.671,1.627,190.555,17799,200.0,cold,1,1,,,synthetic,NORMAL
,legacy.example,https://legacy.example/,19,0.0,81.758,169.346,519.29,33.706,804.1,210311,200.0,warm,0,1,,,synthetic,NORMAL
,media.example,https://media.example/,9,120.846,61.591,191.347,80.923,539.601,994.308,2631464,200.0,cold,0,1,,,synthetic,DNS_PROBLEM
,cdn-near.example,https://cdn-near.example/,15,0.0,0.0,0.0,39.902,22.333,62.235,138508,200.0,warm,1,1,,,synthetic,NORMAL
,api.example,https://api.example/,19,0.0,20.6,263.02,135.057,11.246,429.923,45947,200.0,warm,0,1,,,synthetic,NORMAL
,media.example,https://media.example/,10,26.596,392.006,63.679,52.821,89.322,624.424,588766,200.0,cold,0,1,,,synthetic,CONNECT_PROBLEM
,cdn-near.example,https://cdn-near.example/,16,9.846,48.759,14.319,39.46,17.976,130.361,96338,200.0,cold,0,1,,,synthetic,CONNECT_PROBLEM
,cdn-near.example,https://cdn-near.example/,16,8.821,5.971,82.142,110.552,12.181,219.667,58611,200.0,cold,0,1,,,synthetic,NORMAL
,cdn-far.example,https://cdn-far.example/,8,15.292,167.706,412.922,89.331,16.718,701.969,140785,200.0,cold,0,1,,,synthetic,NORMAL
,cdn-near.example,https://cdn-near.example/,18,0.0,7.377,92.925,141.571,10.768,252.641,83062,200.0,warm,0,1,,,synthetic,NORMAL
,api.example,https://api.example/,6,0.0,4719.98,0.0,0.0,0.0,4719.98,0,,warm,0,0,CONNECT,,synthetic,CONNECT_PROBLEM
,shop.example,https://shop.example/,6,15.326,36.607,603.136,135.106,56.945,847.12,618625,200.0,cold,0,1,,,synthetic,TLS_PROBLEM
,api.example,https://api.example/,2,0.0,25.544,66.117,104.956,1.034,197.65,14365,200.0,warm,0,1,,,synthetic,NORMAL
,media.example,https://media.example/,15,0.0,0.0,0.0,59.647,193.855,253.502,1846961,200.0,warm,1,1,,,synthetic,NORMAL
,api.example,https://api.example/,12,0.0,21.591,69.247,84.639,2.054,177.532,11168,200.0,warm,0,1,,,synthetic,NORMAL
,legacy.example,https://legacy.example/,1,0.0,43.29,143.597,261.471,19.373,467.731,224678,200.0,warm,0,1,,,synthetic,NORMAL
,shop.example,https://shop.example/,22,15.608,52.27,215.993,252.249,94.148,630.268,683165,200.0,cold,0,1,,,synthetic,NORMAL
,cdn-near.example,https://cdn-near.example/,22,16.676,13.911,84.242,267.779,18.318,400.928,97111,200.0,cold,0,1,,,synthetic,NORMAL
,api.example,https://api.example/,0,0.0,31.662,73.829,1038.618,1.719,1145.828,11485,200.0,warm,0,1,,,synthetic,HTTP_PROBLEM
,legacy.example,https://legacy.example/,8,0.0,104.302,223.364,520.362,82.841,930.868,410582,200.0,warm,0,1,,,synthetic,NORMAL
,media.example,https://media.example/,19,0.0,48.638,127.216,180.555,134.133,490.542,964521,200.0,warm,0,1,,,synthetic,NORMAL
,legacy.example,https://legacy.example/,9,62.861,107.712,247.926,5724.412,37.525,6180.435,164316,200.0,cold,0,1,,,synthetic,HTTP_PROBLEM
,cdn-near.example,https://cdn-near.example/,8,15.601,7215.15,0.0,0.0,0.0,7230.752,0,,cold,0,0,CONNECT,,synthetic,CONNECT_PROBLEM
,legacy.example,https://legacy.example/,12,0.0,0.0,0.0,300.363,48.049,348.411,291366,200.0,warm,1,1,,,synthetic,NORMAL
,legacy.example,https://legacy.example/,19,31.815,143.487,212.466,473.628,27.697,889.094,220384,200.0,cold,0,1,,,synthetic,NORMAL
,api.example,https://api.example/,18,0.0,0.0,0.0,51.791,2.809,54.6,23169,200.0,warm,1,1,,,synthetic,NORMAL
,cdn-near.example,https://cdn-near.example/,23,0.0,30.3,81.217,122.23,23.093,256.84,126038,200.0,warm,0,1,,,synthetic,NORMAL
,shop.example,https://shop.example/,14,5177.863,0.0,0.0,0.0,0.0,5177.863,0,,cold,0,0,DNS,,synthetic,DNS_PROBLEM
,media.example,https://media.example/,5,0.0,46.399,3153.617,0.0,0.0,3200.016,0,,warm,0,0,TLS,,synthetic,TLS_PROBLEM
,api.example,https://api.example/,9,0.0,26.138,85.045,61.89,2.064,175.136,14731,200.0,warm,0,1,,,synthetic,NORMAL
,media.example,https://media.example/,9,15.41,70.553,3749.772,0.0,0.0,3835.735,0,,cold,0,0,TLS,,synthetic,TLS_PROBLEM
,cdn-far.example,https://cdn-far.example/,15,47.662,87.719,124.835,35.327,21.014,316.556,175589,200.0,cold,0,1,,,synthetic,NORMAL
,cdn-far.example,https://cdn-far.example/,2,0.0,118.076,327.861,32.693,6.75,485.38,78549,200.0,warm,0,1,,,synthetic,NORMAL
,shop.example,https://shop.example/,13,0.0,0.0,0.0,1615.427,78.257,1693.684,516838,200.0,warm,1,1,,,synthetic,HTTP_PROBLEM
,legacy.example,https://legacy.example/,13,395.461,35.696,80.591,269.227,22.141,803.116,397883,200.0,cold,0,1,,,synthetic,DNS_PROBLEM
,legacy.example,https://legacy.example/,7,71.857,141.081,114.934,319.598,22.128,669.598,415779,200.0,cold,0,1,,,synthetic,NORMAL
,cdn-near.example,https://cdn-near.example/,21,0.0,0.0,0.0,84.737,50.611,135.348,113653,200.0,warm,1,1,,,synthetic,NORMAL
,shop.example,https://shop.example/,21,14.562,507.559,68.046,352.475,203.109,1145.751,646078,200.0,cold,0,1,,,synthetic,CONNECT_PROBLEM
,shop.example,https://shop.example/,18,0.0,57.89,144.299,214.796,344.586,761.57,2214628,200.0,warm,0,1,,,synthetic,NORMAL
,cdn-near.example,https://cdn-near.example/,9,0.0,9.982,413.601,44.2,14.439,482.223,112669,200.0,warm,0,1,,,synthetic,TLS_PROBLEM
,legacy.example,https://legacy.example/,12,0.0,0.0,0.0,778.501,0.206,778.707,3017,503.0,warm,1,0,HTTP,,synthetic,HTTP_PROBLEM
,legacy.example,https://legacy.example/,22,0.0,123.082,588.696,520.947,61.304,1294.03,458350,200.0,warm,0,1,,,synthetic,TLS_PROBLEM
,shop.example,https://shop.example/,14,20.637,44.237,281.889,399.743,69.175,815.682,929351,200.0,cold,0,1,,,synthetic,NORMAL
,api.example,https://api.example/,0,15.012,21.268,51.156,54.606,4.011,146.053,23752,200.0,cold,0,1,,,synthetic,NORMAL
,cdn-far.example,https://cdn-far.example/,11,139.272,65.871,154.362,60.448,17.394,437.347,115068,200.0,cold,0,1,,,synthetic,DNS_PROBLEM
,api.example,https://api.example/,23,194.531,30.432,83.006,211.751,5.475,525.195,26384,200.0,cold,0,1,,,synthetic,DNS_PROBLEM
,legacy.example,https://legacy.example/,12,0.0,94.112,121.802,749.536,0.282,965.732,2230,502.0,warm,0,0,HTTP,,synthetic,HTTP_PROBLEM
,cdn-far.example,https://cdn-far.example/,20,16.024,0.0,0.0,130.325,29.884,176.232,98270,200.0,cold,1,1,,,synthetic,NORMAL
,api.example,https://api.example/,1,0.0,5539.652,0.0,0.0,0.0,5539.652,0,,warm,0,0,CONNECT,,synthetic,CONNECT_PROBLEM
,api.example,https://api.example/,22,0.0,413.082,92.48,234.788,9.102,749.452,34907,200.0,warm,0,1,,,synthetic,CONNECT_PROBLEM
,api.example,https://api.example/,13,10.488,0.0,0.0,875.46,1.84,887.788,25540,200.0,cold,1,1,,,synthetic,HTTP_PROBLEM
,api.example,https://api.example/,14,19.244,18.906,106.16,59.917,3.627,207.854,26044,200.0,cold,0,1,,,synthetic,NORMAL
,shop.example,https://shop.example/,2,0.0,26.505,2439.505,0.0,0.0,2466.01,0,,warm,0,0,TLS,,synthetic,TLS_PROBLEM
,api.example,https://api.example/,11,0.0,38.014,49.494,51.261,1.804,140.573,18104,200.0,warm,0,1,,,synthetic,NORMAL
,cdn-far.example,https://cdn-far.example/,11,17.201,0.0,0.0,106.848,13.113,137.161,185336,200.0,cold,1,1,,,synthetic,NORMAL
,legacy.example,https://legacy.example/,1,0.0,42.287,814.528,384.917,30.936,1272.668,271831,200.0,warm,0,1,,,synthetic,TLS_PROBLEM
,legacy.example,https://legacy.example/,2,56.446,0.0,0.0,1279.778,38.819,1375.044,577034,200.0,cold,1,1,,,synthetic,HTTP_PROBLEM
,media.example,https://media.example/,18,5566.101,0.0,0.0,0.0,0.0,5566.101,0,,cold,0,0,DNS,,synthetic,DNS_PROBLEM
,cdn-near.example,https://cdn-near.example/,16,0.0,8.368,279.265,43.404,12.192,343.229,89166,200.0,warm,0,1,,,synthetic,TLS_PROBLEM
,cdn-near.example,https://cdn-near.example/,8,0.0,8.06,56.937,79.964,6.428,151.389,54534,200.0,warm,0,1,,,synthetic,NORMAL
,cdn-near.example,https://cdn-near.example/,8,9.141,0.0,0.0,41.228,23.374,73.743,133923,200.0,cold,1,1,,,synthetic,NORMAL
,cdn-far.example,https://cdn-far.example/,0,0.0,50.039,228.399,79.986,37.051,395.474,267638,200.0,warm,0,1,,,synthetic,NORMAL
,cdn-far.example,https://cdn-far.example/,1,0.0,177.022,379.766,87.388,19.644,663.82,107001,200.0,warm,0,1,,,synthetic,NORMAL
,cdn-near.example,https://cdn-near.example/,11,0.0,63.664,24.132,41.954,7.808,137.559,73034,200.0,warm,0,1,,,synthetic,CONNECT_PROBLEM
,cdn-far.example,https://cdn-far.example/,16,33.881,38.272,175.004,102.035,12.659,361.851,143728,200.0,cold,0,1,,,synthetic,NORMAL
,legacy.example,https://legacy.example/,22,0.0,156.302,293.922,699.789,40.213,1190.227,194984,200.0,warm,0,1,,,synthetic,NORMAL
,api.example,https://api.example/,2,0.0,15.697,41.467,50.824,7.052,115.04,54892,200.0,warm,0,1,,,synthetic,NORMAL
,legacy.example,https://legacy.example/,15,75.372,35.415,61.125,3525.856,17.773,3715.541,257141,200.0,cold,0,1,,,synthetic,HTTP_PROBLEM
,media.example,https://media.example/,14,0.0,571.592,148.182,78.032,274.56,1072.365,1773078,200.0,warm,0,1,,,synthetic,CONNECT_PROBLEM
,media.example,https://media.example/,22,0.0,51.678,711.09,75.471,169.169,1007.408,1822128,200.0,warm,0,1,,,synthetic,TLS_PROBLEM
,legacy.example,https://legacy.example/,16,0.0,34.939,124.502,927.566,23.548,1110.554,250206,200.0,warm,0,1,,,synthetic,HTTP_PROBLEM
,shop.example,https://shop.example/,1,278.047,46.01,38.765,194.289,41.464,598.576,559466,200.0,cold,0,1,,,synthetic,DNS_PROBLEM
,cdn-near.example,https://cdn-near.example/,20,12.975,10.583,392.245,69.371,13.916,499.089,102348,200.0,cold,0,1,,,synthetic,TLS_PROBLEM
,cdn-far.example,https://cdn-far.example/,17,29.467,102.322,227.107,60.481,13.82,433.197,277359,200.0,cold,0,1,,,synthetic,NORMAL
,cdn-far.example,https://cdn-far.example/,15,20.082,120.997,114.345,125.444,18.447,399.315,187214,200.0,cold,0,1,,,synthetic,NORMAL
,legacy.example,https://legacy.example/,23,0.0,0.0,0.0,444.486,51.301,495.787,431418,200.0,warm,1,1,,,synthetic,NORMAL
,media.example,https://media.example/,1,156.436,48.348,114.217,99.257,170.109,588.367,1592241,200.0,cold,0,1,,,synthetic,DNS_PROBLEM
,api.example,https://api.example/,21,0.0,0.0,0.0,1383.784,5.793,1389.577,28573,200.0,warm,1,1,,,synthetic,HTTP_PROBLEM
,media.example,https://media.example/,1,79.811,43.954,104.084,73.398,377.398,678.645,2700804,200.0,cold,0,1,,,synthetic,DNS_PROBLEM
,api.example,https://api.example/,8,0.0,13.148,498.939,141.119,1.401,654.606,13760,200.0,warm,0,1,,,synthetic,TLS_PROBLEM
,cdn-far.example,https://cdn-far.example/,22,51.858,196.355,275.897,119.809,20.962,664.881,177049,200.0,cold,0,1,,,synthetic,NORMAL
,cdn-near.example,https://cdn-near.example/,18,125.514,13.155,51.247,61.164,22.217,273.297,170498,200.0,cold,0,1,,,synthetic,DNS_PROBLEM
,media.example,https://media.example/,9,0.0,77.71,117.506,113.605,117.203,426.024,1058139,200.0,warm,0,1,,,synthetic,NORMAL
,media.example,https://media.example/,13,9.78,76.53,361.873,97.323,414.837,960.344,4505751,200.0,cold,0,1,,,synthetic,TLS_PROBLEM
,api.example,https://api.example/,3,192.825,21.496,38.181,81.687,1.79,335.978,22877,200.0,cold,0,1,,,synthetic,DNS_PROBLEM
,legacy.example,https://legacy.example/,17,27.784,0.0,0.0,252.465,51.763,332.012,311054,200.0,cold,1,1,,,synthetic,NORMAL
,shop.example,https://shop.example/,4,0.0,21.535,42.134,298.145,41.115,402.929,554354,200.0,warm,0,1,,,synthetic,NORMAL
,legacy.example,https://legacy.example/,7,0.0,50.985,166.073,301.338,22.34,540.737,173651,200.0,warm,0,1,,,synthetic,NORMAL
,legacy.example,https://legacy.example/,6,67.132,507.761,138.558,547.056,41.211,1301.717,156295,200.0,cold,0,1,,,synthetic,CONNECT_PROBLEM
,api.example,https://api.example/,13,113.813,15.932,85.918,76.052,1.463,293.178,30056,200.0,cold,0,1,,,synthetic,DNS_PROBLEM
,shop.example,https://shop.example/,16,101.126,27.602,38.637,167.394,88.873,423.633,704016,200.0,cold,0,1,,,synthetic,DNS_PROBLEM
,api.example,https://api.example/,22,15.581,30.551,3691.913,0.0,0.0,3738.045,0,,cold,0,0,TLS,,synthetic,TLS_PROBLEM
,cdn-near.example,https://cdn-near.example/,6,8.381,4.151,14.772,22.476,13.823,63.604,215690,200.0,cold,0,1,,,synthetic,NORMAL
,api.example,https://api.example/,16,14.577,25.878,56.297,111.885,3.71,212.348,29974,200.0,cold,0,1,,,synthetic,NORMAL
,media.example,https://media.example/,16,0.0,37.768,135.025,35.367,300.623,508.782,2144675,200.0,warm,0,1,,,synthetic,NORMAL
,legacy.example,https://legacy.example/,20,0.0,83.537,196.479,511.182,99.668,890.866,553692,200.0,warm,0,1,,,synthetic,NORMAL
,api.example,https://api.example/,5,10.215,19.632,41.388,154.27,2.195,227.7,16559,200.0,cold,0,1,,,synthetic,NORMAL
,api.example,https://api.example/,0,0.0,24.192,137.674,212.494,3.526,377.887,36587,200.0,warm,0,1,,,synthetic,NORMAL
,api.example,https://api.example/,7,14.67,27.296,50.376,99.609,2.292,194.243,30872,200.0,cold,0,1,,,synthetic,NORMAL
,api.example,https://api.example/,23,0.0,61.116,102.872,117.679,4.443,286.11,16252,200.0,warm,0,1,,,synthetic,NORMAL
,api.example,https://api.example/,17,10.099,182.269,49.874,110.309,8.935,361.486,45349,200.0,cold,0,1,,,synthetic,CONNECT_PROBLEM
,cdn-near.example,https://cdn-near.example/,1,10.261,11.142,42.746,53.712,2.516,120.378,30652,200.0,cold,0,1,,,synthetic,NORMAL
,shop.example,https://shop.example/,18,19.65,33.714,100.049,1130.033,101.085,1384.53,532546,200.0,cold,0,1,,,synthetic,HTTP_PROBLEM
,cdn-far.example,https://cdn-far.example/,23,37.935,239.696,642.365,103.024,22.797,1045.818,102092,200.0,cold,0,1,,,synthetic,NORMAL
,shop.example,https://shop.example/,15,20.372,119.007,56.643,149.386,129.277,474.686,545552,200.0,cold,0,1,,,synthetic,CONNECT_PROBLEM
,cdn-far.example,https://cdn-far.example/,8,0.0,166.333,306.891,77.417,16.722,567.363,106314,200.0,warm,0,1,,,synthetic,NORMAL
,shop.example,https://shop.example/,15,11.234,10.251,52.788,155.385,22.967,252.625,299381,200.0,cold,0,1,,,synthetic,NORMAL
,media.example,https://media.example/,2,19.36,57.0,501.506,56.431,199.372,833.669,1500692,200.0,cold,0,1,,,synthetic,TLS_PROBLEM
,cdn-near.example,https://cdn-near.example/,10,0.0,0.0,0.0,52.208,2.638,54.846,40629,200.0,warm,1,1,,,synthetic,NORMAL
,api.example,https://api.example/,19,24.053,209.609,72.92,89.673,4.489,400.744,33257,200.0,cold,0,1,,,synthetic,CONNECT_PROBLEM
,legacy.example,https://legacy.example/,11,0.0,47.847,133.744,479.037,11.455,672.083,191731,200.0,warm,0,1,,,synthetic,NORMAL
,cdn-far.example,https://cdn-far.example/,23,0.0,174.704,316.721,108.258,32.857,632.541,271438,200.0,warm,0,1,,,synthetic,NORMAL
,cdn-near.example,https://cdn-near.example/,5,11.397,4.855,2267.132,0.0,0.0,2283.385,0,,cold,0,0,TLS,,synthetic,TLS_PROBLEM
,media.example,https://media.example/,1,27.026,0.0,0.0,96.635,600.082,723.743,3479672,200.0,cold,1,1,,,synthetic,NORMAL
,api.example,https://api.example/,10,0.0,0.0,0.0,1262.898,6.24,1269.138,39433,200.0,warm,1,1,,,synthetic,HTTP_PROBLEM
,legacy.example,https://legacy.example/,14,41.143,0.0,0.0,5957.256,15.709,6014.109,147116,200.0,cold,1,1,,,synthetic,HTTP_PROBLEM
,api.example,https://api.example/,8,0.0,38.358,64.396,100.433,2.75,205.937,11894,200.0,warm,0,1,,,synthetic,NORMAL
,shop.example,https://shop.example/,1,0.0,0.0,0.0,111.062,81.245,192.308,629701,200.0,warm,1,1,,,synthetic,NORMAL
,cdn-far.example,https://cdn-far.example/,11,0.0,142.307,1842.31,103.163,10.358,2098.137,140301,200.0,warm,0,1,,,synthetic,TLS_PROBLEM
,api.example,https://api.example/,21,0.0,18.003,55.453,134.509,6.278,214.243,33552,200.0,warm,0,1,,,synthetic,NORMAL
,api.example,https://api.example/,16,22.745,46.505,310.214,168.655,4.168,552.287,28651,200.0,cold,0,1,,,synthetic,TLS_PROBLEM
,shop.example,https://shop.example/,15,28.928,0.0,0.0,2970.64,350.739,3350.307,1168708,200.0,cold,1,1,,,synthetic,HTTP_PROBLEM
,cdn-far.example,https://cdn-far.example/,8,0.0,358.567,201.614,156.133,63.994,780.308,313942,200.0,warm,0,1,,,synthetic,NORMAL
,legacy.example,https://legacy.example/,7,0.0,31.66,84.428,125.097,34.556,275.741,413465,200.0,warm,0,1,,,synthetic,NORMAL
,cdn-near.example,https://cdn-near.example/,3,12.635,16.022,37.7,417.998,8.325,492.679,90133,200.0,cold,0,1,,,synthetic,HTTP_PROBLEM
,api.example,https://api.example/,23,15.045,0.0,0.0,218.366,12.1,245.512,29061,200.0,cold,1,1,,,synthetic,NORMAL
,cdn-near.example,https://cdn-near.example/,5,0.0,51.076,36.599,61.41,22.977,172.062,115592,200.0,warm,0,1,,,synthetic,CONNECT_PROBLEM
,shop.example,https://shop.example/,10,0.0,201.493,167.541,153.967,114.049,637.049,423034,200.0,warm,0,1,,,synthetic,CONNECT_PROBLEM
,api.example,https://api.example/,18,11.367,25.792,36.204,237.301,0.912,311.576,14608,200.0,cold,0,1,,,synthetic,HTTP_PROBLEM
,api.example,https://api.example/,13,0.0,0.0,0.0,80.742,3.467,84.209,41778,200.0,warm,1,1,,,synthetic,NORMAL
,api.example,https://api.example/,15,15.558,23.751,26.64,93.323,0.755,160.026,14196,200.0,cold,0,1,,,synthetic,NORMAL
,media.example,https://media.example/,0,398.284,80.771,112.383,61.048,466.667,1119.153,2743949,200.0,cold,0,1,,,synthetic,DNS_PROBLEM
,cdn-far.example,https://cdn-far.example/,4,0.0,158.787,278.477,219.433,16.182,672.88,136647,200.0,warm,0,1,,,synthetic,NORMAL
,legacy.example,https://legacy.example/,5,35.602,0.0,0.0,474.387,34.865,544.855,322420,200.0,cold,1,1,,,synthetic,NORMAL
,api.example,https://api.example/,20,0.0,7518.583,0.0,0.0,0.0,7518.583,0,,warm,0,0,CONNECT,,synthetic,CONNECT_PROBLEM
,legacy.example,https://legacy.example/,21,60.093,90.592,374.434,682.03,115.731,1322.881,744101,200.0,cold,0,1,,,synthetic,NORMAL
,cdn-far.example,https://cdn-far.example/,22,35.46,0.0,0.0,901.339,69.757,1006.556,353367,200.0,cold,1,1,,,synthetic,HTTP_PROBLEM
,cdn-near.example,https://cdn-near.example/,14,140.408,5.658,18.525,61.323,4.335,230.248,59610,200.0,cold,0,1,,,synthetic,DNS_PROBLEM
,media.example,https://media.example/,0,234.53,58.801,178.565,67.445,123.025,662.367,993919,200.0,cold,0,1,,,synthetic,DNS_PROBLEM
,shop.example,https://shop.example/,6,28.298,0.0,0.0,844.875,0.282,873.456,2356,500.0,cold,1,0,HTTP,,synthetic,HTTP_PROBLEM
,media.example,https://media.example/,22,0.0,97.157,207.696,95.079,273.001,672.932,1760233,200.0,warm,0,1,,,synthetic,NORMAL
,legacy.example,https://legacy.example/,0,5570.06,0.0,0.0,0.0,0.0,5570.06,0,,cold,0,0,DNS,,synthetic,DNS_PROBLEM
,cdn-near.example,https://cdn-near.example/,20,16.216,0.0,0.0,579.593,6.101,601.91,27455,200.0,cold,1,1,,,synthetic,HTTP_PROBLEM
,cdn-near.example,https://cdn-near.example/,12,9.101,8.147,23.682,754.012,0.222,795.164,2618,500.0,cold,0,0,HTTP,,synthetic,HTTP_PROBLEM
,api.example,https://api.example/,7,0.0,33.162,46.546,83.528,1.914,165.15,12747,200.0,warm,0,1,,,synthetic,NORMAL
,shop.example,https://shop.example/,14,0.0,25.999,2776.888,0.0,0.0,2802.887,0,,warm,0,0,TLS,,synthetic,TLS_PROBLEM
,api.example,https://api.example/,1,28.295,24.388,54.514,85.981,2.832,196.009,24015,200.0,cold,0,1,,,synthetic,NORMAL
,cdn-near.example,https://cdn-near.example/,20,11.353,14.707,27.414,170.386,11.495,235.354,74933,200.0,cold,0,1,,,synthetic,NORMAL
,api.example,https://api.example/,18,22.51,22.375,36.892,102.848,4.772,189.396,38650,200.0,cold,0,1,,,synthetic,NORMAL
,legacy.example,https://legacy.example/,16,0.0,138.896,196.657,332.2,18.787,686.54,265046,200.0,warm,0,1,,,synthetic,NORMAL
,shop.example,https://shop.example/,18,0.0,367.616,81.924,200.718,33.594,683.852,224508,200.0,warm,0,1,,,synthetic,CONNECT_PROBLEM
,legacy.example,https://legacy.example/,4,0.0,610.622,193.973,241.533,77.535,1123.664,545989,200.0,warm,0,1,,,synthetic,CONNECT_PROBLEM
,shop.example,https://shop.example/,5,0.0,56.885,72.784,190.096,53.073,372.837,979035,200.0,warm,0,1,,,synthetic,NORMAL
,media.example,https://media.example/,2,6305.644,0.0,0.0,0.0,0.0,6305.644,0,,cold,0,0,DNS,,synthetic,DNS_PROBLEM
,cdn-near.example,https://cdn-near.example/,5,7.833,8.508,31.284,53.679,16.901,118.205,86307,200.0,cold,0,1,,,synthetic,NORMAL
,legacy.example,https://legacy.example/,7,29.059,49.31,220.292,336.082,41.511,676.254,421947,200.0,cold,0,1,,,synthetic,NORMAL
,cdn-far.example,https://cdn-far.example/,13,34.94,79.025,259.696,42.547,43.654,459.862,288839,200.0,cold,0,1,,,synthetic,NORMAL
,api.example,https://api.example/,4,20.263,13.059,23.999,221.911,1.938,281.17,15324,200.0,cold,0,1,,,synthetic,HTTP_PROBLEM
,shop.example,https://shop.example/,3,0.0,39.454,613.435,206.764,33.599,893.251,198167,200.0,warm,0,1,,,synthetic,TLS_PROBLEM
,media.example,https://media.example/,17,131.985,53.97,106.629,146.241,348.787,787.612,1970177,200.0,cold,0,1,,,synthetic,DNS_PROBLEM
,cdn-far.example,https://cdn-far.example/,23,0.0,65.983,381.509,94.199,7.518,549.21,84167,200.0,warm,0,1,,,synthetic,NORMAL
,cdn-far.example,https://cdn-far.example/,21,0.0,103.416,212.892,44.04,17.308,377.656,168629,200.0,warm,0,1,,,synthetic,NORMAL
,media.example,https://media.example/,12,0.0,0.0,0.0,61.417,171.79,233.208,1324452,200.0,warm,1,1,,,synthetic,NORMAL
,legacy.example,https://legacy.example/,13,161.296,39.567,168.503,397.683,39.013,806.062,306312,200.0,cold,0,1,,,synthetic,DNS_PROBLEM
,api.example,https://api.example/,19,8.229,38.591,86.905,172.249,3.04,309.014,15031,200.0,cold,0,1,,,synthetic,NORMAL
,api.example,https://api.example/,4,0.0,387.312,78.709,87.753,8.395,562.168,34888,200.0,warm,0,1,,,synthetic,CONNECT_PROBLEM
,cdn-far.example,https://cdn-far.example/,3,10.915,161.747,180.253,111.636,27.572,492.123,213330,200.0,cold,0,1,,,synthetic,NORMAL
,shop.example,https://shop.example/,16,19.157,34.272,110.448,173.563,60.841,398.281,664427,200.0,cold,0,1,,,synthetic,NORMAL
,cdn-far.example,https://cdn-far.example/,7,16.672,48.35,144.645,58.015,27.942,295.625,150366,200.0,cold,0,1,,,synthetic,NORMAL
,legacy.example,https://legacy.example/,5,0.0,73.415,145.055,315.814,25.521,559.805,147906,200.0,warm,0,1,,,synthetic,NORMAL
,media.example,https://media.example/,22,0.0,470.126,244.761,132.682,359.393,1206.962,1241969,200.0,warm,0,1,,,synthetic,CONNECT_PROBLEM
,api.example,https://api.example/,3,0.0,6778.452,0.0,0.0,0.0,6778.452,0,,warm,0,0,CONNECT,,synthetic,CONNECT_PROBLEM
,legacy.example,https://legacy.example/,17,0.0,65.545,176.119,134.564,36.373,412.601,306672,200.0,warm,0,1,,,synthetic,NORMAL
,cdn-far.example,https://cdn-far.example/,9,32.379,181.35,276.216,123.287,8.297,621.53,84466,200.0,cold,0,1,,,synthetic,NORMAL
,legacy.example,https://legacy.example/,5,37.493,108.501,156.973,283.632,135.933,722.531,821239,200.0,cold,0,1,,,synthetic,NORMAL
,media.example,https://media.example/,22,0.0,51.543,2009.9,249.18,550.134,2860.757,2592043,200.0,warm,0,1,,,synthetic,TLS_PROBLEM
,legacy.example,https://legacy.example/,15,29.196,0.0,0.0,528.276,48.741,606.214,334385,200.0,cold,1,1,,,synthetic,NORMAL
,api.example,https://api.example/,5,0.0,14.527,440.656,61.368,2.163,518.714,17902,200.0,warm,0,1,,,synthetic,TLS_PROBLEM
,legacy.example,https://legacy.example/,9,0.0,38.674,266.238,424.98,29.994,759.886,298355,200.0,warm,0,1,,,synthetic,NORMAL
,shop.example,https://shop.example/,16,19.485,31.423,60.604,349.137,139.567,600.215,1439307,200.0,cold,0,1,,,synthetic,NORMAL
,cdn-far.example,https://cdn-far.example/,1,49.669,153.724,254.162,28.354,4.186,490.094,56434,200.0,cold,0,1,,,synthetic,NORMAL
,media.example,https://media.example/,3,29.78,25.959,130.817,164.482,216.424,567.463,2399420,200.0,cold,0,1,,,synthetic,NORMAL
,legacy.example,https://legacy.example/,15,0.0,51.731,138.736,185.654,51.442,427.563,442760,200.0,warm,0,1,,,synthetic,NORMAL
,shop.example,https://shop.example/,22,0.0,37.438,812.094,346.863,66.393,1262.788,691600,200.0,warm,0,1,,,synthetic,TLS_PROBLEM
,cdn-near.example,https://cdn-near.example/,11,0.0,0.0,0.0,79.342,29.895,109.236,220953,200.0,warm,1,1,,,synthetic,NORMAL
,cdn-far.example,https://cdn-far.example/,3,0.0,6464.886,0.0,0.0,0.0,6464.886,0,,warm,0,0,CONNECT,,synthetic,CONNECT_PROBLEM
,cdn-far.example,https://cdn-far.example/,1,0.0,113.258,165.667,77.431,3.862,360.218,58979,200.0,warm,0,1,,,synthetic,NORMAL
,cdn-near.example,https://cdn-near.example/,16,0.0,7.17,28.005,53.1,19.932,108.207,178860,200.0,warm,0,1,,,synthetic,NORMAL
,api.example,https://api.example/,14,0.0,26.543,43.427,1598.362,0.13,1668.462,1361,503.0,warm,0,0,HTTP,,synthetic,HTTP_PROBLEM
,shop.example,https://shop.example/,18,144.225,25.829,77.203,451.241,15.822,714.321,224738,200.0,cold,0,1,,,synthetic,DNS_PROBLEM
,media.example,https://media.example/,20,30.104,272.763,60.332,62.754,389.641,815.594,2014994,200.0,cold,0,1,,,synthetic,CONNECT_PROBLEM
,api.example,https://api.example/,16,20.492,19.32,49.4,97.009,1.261,187.482,17473,200.0,cold,0,1,,,synthetic,NORMAL
,media.example,https://media.example/,2,33.679,299.02,74.581,69.442,235.577,712.299,1571144,200.0,cold,0,1,,,synthetic,CONNECT_PROBLEM
,cdn-near.example,https://cdn-near.example/,0,0.0,11.782,16.931,22.365,4.527,55.606,66479,200.0,warm,0,1,,,synthetic,NORMAL
,cdn-near.example,https://cdn-near.example/,7,10.763,45.256,36.557,28.397,18.965,139.938,151790,200.0,cold,0,1,,,synthetic,CONNECT_PROBLEM
,media.example,https://media.example/,15,23.791,0.0,0.0,827.598,0.309,851.699,3600,502.0,cold,1,0,HTTP,,synthetic,HTTP_PROBLEM
,cdn-near.example,https://cdn-near.example/,2,0.0,66.462,31.389,49.526,17.133,164.51,91271,200.0,warm,0,1,,,synthetic,CONNECT_PROBLEM
,cdn-far.example,https://cdn-far.example/,22,49.089,0.0,0.0,868.875,33.036,950.999,124117,200.0,cold,1,1,,,synthetic,HTTP_PROBLEM
,api.example,https://api.example/,21,20.531,28.918,95.823,236.87,9.603,391.745,94595,200.0,cold,0,1,,,synthetic,NORMAL
,cdn-near.example,https://cdn-near.example/,14,11.307,8.759,23.628,28.631,5.95,78.275,80166,200.0,cold,0,1,,,synthetic,NORMAL
,api.example,https://api.example/,16,0.0,33.908,78.525,133.883,8.044,254.36,57058,200.0,warm,0,1,,,synthetic,NORMAL
,cdn-far.example,https://cdn-far.example/,16,138.713,103.866,318.31,57.831,11.009,629.729,133868,200.0,cold,0,1,,,synthetic,DNS_PROBLEM
,media.example,https://media.example/,17,0.0,7703.357,0.0,0.0,0.0,7703.357,0,,warm,0,0,CONNECT,,synthetic,CONNECT_PROBLEM
,cdn-near.example,https://cdn-near.example/,23,8.631,5260.984,0.0,0.0,0.0,5269.615,0,,cold,0,0,CONNECT,,synthetic,CONNECT_PROBLEM
,cdn-near.example,https://cdn-near.example/,7,0.0,0.0,0.0,23.442,21.218,44.66,133152,200.0,warm,1,1,,,synthetic,NORMAL
,shop.example,https://shop.example/,23,13.824,51.05,3370.443,0.0,0.0,3435.317,0,,cold,0,0,TLS,,synthetic,TLS_PROBLEM
,legacy.example,https://legacy.example/,6,302.61,83.745,115.949,291.972,26.392,820.669,251329,200.0,cold,0,1,,,synthetic,DNS_PROBLEM
,api.example,https://api.example/,6,25.099,10.53,58.83,464.686,0.266,559.411,2301,500.0,cold,0,0,HTTP,,synthetic,HTTP_PROBLEM
,cdn-far.example,https://cdn-far.example/,0,72.726,0.0,0.0,94.697,56.667,224.091,486754,200.0,cold,1,1,,,synthetic,NORMAL
,shop.example,https://shop.example/,16,0.0,21.979,62.668,101.032,79.095,264.773,695344,200.0,warm,0,1,,,synthetic,NORMAL
,shop.example,https://shop.example/,5,0.0,0.0,0.0,137.646,36.063,173.708,394661,200.0,warm,1,1,,,synthetic,NORMAL
,cdn-near.example,https://cdn-near.example/,11,10.601,0.0,0.0,90.863,27.42,128.883,106426,200.0,cold,1,1,,,synthetic,NORMAL
,shop.example,https://shop.example/,16,11.89,40.913,1020.9,200.04,77.587,1351.33,631890,200.0,cold,0,1,,,synthetic,TLS_PROBLEM
,legacy.example,https://legacy.example/,16,55.919,38.836,160.763,152.706,48.952,457.177,417979,200.0,cold,0,1,,,synthetic,NORMAL
,cdn-far.example,https://cdn-far.example/,4,0.0,104.339,204.655,45.268,31.67,385.933,359314,200.0,warm,0,1,,,synthetic,NORMAL
,media.example,https://media.example/,15,0.0,68.561,207.487,42.342,397.012,715.402,3410200,200.0,warm,0,1,,,synthetic,NORMAL
,media.example,https://media.example/,6,0.0,0.0,0.0,1064.068,0.195,1064.263,2306,503.0,warm,1,0,HTTP,,synthetic,HTTP_PROBLEM
,legacy.example,https://legacy.example/,16,227.034,33.371,157.517,128.042,33.222,579.187,368303,200.0,cold,0,1,,,synthetic,DNS_PROBLEM
,cdn-far.example,https://cdn-far.example/,2,0.0,0.0,0.0,80.445,9.647,90.092,87537,200.0,warm,1,1,,,synthetic,NORMAL
,shop.example,https://shop.example/,1,0.0,28.713,69.808,246.009,34.048,378.578,259504,200.0,warm,0,1,,,synthetic,NORMAL
,shop.example,https://shop.example/,17,18.238,0.0,0.0,272.452,46.243,336.933,524115,200.0,cold,1,1,,,synthetic,NORMAL
,cdn-far.example,https://cdn-far.example/,5,0.0,1024.023,387.185,139.529,68.788,1619.525,200962,200.0,warm,0,1,,,synthetic,CONNECT_PROBLEM
,media.example,https://media.example/,21,0.0,86.827,127.316,229.786,243.552,687.481,1661254,200.0,warm,0,1,,,synthetic,NORMAL
,api.example,https://api.example/,20,15.551,61.864,123.266,442.973,8.792,652.446,33196,200.0,cold,0,1,,,synthetic,NORMAL
,legacy.example,https://legacy.example/,17,39.162,70.296,100.202,1138.981,135.125,1483.766,669919,200.0,cold,0,1,,,synthetic,HTTP_PROBLEM
,api.example,https://api.example/,16,0.0,0.0,0.0,62.379,4.041,66.42,25013,200.0,warm,1,1,,,synthetic,NORMAL
,cdn-far.example,https://cdn-far.example/,12,0.0,119.573,360.496,97.712,66.864,644.646,379594,200.0,warm,0,1,,,synthetic,NORMAL
,api.example,https://api.example/,19,131.499,26.968,76.869,276.504,2.598,514.438,24457,200.0,cold,0,1,,,synthetic,DNS_PROBLEM
,cdn-near.example,https://cdn-near.example/,4,0.0,10.476,21.172,25.888,32.101,89.637,355592,200.0,warm,0,1,,,synthetic,NORMAL
,api.example,https://api.example/,21,52.283,32.009,70.659,171.333,1.51,327.793,10349,200.0,cold,0,1,,,synthetic,DNS_PROBLEM
,shop.example,https://shop.example/,4,12.398,45.442,81.014,1233.687,58.024,1430.565,692742,200.0,cold,0,1,,,synthetic,HTTP_PROBLEM
,legacy.example,https://legacy.example/,17,0.0,957.218,171.785,359.966,13.153,1502.123,77462,200.0,warm,0,1,,,synthetic,CONNECT_PROBLEM
,shop.example,https://shop.example/,14,193.685,31.216,59.364,215.619,60.296,560.179,715321,200.0,cold,0,1,,,synthetic,DNS_PROBLEM
,legacy.example,https://legacy.example/,5,23.63,66.302,161.176,4404.518,18.422,4674.047,189459,200.0,cold,0,1,,,synthetic,HTTP_PROBLEM
,legacy.example,https://legacy.example/,10,0.0,5966.344,0.0,0.0,0.0,5966.344,0,,warm,0,0,CONNECT,,synthetic,CONNECT_PROBLEM
,shop.example,https://shop.example/,2,5206.987,0.0,0.0,0.0,0.0,5206.987,0,,cold,0,0,DNS,,synthetic,DNS_PROBLEM
,legacy.example,https://legacy.example/,7,0.0,43.319,186.447,3221.528,24.403,3475.696,196839,200.0,warm,0,1,,,synthetic,HTTP_PROBLEM
,cdn-near.example,https://cdn-near.example/,23,148.699,8.339,26.79,33.416,9.886,227.129,64691,200.0,cold,0,1,,,synthetic,DNS_PROBLEM
,cdn-far.example,https://cdn-far.example/,17,25.644,84.508,193.704,90.157,32.181,426.194,178616,200.0,cold,0,1,,,synthetic,NORMAL
,shop.example,https://shop.example/,1,0.0,15.71,93.965,411.044,13.614,534.333,145382,200.0,warm,0,1,,,synthetic,NORMAL
,shop.example,https://shop.example/,3,0.0,21.093,66.217,228.248,34.461,350.019,406257,200.0,warm,0,1,,,synthetic,NORMAL
,cdn-far.example,https://cdn-far.example/,13,24.715,616.797,145.386,107.137,119.685,1013.72,325126,200.0,cold,0,1,,,synthetic,CONNECT_PROBLEM
,cdn-far.example,https://cdn-far.example/,8,15.001,173.957,346.464,151.151,10.301,696.873,84421,200.0,cold,0,1,,,synthetic,NORMAL
,cdn-near.example,https://cdn-near.example/,16,10.751,0.0,0.0,52.832,15.042,78.624,87642,200.0,cold,1,1,,,synthetic,NORMAL
,cdn-near.example,https://cdn-near.example/,9,18.501,14.848,62.13,620.697,20.971,737.147,135763,200.0,cold,0,1,,,synthetic,HTTP_PROBLEM
,media.example,https://media.example/,0,15.308,45.089,139.414,76.281,149.76,425.852,2172182,200.0,cold,0,1,,,synthetic,NORMAL
,shop.example,https://shop.example/,17,8.931,26.724,108.441,179.063,66.693,389.851,1094138,200.0,cold,0,1,,,synthetic,NORMAL
,legacy.example,https://legacy.example/,8,27.841,100.143,282.428,5068.52,56.028,5534.96,382116,200.0,cold,0,1,,,synthetic,HTTP_PROBLEM
,legacy.example,https://legacy.example/,3,38.042,46.278,928.326,402.514,30.549,1445.709,263641,200.0,cold,0,1,,,synthetic,TLS_PROBLEM
,media.example,https://media.example/,11,165.815,35.808,92.334,115.237,272.418,681.612,1620558,200.0,cold,0,1,,,synthetic,DNS_PROBLEM
,shop.example,https://shop.example/,21,14.248,0.0,0.0,586.758,96.806,697.812,470768,200.0,cold,1,1,,,synthetic,NORMAL
,cdn-far.example,https://cdn-far.example/,16,5500.483,0.0,0.0,0.0,0.0,5500.483,0,,cold,0,0,DNS,,synthetic,DNS_PROBLEM
,shop.example,https://shop.example/,12,25.7,54.553,52.225,168.311,14.419,315.208,240643,200.0,cold,0,1,,,synthetic,NORMAL
,legacy.example,https://legacy.example/,22,0.0,93.234,208.103,749.6,0.29,1051.228,2044,503.0,warm,0,0,HTTP,,synthetic,HTTP_PROBLEM
,api.example,https://api.example/,1,20.164,0.0,0.0,512.189,2.657,535.01,31304,200.0,cold,1,1,,,synthetic,HTTP_PROBLEM
,legacy.example,https://legacy.example/,4,0.0,108.908,56.182,247.84,23.389,436.32,295461,200.0,warm,0,1,,,synthetic,NORMAL
,cdn-near.example,https://cdn-near.example/,20,13.157,0.0,0.0,461.119,14.616,488.893,85431,200.0,cold,1,1,,,synthetic,HTTP_PROBLEM
,shop.example,https://shop.example/,1,275.204,59.744,108.972,302.697,30.775,777.392,289066,200.0,cold,0,1,,,synthetic,DNS_PROBLEM
,api.example,https://api.example/,1,0.0,112.289,30.979,47.322,2.506,193.096,15720,200.0,warm,0,1,,,synthetic,CONNECT_PROBLEM
,cdn-near.example,https://cdn-near.example/,11,11.642,0.0,0.0,241.152,23.31,276.103,92878,200.0,cold,1,1,,,synthetic,HTTP_PROBLEM
,shop.example,https://shop.example/,12,0.0,107.625,37.235,195.305,19.633,359.797,194232,200.0,warm,0,1,,,synthetic,CONNECT_PROBLEM
,legacy.example,https://legacy.example/,20,0.0,0.0,0.0,2837.709,112.642,2950.35,506575,200.0,warm,1,1,,,synthetic,HTTP_PROBLEM
,cdn-far.example,https://cdn-far.example/,21,21.072,118.439,457.778,116.735,13.049,727.073,109845,200.0,cold,0,1,,,synthetic,NORMAL
,shop.example,https://shop.example/,7,24.591,0.0,0.0,91.989,52.214,168.794,740160,200.0,cold,1,1,,,synthetic,NORMAL
,media.example,https://media.example/,20,17.773,110.286,121.14,1324.814,0.36,1574.373,2753,502.0,cold,0,0,HTTP,,synthetic,HTTP_PROBLEM
,cdn-far.example,https://cdn-far.example/,3,0.0,0.0,0.0,126.693,16.623,143.316,86121,200.0,warm,1,1,,,synthetic,NORMAL
,cdn-far.example,https://cdn-far.example/,2,24.902,0.0,0.0,92.677,26.442,144.021,280923,200.0,cold,1,1,,,synthetic,NORMAL
,cdn-far.example,https://cdn-far.example/,15,0.0,72.726,148.508,56.06,9.758,287.051,107295,200.0,warm,0,1,,,synthetic,NORMAL
,legacy.example,https://legacy.example/,21,598.197,59.762,201.966,491.291,42.734,1393.951,205873,200.0,cold,0,1,,,synthetic,DNS_PROBLEM
,cdn-far.example,https://cdn-far.example/,6,19.687,99.693,199.644,77.289,11.814,408.126,72091,200.0,cold,0,1,,,synthetic,NORMAL
,media.example,https://media.example/,6,29.457,195.199,90.422,52.986,334.012,702.077,1992912,200.0,cold,0,1,,,synthetic,CONNECT_PROBLEM
,shop.example,https://shop.example/,7,16.919,50.142,92.608,240.891,42.824,443.384,259734,200.0,cold,0,1,,,synthetic,NORMAL
,cdn-near.example,https://cdn-near.example/,22,8.386,11.575,48.757,96.461,13.318,178.498,66122,200.0,cold,0,1,,,synthetic,NORMAL
,legacy.example,https://legacy.example/,14,32.778,88.769,114.49,408.729,24.146,668.912,179407,200.0,cold,0,1,,,synthetic,NORMAL
,cdn-far.example,https://cdn-far.example/,2,10.703,47.036,252.701,68.581,7.527,386.548,99850,200.0,cold,0,1,,,synthetic,NORMAL
,shop.example,https://shop.example/,15,0.0,33.768,90.156,98.92,33.743,256.587,395654,200.0,warm,0,1,,,synthetic,NORMAL
,cdn-far.example,https://cdn-far.example/,21,227.021,245.341,426.951,80.892,37.551,1017.757,170707,200.0,cold,0,1,,,synthetic,DNS_PROBLEM
,shop.example,https://shop.example/,11,0.0,185.638,143.899,242.607,116.177,688.321,564879,200.0,warm,0,1,,,synthetic,CONNECT_PROBLEM
,cdn-far.example,https://cdn-far.example/,6,0.0,0.0,0.0,85.422,19.015,104.437,122261,200.0,warm,1,1,,,synthetic,NORMAL
,api.example,https://api.example/,11,0.0,22.419,55.563,65.615,3.268,146.866,28035,200.0,warm,0,1,,,synthetic,NORMAL
,cdn-near.example,https://cdn-near.example/,13,0.0,0.0,0.0,42.877,26.203,69.081,162359,200.0,warm,1,1,,,synthetic,NORMAL
,api.example,https://api.example/,7,24.414,79.801,71.219,95.066,5.623,276.122,23541,200.0,cold,0,1,,,synthetic,CONNECT_PROBLEM
,legacy.example,https://legacy.example/,13,0.0,0.0,0.0,214.874,40.692,255.566,345686,200.0,warm,1,1,,,synthetic,NORMAL
,cdn-far.example,https://cdn-far.example/,1,389.394,87.827,121.777,66.082,6.321,671.401,79154,200.0,cold,0,1,,,synthetic,DNS_PROBLEM
,cdn-far.example,https://cdn-far.example/,10,0.0,55.179,413.279,49.967,9.007,527.432,63715,200.0,warm,0,1,,,synthetic,NORMAL
,media.example,https://media.example/,5,31.788,50.986,86.929,74.464,179.0,423.167,2708400,200.0,cold,0,1,,,synthetic,NORMAL
,api.example,https://api.example/,11,23.927,40.648,55.075,943.357,1.108,1064.115,10500,200.0,cold,0,1,,,synthetic,HTTP_PROBLEM
,api.example,https://api.example/,11,0.0,12.392,18.713,104.84,4.278,140.224,43295,200.0,warm,0,1,,,synthetic,NORMAL
,api.example,https://api.example/,1,13.235,25.138,51.199,70.796,4.712,165.08,47108,200.0,cold,0,1,,,synthetic,NORMAL
,cdn-far.example,https://cdn-far.example/,12,63.46,0.0,0.0,55.122,15.068,133.65,246338,200.0,cold,1,1,,,synthetic,NORMAL
,legacy.example,https://legacy.example/,20,32.007,1097.7,220.812,464.009,134.887,1949.415,423062,200.0,cold,0,1,,,synthetic,CONNECT_PROBLEM
,cdn-far.example,https://cdn-far.example/,10,28.33,75.568,170.449,413.497,6.416,694.26,70262,200.0,cold,0,1,,,synthetic,HTTP_PROBLEM
,api.example,https://api.example/,1,368.452,12.629,52.775,67.54,3.677,505.073,39767,200.0,cold,0,1,,,synthetic,DNS_PROBLEM
,media.example,https://media.example/,10,27.136,73.415,80.933,87.966,532.688,802.137,3385446,200.0,cold,0,1,,,synthetic,NORMAL
,legacy.example,https://legacy.example/,9,0.0,193.053,485.245,447.067,42.295,1167.661,194580,200.0,warm,0,1,,,synthetic,NORMAL
,api.example,https://api.example/,22,95.436,28.273,82.638,135.139,3.122,344.608,19329,200.0,cold,0,1,,,synthetic,DNS_PROBLEM
,legacy.example,https://legacy.example/,11,0.0,88.648,143.229,288.671,12.422,532.97,157049,200.0,warm,0,1,,,synthetic,NORMAL
,cdn-near.example,https://cdn-near.example/,23,70.0,10.822,43.653,134.099,33.285,291.859,89971,200.0,cold,0,1,,,synthetic,DNS_PROBLEM
,cdn-near.example,https://cdn-near.example/,15,11.682,8.251,30.987,48.308,12.023,111.252,109411,200.0,cold,0,1,,,synthetic,NORMAL
,media.example,https://media.example/,5,0.0,0.0,0.0,74.064,264.499,338.564,1841192,200.0,warm,1,1,,,synthetic,NORMAL
,media.example,https://media.example/,22,0.0,90.668,2363.999,0.0,0.0,2454.667,0,,warm,0,0,TLS,,synthetic,TLS_PROBLEM
,cdn-near.example,https://cdn-near.example/,10,0.0,6.587,39.165,48.696,6.805,101.253,76762,200.0,warm,0,1,,,synthetic,NORMAL
,cdn-near.example,https://cdn-near.example/,19,3.982,5395.402,0.0,0.0,0.0,5399.384,0,,cold,0,0,CONNECT,,synthetic,CONNECT_PROBLEM
,legacy.example,https://legacy.example/,21,57.28,63.524,100.926,537.617,35.211,794.558,307533,200.0,cold,0,1,,,synthetic,NORMAL
,api.example,https://api.example/,14,0.0,4854.27,0.0,0.0,0.0,4854.27,0,,warm,0,0,CONNECT,,synthetic,CONNECT_PROBLEM
,media.example,https://media.example/,7,122.019,63.735,112.524,43.339,159.195,500.811,2234991,200.0,cold,0,1,,,synthetic,DNS_PROBLEM
,media.example,https://media.example/,13,0.0,5761.695,0.0,0.0,0.0,5761.695,0,,warm,0,0,CONNECT,,synthetic,CONNECT_PROBLEM
,cdn-far.example,https://cdn-far.example/,23,28.161,305.656,1903.404,123.443,67.406,2428.07,211046,200.0,cold,0,1,,,synthetic,TLS_PROBLEM
,media.example,https://media.example/,19,0.0,0.0,0.0,174.572,364.714,539.286,3905309,200.0,warm,1,1,,,synthetic,NORMAL
,cdn-near.example,https://cdn-near.example/,8,0.0,9.179,57.858,48.104,15.438,130.579,156032,200.0,warm,0,1,,,synthetic,NORMAL
,legacy.example,https://legacy.example/,13,43.251,0.0,0.0,658.389,29.65,731.29,186433,200.0,cold,1,1,,,synthetic,NORMAL
,legacy.example,https://legacy.example/,15,0.0,0.0,0.0,483.77,14.275,498.046,184450,200.0,warm,1,1,,,synthetic,NORMAL
,cdn-near.example,https://cdn-near.example/,4,7352.395,0.0,0.0,0.0,0.0,7352.395,0,,cold,0,0,DNS,,synthetic,DNS_PROBLEM
,cdn-near.example,https://cdn-near.example/,3,10.805,0.0,0.0,46.266,13.237,70.308,97019,200.0,cold,1,1,,,synthetic,NORMAL
,cdn-far.example,https://cdn-far.example/,9,244.882,218.803,425.35,92.816,50.615,1032.464,200184,200.0,cold,0,1,,,synthetic,DNS_PROBLEM
,legacy.example,https://legacy.example/,4,50.126,75.15,3308.577,0.0,0.0,3433.854,0,,cold,0,0,TLS,,synthetic,TLS_PROBLEM
,legacy.example,https://legacy.example/,14,0.0,0.0,0.0,365.859,24.401,390.26,243335,200.0,warm,1,1,,,synthetic,NORMAL
,cdn-near.example,https://cdn-near.example/,6,0.0,0.0,0.0,37.74,6.878,44.618,47761,200.0,warm,1,1,,,synthetic,NORMAL
,api.example,https://api.example/,12,17.908,40.777,85.705,227.883,3.078,375.35,25128,200.0,cold,0,1,,,synthetic,NORMAL
,media.example,https://media.example/,1,0.0,34.508,78.851,58.652,284.942,456.954,2380927,200.0,warm,0,1,,,synthetic,NORMAL
,shop.example,https://shop.example/,15,20.482,27.261,205.994,290.926,32.208,576.872,285361,200.0,cold,0,1,,,synthetic,NORMAL
,cdn-far.example,https://cdn-far.example/,23,22.121,0.0,0.0,124.401,20.752,167.274,112961,200.0,cold,1,1,,,synthetic,NORMAL
,api.example,https://api.example/,19,15.693,33.044,54.789,155.34,5.855,264.722,26982,200.0,cold,0,1,,,synthetic,NORMAL
,media.example,https://media.example/,0,11.23,58.563,174.134,89.915,153.42,487.261,2153948,200.0,cold,0,1,,,synthetic,NORMAL
,legacy.example,https://legacy.example/,18,0.0,91.78,1073.04,666.283,70.48,1901.582,250992,200.0,warm,0,1,,,synthetic,TLS_PROBLEM
,cdn-far.example,https://cdn-far.example/,0,0.0,138.158,212.528,82.708,36.327,469.72,90523,200.0,warm,0,1,,,synthetic,NORMAL
,media.example,https://media.example/,5,17.815,0.0,0.0,75.829,117.422,211.066,617593,200.0,cold,1,1,,,synthetic,NORMAL
,legacy.example,https://legacy.example/,4,30.455,91.629,154.183,500.436,10.488,787.191,102596,200.0,cold,0,1,,,synthetic,NORMAL
,media.example,https://media.example/,22,14.006,67.147,88.643,115.533,256.39,541.719,2234924,200.0,cold,0,1,,,synthetic,NORMAL
,cdn-far.example,https://cdn-far.example/,6,11.75,59.962,183.215,60.428,14.478,329.832,188937,200.0,cold,0,1,,,synthetic,NORMAL
,cdn-far.example,https://cdn-far.example/,10,38.322,83.608,160.869,55.725,21.993,360.516,219249,200.0,cold,0,1,,,synthetic,NORMAL
,cdn-near.example,https://cdn-near.example/,12,78.752,6.759,53.006,59.964,8.881,207.362,87790,200.0,cold,0,1,,,synthetic,DNS_PROBLEM
,cdn-near.example,https://cdn-near.example/,3,0.0,5.265,27.218,59.431,12.137,104.051,58123,200.0,warm,0,1,,,synthetic,NORMAL
,shop.example,https://shop.example/,1,32.361,32.602,94.227,188.482,44.793,392.465,394958,200.0,cold,0,1,,,synthetic,NORMAL
,legacy.example,https://legacy.example/,21,57.969,58.045,315.262,652.364,73.312,1156.952,330598,200.0,cold,0,1,,,synthetic,NORMAL
,shop.example,https://shop.example/,2,0.0,54.374,142.817,4311.363,84.215,4592.77,495703,200.0,warm,0,1,,,synthetic,HTTP_PROBLEM
,api.example,https://api.example/,16,0.0,17.065,107.027,1278.788,3.391,1406.271,21429,200.0,warm,0,1,,,synthetic,HTTP_PROBLEM
,api.example,https://api.example/,13,14.245,33.951,101.066,85.944,7.981,243.187,48555,200.0,cold,0,1,,,synthetic,NORMAL
,media.example,https://media.example/,18,0.0,0.0,0.0,57.042,136.261,193.304,1912163,200.0,warm,1,1,,,synthetic,NORMAL
,api.example,https://api.example/,12,15.568,0.0,0.0,84.473,3.767,103.808,32268,200.0,cold,1,1,,,synthetic,NORMAL
,legacy.example,https://legacy.example/,9,44.898,65.456,196.256,436.156,34.854,777.62,302103,200.0,cold,0,1,,,synthetic,NORMAL
,media.example,https://media.example/,15,0.0,0.0,0.0,1021.062,140.835,1161.896,2438439,200.0,warm,1,1,,,synthetic,HTTP_PROBLEM
,shop.example,https://shop.example/,22,0.0,104.908,161.75,881.437,0.25,1148.345,1487,500.0,warm,0,0,HTTP,,synthetic,HTTP_PROBLEM
,legacy.example,https://legacy.example/,12,68.811,0.0,0.0,172.294,29.334,270.439,306491,200.0,cold,1,1,,,synthetic,NORMAL
,legacy.example,https://legacy.example/,9,69.761,71.675,232.985,1149.363,0.205,1523.989,1094,502.0,cold,0,0,HTTP,,synthetic,HTTP_PROBLEM
,shop.example,https://shop.example/,22,13.673,76.403,203.749,378.311,259.186,931.322,902220,200.0,cold,0,1,,,synthetic,NORMAL
,cdn-near.example,https://cdn-near.example/,12,16.542,8.782,48.663,90.749,14.953,179.69,61960,200.0,cold,0,1,,,synthetic,NORMAL
,shop.example,https://shop.example/,23,84.011,49.194,146.516,359.182,15.593,654.496,98363,200.0,cold,0,1,,,synthetic,DNS_PROBLEM
,api.example,https://api.example/,13,0.0,0.0,0.0,1966.095,2.231,1968.326,17806,200.0,warm,1,1,,,synthetic,HTTP_PROBLEM
,media.example,https://media.example/,21,11.691,75.947,117.723,198.259,435.096,838.716,4429550,200.0,cold,0,1,,,synthetic,NORMAL
,shop.example,https://shop.example/,2,27.341,187.612,110.89,162.702,85.765,574.31,305994,200.0,cold,0,1,,,synthetic,CONNECT_PROBLEM
,media.example,https://media.example/,11,135.86,58.74,163.537,124.899,220.225,703.261,1966154,200.0,cold,0,1,,,synthetic,DNS_PROBLEM
,api.example,https://api.example/,7,0.0,15.424,456.782,91.334,2.331,565.871,24706,200.0,warm,0,1,,,synthetic,TLS_PROBLEM
,cdn-near.example,https://cdn-near.example/,15,13.004,5.035,32.631,39.397,8.57,98.638,147315,200.0,cold,0,1,,,synthetic,NORMAL
,api.example,https://api.example/,16,0.0,22.389,40.818,1003.713,1.316,1068.237,13428,200.0,warm,0,1,,,synthetic,HTTP_PROBLEM
,shop.example,https://shop.example/,6,0.0,117.885,126.955,5515.058,147.13,5907.028,618562,200.0,warm,0,1,,,synthetic,HTTP_PROBLEM
,shop.example,https://shop.example/,5,23.641,0.0,0.0,1445.533,76.319,1545.492,515718,200.0,cold,1,1,,,synthetic,HTTP_PROBLEM
,shop.example,https://shop.example/,0,0.0,50.965,49.88,189.176,179.111,469.131,1695015,200.0,warm,0,1,,,synthetic,NORMAL
,media.example,https://media.example/,7,0.0,75.825,129.32,71.654,141.944,418.742,1904766,200.0,warm,0,1,,,synthetic,NORMAL
,api.example,https://api.example/,12,0.0,77.878,53.215,56.008,4.43,191.531,31271,200.0,warm,0,1,,,synthetic,CONNECT_PROBLEM
,media.example,https://media.example/,0,13.432,302.128,83.18,76.493,636.562,1111.795,3775325,200.0,cold,0,1,,,synthetic,CONNECT_PROBLEM
,cdn-near.example,https://cdn-near.example/,18,0.0,6.37,45.605,23.532,17.499,93.006,99681,200.0,warm,0,1,,,synthetic,NORMAL
,cdn-near.example,https://cdn-near.example/,18,11.869,43.624,46.714,23.839,7.271,133.317,71201,200.0,cold,0,1,,,synthetic,CONNECT_PROBLEM
,cdn-far.example,https://cdn-far.example/,22,0.0,130.199,144.268,82.508,9.257,366.232,68805,200.0,warm,0,1,,,synthetic,NORMAL
,cdn-far.example,https://cdn-far.example/,20,17.755,1582.995,253.309,63.487,5.648,1923.193,55055,200.0,cold,0,1,,,synthetic,CONNECT_PROBLEM
,cdn-far.example,https://cdn-far.example/,22,24.522,106.943,476.667,95.393,13.539,717.064,53286,200.0,cold,0,1,,,synthetic,NORMAL
,shop.example,https://shop.example/,6,15.293,56.301,124.56,202.753,80.223,479.13,616192,200.0,cold,0,1,,,synthetic,NORMAL
,cdn-far.example,https://cdn-far.example/,10,0.0,1903.913,199.629,187.033,86.695,2377.27,352152,200.0,warm,0,1,,,synthetic,CONNECT_PROBLEM
,legacy.example,https://legacy.example/,16,445.678,46.967,155.764,377.575,16.423,1042.407,128916,200.0,cold,0,1,,,synthetic,DNS_PROBLEM
,legacy.example,https://legacy.example/,17,0.0,0.0,0.0,201.18,42.864,244.045,511387,200.0,warm,1,1,,,synthetic,NORMAL
,cdn-near.example,https://cdn-near.example/,6,12.576,17.062,46.954,29.839,3.553,109.984,55652,200.0,cold,0,1,,,synthetic,NORMAL
,cdn-far.example,https://cdn-far.example/,2,520.373,93.438,271.233,59.868,49.074,993.985,273232,200.0,cold,0,1,,,synthetic,DNS_PROBLEM
,api.example,https://api.example/,7,0.0,14.434,64.599,114.374,3.812,197.22,22105,200.0,warm,0,1,,,synthetic,NORMAL
,legacy.example,https://legacy.example/,17,0.0,47.585,4023.132,0.0,0.0,4070.717,0,,warm,0,0,TLS,,synthetic,TLS_PROBLEM
,media.example,https://media.example/,1,21.033,0.0,0.0,75.971,48.859,145.863,548736,200.0,cold,1,1,,,synthetic,NORMAL
,legacy.example,https://legacy.example/,14,0.0,67.326,107.536,184.714,33.649,393.225,482095,200.0,warm,0,1,,,synthetic,NORMAL
,api.example,https://api.example/,15,0.0,17.736,190.201,88.741,2.888,299.565,15982,200.0,warm,0,1,,,synthetic,TLS_PROBLEM
,shop.example,https://shop.example/,7,0.0,40.865,94.128,238.33,93.042,466.364,1029610,200.0,warm,0,1,,,synthetic,NORMAL
,cdn-near.example,https://cdn-near.example/,8,0.0,5.804,4991.376,0.0,0.0,4997.18,0,,warm,0,0,TLS,,synthetic,TLS_PROBLEM
,legacy.example,https://legacy.example/,22,34.662,24.087,228.079,790.376,0.159,1077.362,1597,500.0,cold,0,0,HTTP,,synthetic,HTTP_PROBLEM
,legacy.example,https://legacy.example/,20,552.593,104.044,209.383,405.984,66.21,1338.214,624782,200.0,cold,0,1,,,synthetic,DNS_PROBLEM
,shop.example,https://shop.example/,23,0.0,23.714,551.4,325.244,207.992,1108.35,1157885,200.0,warm,0,1,,,synthetic,TLS_PROBLEM
,api.example,https://api.example/,13,13.973,19.643,100.208,79.615,1.569,215.008,13425,200.0,cold,0,1,,,synthetic,TLS_PROBLEM
,legacy.example,https://legacy.example/,17,25.239,57.086,110.588,258.612,54.946,506.47,332091,200.0,cold,0,1,,,synthetic,NORMAL
,legacy.example,https://legacy.example/,1,0.0,52.436,96.266,267.156,20.39,436.247,175853,200.0,warm,0,1,,,synthetic,NORMAL
,cdn-near.example,https://cdn-near.example/,17,13.069,6.839,33.146,38.331,5.581,96.966,82290,200.0,cold,0,1,,,synthetic,NORMAL
,api.example,https://api.example/,2,12.252,213.594,42.008,69.459,3.107,340.42,21171,200.0,cold,0,1,,,synthetic,CONNECT_PROBLEM
,api.example,https://api.example/,5,0.0,17.288,43.179,126.903,1.84,189.21,18745,200.0,warm,0,1,,,synthetic,NORMAL
,cdn-near.example,https://cdn-near.example/,22,16.409,6.135,42.265,49.621,29.772,144.202,287072,200.0,cold,0,1,,,synthetic,NORMAL
,cdn-near.example,https://cdn-near.example/,12,0.0,13.582,20.528,50.901,6.883,91.894,61031,200.0,warm,0,1,,,synthetic,NORMAL
,api.example,https://api.example/,5,9.054,0.0,0.0,73.868,1.318,84.24,20687,200.0,cold,1,1,,,synthetic,NORMAL
,shop.example,https://shop.example/,17,29.744,34.617,60.469,233.571,85.164,443.565,513627,200.0,cold,0,1,,,synthetic,NORMAL
,legacy.example,https://legacy.example/,16,0.0,60.855,100.568,602.947,62.107,826.476,377214,200.0,warm,0,1,,,synthetic,NORMAL
,cdn-near.example,https://cdn-near.example/,7,219.183,11.88,23.129,56.699,20.26,331.15,148609,200.0,cold,0,1,,,synthetic,DNS_PROBLEM
,cdn-far.example,https://cdn-far.example/,13,0.0,0.0,0.0,57.109,59.808,116.917,511393,200.0,warm,1,1,,,synthetic,NORMAL
,media.example,https://media.example/,1,10.531,0.0,0.0,101.124,475.619,587.273,3589859,200.0,cold,1,1,,,synthetic,NORMAL
,legacy.example,https://legacy.example/,23,7351.119,0.0,0.0,0.0,0.0,7351.119,0,,cold,0,0,DNS,,synthetic,DNS_PROBLEM
,shop.example,https://shop.example/,1,332.814,33.59,35.003,256.343,11.434,669.183,172496,200.0,cold,0,1,,,synthetic,DNS_PROBLEM
,api.example,https://api.example/,22,18.507,19.609,70.183,182.061,10.068,300.427,48060,200.0,cold,0,1,,,synthetic,NORMAL
,cdn-far.example,https://cdn-far.example/,23,0.0,130.024,252.602,100.217,43.205,526.047,286216,200.0,warm,0,1,,,synthetic,NORMAL
,legacy.example,https://legacy.example/,6,680.041,16.483,191.013,215.838,15.943,1119.318,256519,200.0,cold,0,1,,,synthetic,DNS_PROBLEM
,shop.example,https://shop.example/,18,0.0,41.437,74.866,1071.819,0.264,1188.386,2101,500.0,warm,0,0,HTTP,,synthetic,HTTP_PROBLEM
,media.example,https://media.example/,10,0.0,38.329,118.211,88.067,324.605,569.213,2004904,200.0,warm,0,1,,,synthetic,NORMAL
,cdn-far.example,https://cdn-far.example/,17,22.524,141.366,140.718,95.02,13.383,413.011,107739,200.0,cold,0,1,,,synthetic,NORMAL
,shop.example,https://shop.example/,6,20.569,0.0,0.0,67.499,71.285,159.353,830107,200.0,cold,1,1,,,synthetic,NORMAL
,cdn-far.example,https://cdn-far.example/,11,0.0,92.645,155.997,198.27,54.637,501.55,193666,200.0,warm,0,1,,,synthetic,NORMAL
,legacy.example,https://legacy.example/,22,84.838,0.0,0.0,368.774,0.127,453.739,894,503.0,cold,1,0,HTTP,,synthetic,HTTP_PROBLEM
,shop.example,https://shop.example/,9,0.0,103.281,876.739,420.169,111.354,1511.543,522772,200.0,warm,0,1,,,synthetic,TLS_PROBLEM
,cdn-far.example,https://cdn-far.example/,22,0.0,162.958,229.299,1353.476,29.338,1775.071,119241,200.0,warm,0,1,,,synthetic,HTTP_PROBLEM
,cdn-near.example,https://cdn-near.example/,10,0.0,17.839,37.18,42.384,32.831,130.235,213725,200.0,warm,0,1,,,synthetic,NORMAL
,cdn-near.example,https://cdn-near.example/,12,0.0,5.947,36.19,44.114,18.42,104.67,143111,200.0,warm,0,1,,,synthetic,NORMAL
,shop.example,https://shop.example/,9,0.0,45.671,202.688,898.617,0.481,1147.457,2097,500.0,warm,0,0,HTTP,,synthetic,HTTP_PROBLEM
,cdn-near.example,https://cdn-near.example/,5,13.725,6.302,20.543,26.305,6.937,73.812,64858,200.0,cold,0,1,,,synthetic,NORMAL
,cdn-far.example,https://cdn-far.example/,22,0.0,211.86,1353.644,208.981,22.156,1796.642,131660,200.0,warm,0,1,,,synthetic,TLS_PROBLEM
,shop.example,https://shop.example/,2,0.0,27.874,75.439,3618.951,38.02,3760.284,422607,200.0,warm,0,1,,,synthetic,HTTP_PROBLEM
,legacy.example,https://legacy.example/,18,0.0,40.105,115.473,429.534,21.582,606.695,139217,200.0,warm,0,1,,,synthetic,NORMAL
,api.example,https://api.example/,13,0.0,0.0,0.0,181.863,2.146,184.009,10617,200.0,warm,1,1,,,synthetic,NORMAL
,legacy.example,https://legacy.example/,21,0.0,85.12,131.301,1103.496,0.252,1320.168,1744,502.0,warm,0,0,HTTP,,synthetic,HTTP_PROBLEM
,media.example,https://media.example/,2,22.345,0.0,0.0,126.622,271.193,420.16,1666958,200.0,cold,1,1,,,synthetic,NORMAL
,legacy.example,https://legacy.example/,10,30.747,60.645,111.784,250.685,64.04,517.901,518197,200.0,cold,0,1,,,synthetic,NORMAL
,api.example,https://api.example/,20,0.0,69.231,103.291,199.303,4.52,376.345,25999,200.0,warm,0,1,,,synthetic,NORMAL
,legacy.example,https://legacy.example/,9,0.0,134.979,218.608,360.327,19.916,733.831,244718,200.0,warm,0,1,,,synthetic,NORMAL
,legacy.example,https://legacy.example/,3,0.0,69.299,172.212,579.432,98.201,919.143,683546,200.0,warm,0,1,,,synthetic,NORMAL
,legacy.example,https://legacy.example/,5,44.86,58.675,114.649,270.853,51.653,540.691,307900,200.0,cold,0,1,,,synthetic,NORMAL
,cdn-near.example,https://cdn-near.example/,7,0.0,5768.647,0.0,0.0,0.0,5768.647,0,,warm,0,0,CONNECT,,synthetic,CONNECT_PROBLEM
,api.example,https://api.example/,2,0.0,22.936,84.343,571.482,2.874,681.634,28302,200.0,warm,0,1,,,synthetic,HTTP_PROBLEM
,cdn-far.example,https://cdn-far.example/,11,19.079,0.0,0.0,771.027,40.451,830.557,348815,200.0,cold,1,1,,,synthetic,HTTP_PROBLEM
,cdn-far.example,https://cdn-far.example/,12,331.981,41.939,108.141,47.416,11.953,541.43,227531,200.0,cold,0,1,,,synthetic,DNS_PROBLEM
,cdn-far.example,https://cdn-far.example/,0,0.0,122.724,2153.016,68.929,13.139,2357.808,69156,200.0,warm,0,1,,,synthetic,TLS_PROBLEM
,media.example,https://media.example/,14,16.68,0.0,0.0,41.415,485.3,543.394,4353306,200.0,cold,1,1,,,synthetic,NORMAL
,cdn-near.example,https://cdn-near.example/,11,0.0,0.0,0.0,1259.033,0.33,1259.363,1998,502.0,warm,1,0,HTTP,,synthetic,HTTP_PROBLEM
,cdn-near.example,https://cdn-near.example/,3,17.404,77.277,40.159,35.21,10.313,180.364,69998,200.0,cold,0,1,,,synthetic,CONNECT_PROBLEM
,api.example,https://api.example/,1,21.441,81.26,28.668,82.153,5.069,218.593,35183,200.0,cold,0,1,,,synthetic,CONNECT_PROBLEM
,media.example,https://media.example/,21,176.329,38.947,94.656,72.566,313.596,696.094,2622802,200.0,cold,0,1,,,synthetic,DNS_PROBLEM
,legacy.example,https://legacy.example/,3,21.644,0.0,0.0,211.586,34.39,267.62,286970,200.0,cold,1,1,,,synthetic,NORMAL
,shop.example,https://shop.example/,13,24.43,0.0,0.0,203.862,113.678,341.97,1133372,200.0,cold,1,1,,,synthetic,NORMAL
,legacy.example,https://legacy.example/,18,311.759,57.512,136.284,263.174,16.214,784.942,203956,200.0,cold,0,1,,,synthetic,DNS_PROBLEM
,legacy.example,https://legacy.example/,19,0.0,107.268,444.498,3073.571,137.674,3763.011,521546,200.0,warm,0,1,,,synthetic,HTTP_PROBLEM
,cdn-near.example,https://cdn-near.example/,16,9.409,20.722,14.312,35.626,9.736,89.805,73294,200.0,cold,0,1,,,synthetic,CONNECT_PROBLEM
,cdn-near.example,https://cdn-near.example/,10,7.773,7.789,23.808,39.838,18.185,97.394,119977,200.0,cold,0,1,,,synthetic,NORMAL
,cdn-far.example,https://cdn-far.example/,4,13.842,50.245,111.21,53.866,9.064,238.226,132386,200.0,cold,0,1,,,synthetic,NORMAL
,shop.example,https://shop.example/,22,275.195,99.191,209.175,541.11,121.599,1246.27,671899,200.0,cold,0,1,,,synthetic,DNS_PROBLEM
,api.example,https://api.example/,7,0.0,13.651,377.483,43.425,2.554,437.113,20666,200.0,warm,0,1,,,synthetic,TLS_PROBLEM
,cdn-far.example,https://cdn-far.example/,2,866.749,133.841,282.786,101.378,20.797,1405.551,146846,200.0,cold,0,1,,,synthetic,DNS_PROBLEM
,media.example,https://media.example/,2,0.0,72.169,1850.867,49.195,84.613,2056.844,900928,200.0,warm,0,1,,,synthetic,TLS_PROBLEM
,cdn-near.example,https://cdn-near.example/,17,25.052,0.0,0.0,39.123,15.226,79.401,198861,200.0,cold,1,1,,,synthetic,NORMAL
,media.example,https://media.example/,5,39.038,46.003,71.629,115.709,194.879,467.258,1450730,200.0,cold,0,1,,,synthetic,NORMAL
,shop.example,https://shop.example/,23,6656.402,0.0,0.0,0.0,0.0,6656.402,0,,cold,0,0,DNS,,synthetic,DNS_PROBLEM
,media.example,https://media.example/,11,0.0,0.0,0.0,97.28,309.528,406.808,3110515,200.0,warm,1,1,,,synthetic,NORMAL
,cdn-far.example,https://cdn-far.example/,16,29.021,139.003,213.923,76.121,13.241,471.31,128600,200.0,cold,0,1,,,synthetic,NORMAL
,media.example,https://media.example/,4,13.758,50.697,143.587,75.786,378.16,661.988,3231344,200.0,cold,0,1,,,synthetic,NORMAL
,shop.example,https://shop.example/,13,0.0,0.0,0.0,2424.093,110.233,2534.326,756447,200.0,warm,1,1,,,synthetic,HTTP_PROBLEM
,cdn-near.example,https://cdn-near.example/,6,0.0,0.0,0.0,179.338,8.343,187.68,101983,200.0,warm,1,1,,,synthetic,HTTP_PROBLEM
,shop.example,https://shop.example/,6,0.0,71.279,83.0,219.439,96.723,470.441,1104460,200.0,warm,0,1,,,synthetic,NORMAL
,shop.example,https://shop.example/,1,13.711,22.798,92.151,263.409,52.02,444.089,530892,200.0,cold,0,1,,,synthetic,NORMAL
,cdn-far.example,https://cdn-far.example/,12,36.519,888.919,156.967,82.179,42.024,1206.608,255529,200.0,cold,0,1,,,synthetic,CONNECT_PROBLEM
,cdn-near.example,https://cdn-near.example/,23,9.941,44.05,65.779,50.249,23.696,193.715,101296,200.0,cold,0,1,,,synthetic,CONNECT_PROBLEM
,cdn-far.example,https://cdn-far.example/,11,382.21,76.436,187.003,64.668,5.941,716.257,97449,200.0,cold,0,1,,,synthetic,DNS_PROBLEM
,legacy.example,https://legacy.example/,13,582.274,44.045,51.848,224.419,29.424,932.01,295387,200.0,cold,0,1,,,synthetic,DNS_PROBLEM
,api.example,https://api.example/,1,246.905,23.498,33.154,73.834,4.759,382.151,49718,200.0,cold,0,1,,,synthetic,DNS_PROBLEM
,cdn-near.example,https://cdn-near.example/,0,14.536,0.0,0.0,47.535,8.64,70.711,37769,200.0,cold,1,1,,,synthetic,NORMAL
,cdn-near.example,https://cdn-near.example/,22,18.929,11.924,69.875,56.15,11.834,168.711,115036,200.0,cold,0,1,,,synthetic,NORMAL
,shop.example,https://shop.example/,18,0.0,161.265,78.809,124.821,89.204,454.099,519740,200.0,warm,0,1,,,synthetic,CONNECT_PROBLEM
,api.example,https://api.example/,13,9.526,10.023,232.286,96.311,1.641,349.786,11798,200.0,cold,0,1,,,synthetic,TLS_PROBLEM
,media.example,https://media.example/,1,11.367,30.024,181.979,62.136,121.462,406.967,1142371,200.0,cold,0,1,,,synthetic,NORMAL
,cdn-far.example,https://cdn-far.example/,22,0.0,229.585,318.77,121.618,27.649,697.622,193580,200.0,warm,0,1,,,synthetic,NORMAL
,cdn-near.example,https://cdn-near.example/,6,17.356,9.769,65.627,37.334,9.884,139.971,98700,200.0,cold,0,1,,,synthetic,NORMAL
,media.example,https://media.example/,16,0.0,60.409,198.629,61.578,113.373,433.989,1026856,200.0,warm,0,1,,,synthetic,NORMAL
,shop.example,https://shop.example/,8,29.057,0.0,0.0,1181.189,0.157,1210.403,1865,500.0,cold,1,0,HTTP,,synthetic,HTTP_PROBLEM
,cdn-far.example,https://cdn-far.example/,0,36.241,0.0,0.0,387.848,8.473,432.563,84871,200.0,cold,1,1,,,synthetic,HTTP_PROBLEM
,media.example,https://media.example/,21,16.682,0.0,0.0,138.562,418.342,573.586,2430041,200.0,cold,1,1,,,synthetic,NORMAL
,cdn-near.example,https://cdn-near.example/,19,0.0,73.677,92.211,51.263,63.87,281.02,136809,200.0,warm,0,1,,,synthetic,CONNECT_PROBLEM
,cdn-far.example,https://cdn-far.example/,3,0.0,80.721,922.803,119.559,18.374,1141.457,288753,200.0,warm,0,1,,,synthetic,TLS_PROBLEM
,api.example,https://api.example/,13,0.0,18.752,41.525,120.596,2.614,183.488,19777,200.0,warm,0,1,,,synthetic,NORMAL
,cdn-far.example,https://cdn-far.example/,11,0.0,0.0,0.0,60.43,24.585,85.016,203598,200.0,warm,1,1,,,synthetic,NORMAL
,cdn-far.example,https://cdn-far.example/,15,0.0,0.0,0.0,63.129,28.671,91.8,172750,200.0,warm,1,1,,,synthetic,NORMAL
,shop.example,https://shop.example/,4,0.0,57.203,76.994,250.856,71.59,456.643,539788,200.0,warm,0,1,,,synthetic,NORMAL
,cdn-near.example,https://cdn-near.example/,16,355.088,9.897,138.194,37.18,32.227,572.587,269683,200.0,cold,0,1,,,synthetic,DNS_PROBLEM
,legacy.example,https://legacy.example/,12,93.906,344.933,40.791,317.955,19.375,816.959,233304,200.0,cold,0,1,,,synthetic,CONNECT_PROBLEM
,shop.example,https://shop.example/,9,11.104,28.094,167.6,263.294,101.21,571.302,466738,200.0,cold,0,1,,,synthetic,NORMAL
,cdn-far.example,https://cdn-far.example/,11,0.0,0.0,0.0,1556.377,12.225,1568.602,135767,200.0,warm,1,1,,,synthetic,HTTP_PROBLEM
,cdn-near.example,https://cdn-near.example/,12,123.638,5.117,17.932,33.344,9.12,189.151,76147,200.0,cold,0,1,,,synthetic,DNS_PROBLEM
,media.example,https://media.example/,5,195.215,31.793,139.559,51.002,82.073,499.642,1065708,200.0,cold,0,1,,,synthetic,DNS_PROBLEM
,legacy.example,https://legacy.example/,9,340.229,361.641,126.86,434.484,21.845,1285.059,231068,200.0,cold,0,1,,,synthetic,DNS_PROBLEM
,legacy.example,https://legacy.example/,22,115.585,66.254,219.798,528.597,26.504,956.738,307342,200.0,cold,0,1,,,synthetic,DNS_PROBLEM
,cdn-far.example,https://cdn-far.example/,15,27.946,85.047,413.349,49.456,29.281,605.079,193748,200.0,cold,0,1,,,synthetic,NORMAL
,legacy.example,https://legacy.example/,7,0.0,0.0,0.0,121.111,23.953,145.064,312743,200.0,warm,1,1,,,synthetic,NORMAL
,legacy.example,https://legacy.example/,1,27.042,64.755,207.952,1043.556,0.267,1343.572,2232,500.0,cold,0,0,HTTP,,synthetic,HTTP_PROBLEM
,shop.example,https://shop.example/,16,0.0,6521.901,0.0,0.0,0.0,6521.901,0,,warm,0,0,CONNECT,,synthetic,CONNECT_PROBLEM
,media.example,https://media.example/,21,3789.367,0.0,0.0,0.0,0.0,3789.367,0,,cold,0,0,DNS,,synthetic,DNS_PROBLEM
,api.example,https://api.example/,9,0.0,0.0,0.0,268.321,5.757,274.078,27225,200.0,warm,1,1,,,synthetic,HTTP_PROBLEM
,media.example,https://media.example/,6,0.0,60.382,159.32,149.591,222.081,591.374,1480964,200.0,warm,0,1,,,synthetic,NORMAL
,cdn-far.example,https://cdn-far.example/,6,0.0,71.879,2998.834,0.0,0.0,3070.713,0,,warm,0,0,TLS,,synthetic,TLS_PROBLEM
,cdn-near.example,https://cdn-near.example/,8,14.677,7.896,36.601,89.502,18.006,166.681,117696,200.0,cold,0,1,,,synthetic,NORMAL
,legacy.example,https://legacy.example/,6,0.0,104.186,169.534,355.52,14.231,643.472,167877,200.0,warm,0,1,,,synthetic,NORMAL
,cdn-far.example,https://cdn-far.example/,9,0.0,107.535,383.732,587.591,11.085,1089.944,82889,200.0,warm,0,1,,,synthetic,HTTP_PROBLEM
,legacy.example,https://legacy.example/,11,0.0,59.043,2177.121,376.228,24.141,2636.534,246663,200.0,warm,0,1,,,synthetic,TLS_PROBLEM
,legacy.example,https://legacy.example/,18,56.604,0.0,0.0,438.375,36.131,531.11,360697,200.0,cold,1,1,,,synthetic,NORMAL
,shop.example,https://shop.example/,15,27.251,0.0,0.0,171.263,79.9,278.414,753671,200.0,cold,1,1,,,synthetic,NORMAL
,cdn-far.example,https://cdn-far.example/,12,20.863,1175.954,303.862,75.145,25.099,1600.923,117575,200.0,cold,0,1,,,synthetic,CONNECT_PROBLEM
,media.example,https://media.example/,22,14.6,0.0,0.0,183.582,618.284,816.466,4238564,200.0,cold,1,1,,,synthetic,NORMAL
,legacy.example,https://legacy.example/,14,0.0,326.305,97.195,725.309,43.187,1191.996,196769,200.0,warm,0,1,,,synthetic,CONNECT_PROBLEM
,legacy.example,https://legacy.example/,21,46.47,65.628,181.398,268.758,42.308,604.562,211922,200.0,cold,0,1,,,synthetic,NORMAL
,legacy.example,https://legacy.example/,22,27.888,689.888,256.93,507.68,36.734,1519.12,154698,200.0,cold,0,1,,,synthetic,CONNECT_PROBLEM
,cdn-far.example,https://cdn-far.example/,19,0.0,133.768,262.54,93.918,34.125,524.352,191987,200.0,warm,0,1,,,synthetic,NORMAL
,cdn-far.example,https://cdn-far.example/,9,0.0,0.0,0.0,1084.939,0.27,1085.209,1434,503.0,warm,1,0,HTTP,,synthetic,HTTP_PROBLEM
,media.example,https://media.example/,4,10.973,31.438,85.494,866.597,0.225,994.727,2222,500.0,cold,0,0,HTTP,,synthetic,HTTP_PROBLEM
,api.example,https://api.example/,15,0.0,10.828,56.343,150.659,3.311,221.141,22949,200.0,warm,0,1,,,synthetic,NORMAL
,cdn-far.example,https://cdn-far.example/,8,12.719,0.0,0.0,121.566,22.151,156.435,101567,200.0,cold,1,1,,,synthetic,NORMAL
,cdn-near.example,https://cdn-near.example/,4,10.007,6.364,24.515,23.141,5.299,69.326,68557,200.0,cold,0,1,,,synthetic,NORMAL
,cdn-near.example,https://cdn-near.example/,10,12.198,0.0,0.0,382.377,11.67,406.245,81920,200.0,cold,1,1,,,synthetic,HTTP_PROBLEM
,cdn-near.example,https://cdn-near.example/,2,0.0,8.779,33.826,884.063,0.087,926.756,1422,502.0,warm,0,0,HTTP,,synthetic,HTTP_PROBLEM
,cdn-far.example,https://cdn-far.example/,6,15.391,88.435,183.557,407.621,24.79,719.794,329011,200.0,cold,0,1,,,synthetic,HTTP_PROBLEM
,cdn-far.example,https://cdn-far.example/,21,0.0,144.068,2785.148,112.498,25.331,3067.045,182592,200.0,warm,0,1,,,synthetic,TLS_PROBLEM
,legacy.example,https://legacy.example/,6,0.0,55.741,157.514,261.94,27.489,502.684,245671,200.0,warm,0,1,,,synthetic,NORMAL
,cdn-near.example,https://cdn-near.example/,6,0.0,9.135,30.039,61.439,6.946,107.56,71163,200.0,warm,0,1,,,synthetic,NORMAL
,shop.example,https://shop.example/,9,5883.877,0.0,0.0,0.0,0.0,5883.877,0,,cold,0,0,DNS,,synthetic,DNS_PROBLEM
,media.example,https://media.example/,23,0.0,0.0,0.0,93.399,215.154,308.553,1444531,200.0,warm,1,1,,,synthetic,NORMAL
,cdn-near.example,https://cdn-near.example/,3,0.0,7.142,23.951,67.827,6.181,105.102,61364,200.0,warm,0,1,,,synthetic,NORMAL
,media.example,https://media.example/,0,20.926,73.027,53.765,49.869,95.292,292.878,1461229,200.0,cold,0,1,,,synthetic,NORMAL
,cdn-near.example,https://cdn-near.example/,17,16.454,8.265,25.0,28.474,5.703,83.894,87867,200.0,cold,0,1,,,synthetic,NORMAL
,legacy.example,https://legacy.example/,20,42.678,122.824,1786.203,0.0,0.0,1951.705,0,,cold,0,0,TLS,,synthetic,TLS_PROBLEM
,shop.example,https://shop.example/,12,0.0,15.525,89.406,221.972,168.344,495.247,1517731,200.0,warm,0,1,,,synthetic,NORMAL
,cdn-far.example,https://cdn-far.example/,9,0.0,119.237,423.15,121.407,21.862,685.655,124430,200.0,warm,0,1,,,synthetic,NORMAL
,cdn-near.example,https://cdn-near.example/,1,14.148,7.802,22.162,62.135,9.39,115.637,121247,200.0,cold,0,1,,,synthetic,NORMAL
,cdn-near.example,https://cdn-near.example/,11,0.0,54.653,33.65,37.303,8.042,133.648,60966,200.0,warm,0,1,,,synthetic,CONNECT_PROBLEM
,shop.example,https://shop.example/,0,16.228,0.0,0.0,85.839,29.148,131.215,547671,200.0,cold,1,1,,,synthetic,NORMAL
,media.example,https://media.example/,13,26.333,27.342,93.16,92.016,275.211,514.063,2904909,200.0,cold,0,1,,,synthetic,NORMAL
,cdn-near.example,https://cdn-near.example/,3,19.265,8.192,32.138,50.087,13.251,122.933,87891,200.0,cold,0,1,,,synthetic,NORMAL
,cdn-near.example,https://cdn-near.example/,4,0.0,4.958,29.386,342.758,8.322,385.423,86829,200.0,warm,0,1,,,synthetic,HTTP_PROBLEM
,cdn-near.example,https://cdn-near.example/,13,16.066,8.926,45.38,48.209,32.778,151.359,296940,200.0,cold,0,1,,,synthetic,NORMAL
,cdn-far.example,https://cdn-far.example/,7,0.0,113.41,60.074,62.17,11.889,247.543,107533,200.0,warm,0,1,,,synthetic,NORMAL
,cdn-near.example,https://cdn-near.example/,12,20.522,7.605,35.311,1587.035,9.499,1659.971,67590,200.0,cold,0,1,,,synthetic,HTTP_PROBLEM
,api.example,https://api.example/,14,0.0,177.771,23.708,84.994,3.651,290.124,30651,200.0,warm,0,1,,,synthetic,CONNECT_PROBLEM
,cdn-near.example,https://cdn-near.example/,13,11.474,21.527,16.452,53.302,18.729,121.484,116767,200.0,cold,0,1,,,synthetic,CONNECT_PROBLEM
,cdn-near.example,https://cdn-near.example/,21,13.021,10.72,44.258,68.866,7.789,144.653,58869,200.0,cold,0,1,,,synthetic,NORMAL
,shop.example,https://shop.example/,2,17.267,0.0,0.0,148.85,69.235,235.353,1061648,200.0,cold,1,1,,,synthetic,NORMAL
,cdn-near.example,https://cdn-near.example/,7,0.0,0.0,0.0,88.151,13.394,101.545,91685,200.0,warm,1,1,,,synthetic,NORMAL
,api.example,https://api.example/,21,23.579,45.52,117.067,118.713,7.169,312.048,23725,200.0,cold,0,1,,,synthetic,NORMAL
,cdn-far.example,https://cdn-far.example/,18,3674.041,0.0,0.0,0.0,0.0,3674.041,0,,cold,0,0,DNS,,synthetic,DNS_PROBLEM
,cdn-far.example,https://cdn-far.example/,11,0.0,160.32,185.899,88.255,9.495,443.969,97187,200.0,warm,0,1,,,synthetic,NORMAL
,media.example,https://media.example/,9,201.985,68.394,74.178,126.012,269.246,739.815,1583815,200.0,cold,0,1,,,synthetic,DNS_PROBLEM
,legacy.example,https://legacy.example/,4,60.309,0.0,0.0,1959.845,16.008,2036.162,177713,200.0,cold,1,1,,,synthetic,HTTP_PROBLEM
,legacy.example,https://legacy.example/,0,41.722,27.463,50.919,129.91,27.723,277.736,300406,200.0,cold,0,1,,,synthetic,NORMAL
,cdn-far.example,https://cdn-far.example/,18,17.596,46.882,326.745,48.571,6.832,446.628,67839,200.0,cold,0,1,,,synthetic,NORMAL
,cdn-near.example,https://cdn-near.example/,2,17.656,0.0,0.0,49.504,9.095,76.254,60000,200.0,cold,1,1,,,synthetic,NORMAL
,media.example,https://media.example/,2,21.864,49.581,194.122,98.596,283.781,647.943,2129880,200.0,cold,0,1,,,synthetic,NORMAL
,media.example,https://media.example/,23,4027.187,0.0,0.0,0.0,0.0,4027.187,0,,cold,0,0,DNS,,synthetic,DNS_PROBLEM
,cdn-far.example,https://cdn-far.example/,15,15.914,53.882,373.358,58.56,16.595,518.309,112236,200.0,cold,0,1,,,synthetic,NORMAL
,legacy.example,https://legacy.example/,8,50.37,57.265,1995.624,306.144,33.893,2443.296,185528,200.0,cold,0,1,,,synthetic,TLS_PROBLEM
,shop.example,https://shop.example/,13,26.514,51.222,110.681,104.793,13.69,306.899,273486,200.0,cold,0,1,,,synthetic,NORMAL
,cdn-near.example,https://cdn-near.example/,21,5.483,0.0,0.0,48.582,23.568,77.633,148105,200.0,cold,1,1,,,synthetic,NORMAL
,shop.example,https://shop.example/,7,19.794,33.89,69.243,151.802,27.729,302.458,343568,200.0,cold,0,1,,,synthetic,NORMAL
,media.example,https://media.example/,9,16.236,339.009,114.812,61.985,361.147,893.189,2305941,200.0,cold,0,1,,,synthetic,CONNECT_PROBLEM
,cdn-near.example,https://cdn-near.example/,18,5429.301,0.0,0.0,0.0,0.0,5429.301,0,,cold,0,0,DNS,,synthetic,DNS_PROBLEM
,legacy.example,https://legacy.example/,19,71.597,78.324,221.257,486.3,42.437,899.915,512617,200.0,cold,0,1,,,synthetic,NORMAL
,legacy.example,https://legacy.example/,23,0.0,59.525,297.994,232.023,81.358,670.9,494316,200.0,warm,0,1,,,synthetic,NORMAL
,legacy.example,https://legacy.example/,1,0.0,29.852,1949.252,0.0,0.0,1979.104,0,,warm,0,0,TLS,,synthetic,TLS_PROBLEM
,cdn-far.example,https://cdn-far.example/,18,41.178,63.012,223.056,98.197,19.72,445.163,297289,200.0,cold,0,1,,,synthetic,NORMAL
,media.example,https://media.example/,10,0.0,42.166,192.214,97.865,756.09,1088.334,5161292,200.0,warm,0,1,,,synthetic,NORMAL
,legacy.example,https://legacy.example/,19,617.803,61.656,293.53,778.186,112.126,1863.301,356229,200.0,cold,0,1,,,synthetic,DNS_PROBLEM
,cdn-near.example,https://cdn-near.example/,1,11.983,0.0,0.0,32.723,8.999,53.705,74326,200.0,cold,1,1,,,synthetic,NORMAL
,cdn-far.example,https://cdn-far.example/,13,0.0,222.359,179.027,60.706,8.395,470.488,125146,200.0,warm,0,1,,,synthetic,NORMAL
,api.example,https://api.example/,9,12.361,0.0,0.0,206.39,12.593,231.344,61076,200.0,cold,1,1,,,synthetic,NORMAL
,cdn-far.example,https://cdn-far.example/,19,164.739,255.827,1091.711,104.472,49.851,1666.599,130012,200.0,cold,0,1,,,synthetic,DNS_PROBLEM
,api.example,https://api.example/,19,8.359,143.929,136.496,186.319,5.004,480.107,18745,200.0,cold,0,1,,,synthetic,CONNECT_PROBLEM
,shop.example,https://shop.example/,23,15.085,95.645,191.937,377.848,103.517,784.031,548192,200.0,cold,0,1,,,synthetic,NORMAL
,legacy.example,https://legacy.example/,8,47.78,86.696,2396.905,221.382,62.795,2815.557,507867,200.0,cold,0,1,,,synthetic,TLS_PROBLEM
,api.example,https://api.example/,1,12.891,18.356,69.427,86.953,2.611,190.237,27668,200.0,cold,0,1,,,synthetic,NORMAL
,cdn-far.example,https://cdn-far.example/,12,0.0,231.251,583.484,767.727,0.236,1582.698,1472,502.0,warm,0,0,HTTP,,synthetic,HTTP_PROBLEM
,cdn-near.example,https://cdn-near.example/,12,8.473,8.714,41.357,82.67,6.578,147.792,50778,200.0,cold,0,1,,,synthetic,NORMAL
,cdn-far.example,https://cdn-far.example/,4,23.163,90.22,291.192,54.261,19.069,477.905,235947,200.0,cold,0,1,,,synthetic,NORMAL
,api.example,https://api.example/,10,0.0,0.0,0.0,116.508,2.645,119.153,38428,200.0,warm,1,1,,,synthetic,NORMAL
,media.example,https://media.example/,22,0.0,62.186,107.503,92.387,668.266,930.342,2466765,200.0,warm,0,1,,,synthetic,NORMAL
,legacy.example,https://legacy.example/,2,0.0,47.683,85.262,329.109,27.02,489.074,218131,200.0,warm,0,1,,,synthetic,NORMAL
,legacy.example,https://legacy.example/,16,37.539,0.0,0.0,423.885,11.863,473.288,141838,200.0,cold,1,1,,,synthetic,NORMAL
,cdn-near.example,https://cdn-near.example/,6,0.0,7.441,33.969,36.565,5.33,83.305,59813,200.0,warm,0,1,,,synthetic,NORMAL
,api.example,https://api.example/,2,0.0,179.159,74.879,132.211,3.056,389.306,13733,200.0,warm,0,1,,,synthetic,CONNECT_PROBLEM
,api.example,https://api.example/,15,13.09,12.352,344.196,104.114,5.973,479.725,36491,200.0,cold,0,1,,,synthetic,TLS_PROBLEM
,media.example,https://media.example/,2,0.0,33.564,3572.575,0.0,0.0,3606.139,0,,warm,0,0,TLS,,synthetic,TLS_PROBLEM
,legacy.example,https://legacy.example/,21,0.0,129.086,387.306,640.038,0.598,1157.029,1722,502.0,warm,0,0,HTTP,,synthetic,HTTP_PROBLEM
,shop.example,https://shop.example/,4,18.091,34.581,63.148,1389.004,27.043,1531.867,243613,200.0,cold,0,1,,,synthetic,HTTP_PROBLEM
,media.example,https://media.example/,9,16.565,91.574,160.885,126.967,431.939,827.93,3096974,200.0,cold,0,1,,,synthetic,NORMAL
,shop.example,https://shop.example/,6,14.164,0.0,0.0,267.028,36.636,317.828,543668,200.0,cold,1,1,,,synthetic,NORMAL
,shop.example,https://shop.example/,13,0.0,21.084,85.034,163.202,37.422,306.741,349923,200.0,warm,0,1,,,synthetic,NORMAL
,legacy.example,https://legacy.example/,0,44.441,47.398,178.128,479.735,33.645,783.347,208593,200.0,cold,0,1,,,synthetic,NORMAL
,shop.example,https://shop.example/,8,93.391,63.069,184.565,504.155,79.948,925.128,650874,200.0,cold,0,1,,,synthetic,DNS_PROBLEM
,cdn-far.example,https://cdn-far.example/,10,0.0,80.663,229.235,78.839,8.403,397.14,85739,200.0,warm,0,1,,,synthetic,NORMAL
,cdn-far.example,https://cdn-far.example/,21,0.0,1229.315,201.19,114.081,49.505,1594.091,178036,200.0,warm,0,1,,,synthetic,CONNECT_PROBLEM
,legacy.example,https://legacy.example/,9,0.0,122.281,147.681,364.925,56.107,690.993,368453,200.0,warm,0,1,,,synthetic,NORMAL
,legacy.example,https://legacy.example/,7,169.66,57.915,76.381,411.057,46.437,761.45,410675,200.0,cold,0,1,,,synthetic,DNS_PROBLEM
,cdn-far.example,https://cdn-far.example/,6,0.0,581.596,176.789,70.71,11.949,841.045,109741,200.0,warm,0,1,,,synthetic,CONNECT_PROBLEM
,legacy.example,https://legacy.example/,19,0.0,1267.239,114.102,170.424,92.344,1644.108,461315,200.0,warm,0,1,,,synthetic,CONNECT_PROBLEM
,legacy.example,https://legacy.example/,10,0.0,0.0,0.0,274.526,22.557,297.083,309612,200.0,warm,1,1,,,synthetic,NORMAL
,media.example,https://media.example/,23,18.439,64.772,259.16,293.114,324.12,959.604,886148,200.0,cold,0,1,,,synthetic,NORMAL
,legacy.example,https://legacy.example/,12,0.0,0.0,0.0,342.875,31.102,373.977,264244,200.0,warm,1,1,,,synthetic,NORMAL
,cdn-far.example,https://cdn-far.example/,19,0.0,263.937,531.276,166.798,50.269,1012.28,126512,200.0,warm,0,1,,,synthetic,NORMAL
,legacy.example,https://legacy.example/,14,0.0,43.676,1634.073,308.489,54.115,2040.353,471239,200.0,warm,0,1,,,synthetic,TLS_PROBLEM
,shop.example,https://shop.example/,22,35.514,227.713,179.306,219.649,127.338,789.52,526311,200.0,cold,0,1,,,synthetic,CONNECT_PROBLEM
,cdn-near.example,https://cdn-near.example/,19,7.872,18.944,308.085,28.847,22.347,386.095,120851,200.0,cold,0,1,,,synthetic,TLS_PROBLEM
,api.example,https://api.example/,3,22.267,35.588,119.568,188.718,3.65,369.791,27296,200.0,cold,0,1,,,synthetic,NORMAL
,media.example,https://media.example/,13,23.465,0.0,0.0,104.437,484.093,611.995,3171526,200.0,cold,1,1,,,synthetic,NORMAL
,media.example,https://media.example/,21,11.612,54.264,162.906,131.775,155.545,516.102,793391,200.0,cold,0,1,,,synthetic,NORMAL
,shop.example,https://shop.example/,21,15.4,51.414,117.782,1904.423,244.399,2333.417,899240,200.0,cold,0,1,,,synthetic,HTTP_PROBLEM
,cdn-far.example,https://cdn-far.example/,9,35.306,965.187,386.733,164.495,78.486,1630.208,218815,200.0,cold,0,1,,,synthetic,CONNECT_PROBLEM
,cdn-near.example,https://cdn-near.example/,0,0.0,7.862,22.147,16.754,6.111,52.875,69423,200.0,warm,0,1,,,synthetic,NORMAL
,shop.example,https://shop.example/,3,0.0,41.161,1135.957,383.743,103.733,1664.594,1264575,200.0,warm,0,1,,,synthetic,TLS_PROBLEM
,legacy.example,https://legacy.example/,21,0.0,56.727,135.3,6038.425,80.235,6310.687,582779,200.0,warm,0,1,,,synthetic,HTTP_PROBLEM
,media.example,https://media.example/,22,13.183,55.166,150.144,102.377,357.064,677.935,2427544,200.0,cold,0,1,,,synthetic,NORMAL
,cdn-near.example,https://cdn-near.example/,14,11.227,0.0,0.0,50.079,13.549,74.855,118910,200.0,cold,1,1,,,synthetic,NORMAL
,cdn-far.example,https://cdn-far.example/,17,0.0,55.022,203.959,50.382,17.49,326.853,246295,200.0,warm,0,1,,,synthetic,NORMAL
,cdn-near.example,https://cdn-near.example/,12,13.827,7.636,41.291,58.47,25.102,146.327,142994,200.0,cold,0,1,,,synthetic,NORMAL
,cdn-near.example,https://cdn-near.example/,5,0.0,38.595,26.307,28.799,47.189,140.889,235120,200.0,warm,0,1,,,synthetic,CONNECT_PROBLEM
,legacy.example,https://legacy.example/,1,4862.201,0.0,0.0,0.0,0.0,4862.201,0,,cold,0,0,DNS,,synthetic,DNS_PROBLEM
,cdn-near.example,https://cdn-near.example/,8,0.0,36.642,103.062,113.541,18.486,271.731,64674,200.0,warm,0,1,,,synthetic,NORMAL
,cdn-far.example,https://cdn-far.example/,5,0.0,74.233,232.661,380.666,4.364,691.924,47081,200.0,warm,0,1,,,synthetic,HTTP_PROBLEM
,shop.example,https://shop.example/,20,0.0,575.649,149.472,317.072,291.5,1333.692,983051,200.0,warm,0,1,,,synthetic,CONNECT_PROBLEM
,api.example,https://api.example/,1,0.0,110.814,65.965,101.404,1.485,279.667,11483,200.0,warm,0,1,,,synthetic,CONNECT_PROBLEM
,cdn-far.example,https://cdn-far.example/,4,0.0,121.011,2485.035,0.0,0.0,2606.046,0,,warm,0,0,TLS,,synthetic,TLS_PROBLEM
,cdn-near.example,https://cdn-near.example/,14,0.0,7.513,37.747,54.999,11.424,111.683,99254,200.0,warm,0,1,,,synthetic,NORMAL
,shop.example,https://shop.example/,19,20.073,147.222,122.246,2575.594,84.262,2949.397,345598,200.0,cold,0,1,,,synthetic,HTTP_PROBLEM
,media.example,https://media.example/,6,0.0,74.765,224.886,642.0,0.42,942.071,2170,503.0,warm,0,0,HTTP,,synthetic,HTTP_PROBLEM
,media.example,https://media.example/,1,0.0,50.281,1006.197,110.73,228.367,1395.575,1473260,200.0,warm,0,1,,,synthetic,TLS_PROBLEM
,shop.example,https://shop.example/,10,22.748,23.304,103.011,207.807,63.036,419.905,452889,200.0,cold,0,1,,,synthetic,NORMAL
,api.example,https://api.example/,20,20.712,41.148,51.392,2044.44,4.651,2162.343,27350,200.0,cold,0,1,,,synthetic,HTTP_PROBLEM
,media.example,https://media.example/,19,10.625,114.1,225.994,124.913,680.316,1155.949,2111553,200.0,cold,0,1,,,synthetic,NORMAL
,cdn-far.example,https://cdn-far.example/,22,28.407,206.73,438.078,107.105,24.309,804.629,130550,200.0,cold,0,1,,,synthetic,NORMAL
,shop.example,https://shop.example/,20,23.379,45.662,103.651,400.847,93.089,666.628,611773,200.0,cold,0,1,,,synthetic,NORMAL
,shop.example,https://shop.example/,8,7229.445,0.0,0.0,0.0,0.0,7229.445,0,,cold,0,0,DNS,,synthetic,DNS_PROBLEM
,cdn-near.example,https://cdn-near.example/,12,9.459,6.32,43.237,26.38,8.389,93.786,41835,200.0,cold,0,1,,,synthetic,NORMAL
,cdn-far.example,https://cdn-far.example/,19,0.0,5570.19,352.713,85.851,118.455,6127.208,266721,200.0,warm,0,1,,,synthetic,CONNECT_PROBLEM
,cdn-far.example,https://cdn-far.example/,23,0.0,192.982,1931.645,133.571,27.91,2286.108,103695,200.0,warm,0,1,,,synthetic,TLS_PROBLEM
,cdn-near.example,https://cdn-near.example/,8,11.275,8.545,56.106,721.362,11.171,808.459,101216,200.0,cold,0,1,,,synthetic,HTTP_PROBLEM
,shop.example,https://shop.example/,7,17.035,31.563,224.813,1598.54,104.136,1976.087,617576,200.0,cold,0,1,,,synthetic,HTTP_PROBLEM
,cdn-near.example,https://cdn-near.example/,9,10.479,11.488,37.886,649.042,0.783,709.678,2286,503.0,cold,0,0,HTTP,,synthetic,HTTP_PROBLEM
,cdn-far.example,https://cdn-far.example/,10,0.0,79.909,111.777,586.442,0.128,778.257,1569,503.0,warm,0,0,HTTP,,synthetic,HTTP_PROBLEM
,legacy.example,https://legacy.example/,9,31.065,201.603,596.243,699.717,67.577,1596.204,244471,200.0,cold,0,1,,,synthetic,NORMAL
,shop.example,https://shop.example/,15,0.0,40.804,36.239,96.706,73.815,247.563,668747,200.0,warm,0,1,,,synthetic,NORMAL
,shop.example,https://shop.example/,8,0.0,60.922,200.924,2284.294,69.019,2615.16,484679,200.0,warm,0,1,,,synthetic,HTTP_PROBLEM
,shop.example,https://shop.example/,7,0.0,44.065,105.11,490.73,48.726,688.631,275064,200.0,warm,0,1,,,synthetic,NORMAL
,shop.example,https://shop.example/,16,0.0,18.783,84.775,178.541,66.833,348.932,910901,200.0,warm,0,1,,,synthetic,NORMAL
,shop.example,https://shop.example/,0,167.592,28.386,108.104,136.373,82.961,523.416,575418,200.0,cold,0,1,,,synthetic,DNS_PROBLEM
,api.example,https://api.example/,16,0.0,24.541,86.092,86.881,1.531,199.045,23929,200.0,warm,0,1,,,synthetic,NORMAL
,cdn-near.example,https://cdn-near.example/,11,21.785,11.843,20.76,41.742,21.057,117.187,199139,200.0,cold,0,1,,,synthetic,NORMAL
,cdn-near.example,https://cdn-near.example/,23,17.09,13.999,63.935,87.743,28.416,211.183,186398,200.0,cold,0,1,,,synthetic,NORMAL
,shop.example,https://shop.example/,22,140.224,92.905,115.589,363.062,53.149,764.929,499180,200.0,cold,0,1,,,synthetic,DNS_PROBLEM
,legacy.example,https://legacy.example/,0,42.667,64.269,107.452,218.252,21.491,454.131,276582,200.0,cold,0,1,,,synthetic,NORMAL
,api.example,https://api.example/,19,89.96,62.129,64.076,205.21,4.537,425.913,24255,200.0,cold,0,1,,,synthetic,DNS_PROBLEM
,api.example,https://api.example/,23,7.673,31.102,72.72,206.372,3.185,321.052,11323,200.0,cold,0,1,,,synthetic,NORMAL
,media.example,https://media.example/,23,0.0,63.172,235.371,88.926,567.669,955.138,3189495,200.0,warm,0,1,,,synthetic,NORMAL
,api.example,https://api.example/,19,0.0,21.665,36.161,1191.989,0.308,1250.123,2036,503.0,warm,0,0,HTTP,,synthetic,HTTP_PROBLEM
,legacy.example,https://legacy.example/,2,0.0,0.0,0.0,949.614,47.749,997.363,319129,200.0,warm,1,1,,,synthetic,HTTP_PROBLEM
,cdn-far.example,https://cdn-far.example/,21,0.0,0.0,0.0,68.537,19.145,87.682,161967,200.0,warm,1,1,,,synthetic,NORMAL
,cdn-near.example,https://cdn-near.example/,20,0.0,13.052,52.835,62.56,9.459,137.906,64300,200.0,warm,0,1,,,synthetic,NORMAL
,cdn-far.example,https://cdn-far.example/,13,19.634,88.983,2222.855,129.561,36.962,2497.995,291830,200.0,cold,0,1,,,synthetic,TLS_PROBLEM
,cdn-far.example,https://cdn-far.example/,21,13.766,121.348,338.526,31.265,48.17,553.074,233701,200.0,cold,0,1,,,synthetic,NORMAL
,cdn-far.example,https://cdn-far.example/,10,0.0,66.107,330.952,34.164,7.085,438.308,85428,200.0,warm,0,1,,,synthetic,NORMAL
,shop.example,https://shop.example/,14,0.0,64.784,75.341,248.657,82.494,471.275,720875,200.0,warm,0,1,,,synthetic,NORMAL
,media.example,https://media.example/,12,15.21,17.244,84.864,543.188,426.936,1087.442,3693146,200.0,cold,0,1,,,synthetic,HTTP_PROBLEM
,media.example,https://media.example/,17,5202.05,0.0,0.0,0.0,0.0,5202.05,0,,cold,0,0,DNS,,synthetic,DNS_PROBLEM
,cdn-near.example,https://cdn-near.example/,19,0.0,27.664,49.817,80.664,17.267,175.413,104273,200.0,warm,0,1,,,synthetic,NORMAL
,cdn-near.example,https://cdn-near.example/,11,18.577,8.018,18.783,25.835,7.247,78.46,63593,200.0,cold,0,1,,,synthetic,NORMAL
,shop.example,https://shop.example/,22,0.0,86.226,81.797,473.336,95.435,736.794,430425,200.0,warm,0,1,,,synthetic,NORMAL
,legacy.example,https://legacy.example/,9,26.697,448.328,111.324,524.707,69.832,1180.887,195830,200.0,cold,0,1,,,synthetic,CONNECT_PROBLEM
,media.example,https://media.example/,15,34.704,276.678,115.766,53.197,334.995,815.341,1826360,200.0,cold,0,1,,,synthetic,CONNECT_PROBLEM
,cdn-near.example,https://cdn-near.example/,3,9.51,6.206,46.729,52.904,7.47,122.819,86104,200.0,cold,0,1,,,synthetic,NORMAL
,legacy.example,https://legacy.example/,7,0.0,32.942,259.665,346.771,33.597,672.974,394442,200.0,warm,0,1,,,synthetic,NORMAL
,cdn-far.example,https://cdn-far.example/,6,5994.236,0.0,0.0,0.0,0.0,5994.236,0,,cold,0,0,DNS,,synthetic,DNS_PROBLEM
,legacy.example,https://legacy.example/,21,407.779,69.608,162.637,584.703,36.655,1261.384,168865,200.0,cold,0,1,,,synthetic,DNS_PROBLEM
,api.example,https://api.example/,19,0.0,383.907,65.349,92.116,18.716,560.089,50942,200.0,warm,0,1,,,synthetic,CONNECT_PROBLEM
,cdn-far.example,https://cdn-far.example/,22,25.015,102.154,149.765,76.843,17.068,370.845,103912,200.0,cold,0,1,,,synthetic,NORMAL
,cdn-near.example,https://cdn-near.example/,23,0.0,77.842,54.111,66.586,20.388,218.926,99911,200.0,warm,0,1,,,synthetic,CONNECT_PROBLEM
,media.example,https://media.example/,18,0.0,57.801,133.466,111.696,126.797,429.76,1511820,200.0,warm,0,1,,,synthetic,NORMAL
,legacy.example,https://legacy.example/,22,6488.713,0.0,0.0,0.0,0.0,6488.713,0,,cold,0,0,DNS,,synthetic,DNS_PROBLEM
,api.example,https://api.example/,6,0.0,17.417,253.137,188.601,1.042,460.197,10091,200.0,warm,0,1,,,synthetic,TLS_PROBLEM
,legacy.example,https://legacy.example/,4,17.735,440.916,118.792,292.676,71.437,941.556,312197,200.0,cold,0,1,,,synthetic,CONNECT_PROBLEM
,cdn-far.example,https://cdn-far.example/,8,0.0,114.116,232.811,84.48,58.272,489.678,258833,200.0,warm,0,1,,,synthetic,NORMAL
,shop.example,https://shop.example/,2,0.0,0.0,0.0,160.117,43.926,204.042,306012,200.0,warm,1,1,,,synthetic,NORMAL
,legacy.example,https://legacy.example/,4,0.0,49.121,90.822,3523.019,73.842,3736.805,518741,200.0,warm,0,1,,,synthetic,HTTP_PROBLEM
,api.example,https://api.example/,13,13.31,25.661,39.672,174.675,12.326,265.645,67781,200.0,cold,0,1,,,synthetic,NORMAL
,api.example,https://api.example/,15,0.0,19.276,77.72,832.263,4.642,933.901,21377,200.0,warm,0,1,,,synthetic,HTTP_PROBLEM
,legacy.example,https://legacy.example/,23,0.0,67.235,1179.553,382.724,20.347,1649.859,160559,200.0,warm,0,1,,,synthetic,TLS_PROBLEM
,media.example,https://media.example/,14,15.622,41.665,165.184,116.453,141.406,480.33,869550,200.0,cold,0,1,,,synthetic,NORMAL
,cdn-near.example,https://cdn-near.example/,3,0.0,32.525,26.692,52.321,10.991,122.528,96832,200.0,warm,0,1,,,synthetic,CONNECT_PROBLEM
,cdn-near.example,https://cdn-near.example/,17,0.0,8.935,20.048,35.576,5.996,70.555,97889,200.0,warm,0,1,,,synthetic,NORMAL
,shop.example,https://shop.example/,0,0.0,0.0,0.0,274.919,65.011,339.93,624729,200.0,warm,1,1,,,synthetic,NORMAL
,api.example,https://api.example/,7,19.884,0.0,0.0,59.827,1.678,81.389,30216,200.0,cold,1,1,,,synthetic,NORMAL
,shop.example,https://shop.example/,15,0.0,84.332,105.75,181.031,190.169,561.282,1363192,200.0,warm,0,1,,,synthetic,NORMAL
,cdn-far.example,https://cdn-far.example/,7,0.0,135.722,358.402,50.016,6.421,550.562,57561,200.0,warm,0,1,,,synthetic,NORMAL
,legacy.example,https://legacy.example/,5,0.0,462.734,266.595,443.841,11.54,1184.71,110046,200.0,warm,0,1,,,synthetic,CONNECT_PROBLEM
,cdn-near.example,https://cdn-near.example/,17,0.0,5.876,74.921,528.023,16.855,625.675,104986,200.0,warm,0,1,,,synthetic,HTTP_PROBLEM
,shop.example,https://shop.example/,16,27.907,37.844,47.023,3170.153,62.924,3345.852,744892,200.0,cold,0,1,,,synthetic,HTTP_PROBLEM
,shop.example,https://shop.example/,22,12.914,40.205,97.905,315.067,81.314,547.405,831078,200.0,cold,0,1,,,synthetic,NORMAL
,media.example,https://media.example/,13,0.0,34.763,1444.897,80.825,159.641,1720.126,1991101,200.0,warm,0,1,,,synthetic,TLS_PROBLEM
,shop.example,https://shop.example/,8,10.33,88.447,219.516,434.911,64.397,817.6,267595,200.0,cold,0,1,,,synthetic,NORMAL
,media.example,https://media.example/,20,0.0,36.566,123.541,154.002,367.704,681.813,1860551,200.0,warm,0,1,,,synthetic,NORMAL
,media.example,https://media.example/,21,36.311,0.0,0.0,77.053,292.785,406.149,1824699,200.0,cold,1,1,,,synthetic,NORMAL
,cdn-near.example,https://cdn-near.example/,15,12.533,9.108,38.697,56.287,31.483,148.109,200255,200.0,cold,0,1,,,synthetic,NORMAL
,cdn-near.example,https://cdn-near.example/,22,0.0,9.896,85.135,41.488,26.702,163.222,123798,200.0,warm,0,1,,,synthetic,NORMAL
,legacy.example,https://legacy.example/,16,0.0,0.0,0.0,400.675,52.226,452.9,453674,200.0,warm,1,1,,,synthetic,NORMAL
,api.example,https://api.example/,3,86.71,23.046,58.73,116.829,4.703,290.018,36621,200.0,cold,0,1,,,synthetic,DNS_PROBLEM
,shop.example,https://shop.example/,16,0.0,69.777,67.929,97.924,86.629,322.258,802725,200.0,warm,0,1,,,synthetic,NORMAL
,api.example,https://api.example/,5,17.919,11.866,44.15,51.403,3.172,128.509,23578,200.0,cold,0,1,,,synthetic,NORMAL
,legacy.example,https://legacy.example/,12,35.805,58.997,107.969,419.66,24.977,647.407,239861,200.0,cold,0,1,,,synthetic,NORMAL
,cdn-near.example,https://cdn-near.example/,2,34.426,5.556,43.103,58.129,2.309,143.523,29431,200.0,cold,0,1,,,synthetic,DNS_PROBLEM
,cdn-far.example,https://cdn-far.example/,2,14.551,88.053,203.508,73.345,26.645,406.102,203313,200.0,cold,0,1,,,synthetic,NORMAL
,cdn-far.example,https://cdn-far.example/,20,26.701,126.527,702.056,143.54,30.8,1029.625,229573,200.0,cold,0,1,,,synthetic,NORMAL
,legacy.example,https://legacy.example/,6,375.737,82.581,152.166,336.474,41.278,988.237,311431,200.0,cold,0,1,,,synthetic,DNS_PROBLEM
,cdn-far.example,https://cdn-far.example/,20,0.0,146.137,170.189,852.98,8.569,1177.875,64996,200.0,warm,0,1,,,synthetic,HTTP_PROBLEM
,legacy.example,https://legacy.example/,3,43.261,0.0,0.0,3829.259,20.305,3892.825,215452,200.0,cold,1,1,,,synthetic,HTTP_PROBLEM
,api.example,https://api.example/,5,19.07,0.0,0.0,58.007,2.616,79.693,33392,200.0,cold,1,1,,,synthetic,NORMAL
,media.example,https://media.example/,0,0.0,54.739,92.803,94.28,500.955,742.777,4002813,200.0,warm,0,1,,,synthetic,NORMAL
,legacy.example,https://legacy.example/,12,82.795,65.58,649.676,297.987,55.461,1151.499,509492,200.0,cold,0,1,,,synthetic,TLS_PROBLEM
,cdn-near.example,https://cdn-near.example/,18,0.0,31.602,46.98,41.729,11.262,131.574,89835,200.0,warm,0,1,,,synthetic,CONNECT_PROBLEM
,legacy.example,https://legacy.example/,23,0.0,78.657,182.671,954.623,0.28,1216.231,1911,500.0,warm,0,0,HTTP,,synthetic,HTTP_PROBLEM
,cdn-far.example,https://cdn-far.example/,1,41.594,91.823,219.724,269.554,27.964,650.66,189867,200.0,cold,0,1,,,synthetic,HTTP_PROBLEM
,shop.example,https://shop.example/,8,13.942,53.982,79.546,172.504,121.787,441.762,717034,200.0,cold,0,1,,,synthetic,NORMAL
,cdn-far.example,https://cdn-far.example/,21,28.279,82.87,578.638,767.536,20.287,1477.61,115198,200.0,cold,0,1,,,synthetic,HTTP_PROBLEM
,legacy.example,https://legacy.example/,10,61.297,21.124,146.476,182.628,19.942,431.466,155559,200.0,cold,0,1,,,synthetic,NORMAL
,media.example,https://media.example/,7,0.0,37.729,79.777,99.118,156.594,373.219,2065945,200.0,warm,0,1,,,synthetic,NORMAL
,cdn-far.example,https://cdn-far.example/,2,24.125,436.684,221.638,50.16,55.928,788.534,247914,200.0,cold,0,1,,,synthetic,CONNECT_PROBLEM
,shop.example,https://shop.example/,8,0.0,4250.084,0.0,0.0,0.0,4250.084,0,,warm,0,0,CONNECT,,synthetic,CONNECT_PROBLEM
,shop.example,https://shop.example/,14,21.074,43.705,99.441,259.781,22.668,446.669,135958,200.0,cold,0,1,,,synthetic,NORMAL
,cdn-far.example,https://cdn-far.example/,15,0.0,55.879,138.848,81.497,12.48,288.704,192455,200.0,warm,0,1,,,synthetic,NORMAL
,legacy.example,https://legacy.example/,12,92.462,0.0,0.0,579.486,50.162,722.111,402827,200.0,cold,1,1,,,synthetic,NORMAL
,shop.example,https://shop.example/,10,0.0,6613.197,0.0,0.0,0.0,6613.197,0,,warm,0,0,CONNECT,,synthetic,CONNECT_PROBLEM
,api.example,https://api.example/,4,18.388,202.143,71.624,82.945,0.869,375.969,10384,200.0,cold,0,1,,,synthetic,CONNECT_PROBLEM
,cdn-far.example,https://cdn-far.example/,23,26.807,323.598,327.659,162.244,52.987,893.296,145321,200.0,cold,0,1,,,synthetic,NORMAL
,cdn-far.example,https://cdn-far.example/,5,0.0,141.271,242.438,64.334,13.996,462.039,110699,200.0,warm,0,1,,,synthetic,NORMAL
,cdn-far.example,https://cdn-far.example/,8,49.295,164.434,454.464,1669.411,22.649,2360.253,138052,200.0,cold,0,1,,,synthetic,HTTP_PROBLEM
,media.example,https://media.example/,2,158.215,50.686,88.323,215.488,315.423,828.135,2564315,200.0,cold,0,1,,,synthetic,DNS_PROBLEM
,legacy.example,https://legacy.example/,8,61.702,0.0,0.0,377.12,40.589,479.412,331928,200.0,cold,1,1,,,synthetic,NORMAL
,api.example,https://api.example/,23,195.636,23.74,71.138,141.602,6.928,439.044,56757,200.0,cold,0,1,,,synthetic,DNS_PROBLEM
,cdn-near.example,https://cdn-near.example/,0,0.0,6.888,30.87,26.566,2.645,66.968,37892,200.0,warm,0,1,,,synthetic,NORMAL
,cdn-far.example,https://cdn-far.example/,17,416.889,155.054,275.382,94.839,19.206,961.371,192869,200.0,cold,0,1,,,synthetic,DNS_PROBLEM
,api.example,https://api.example/,2,20.109,0.0,0.0,78.508,5.001,103.617,36875,200.0,cold,1,1,,,synthetic,NORMAL
,cdn-far.example,https://cdn-far.example/,19,32.392,4073.568,362.034,85.302,49.582,4602.878,153402,200.0,cold,0,1,,,synthetic,CONNECT_PROBLEM
,cdn-near.example,https://cdn-near.example/,0,0.0,8.945,43.18,62.309,17.22,131.654,155701,200.0,warm,0,1,,,synthetic,NORMAL
,api.example,https://api.example/,2,18.175,27.082,104.636,125.872,2.279,278.045,18666,200.0,cold,0,1,,,synthetic,NORMAL
,cdn-near.example,https://cdn-near.example/,14,11.457,0.0,0.0,30.178,5.403,47.038,65963,200.0,cold,1,1,,,synthetic,NORMAL
,shop.example,https://shop.example/,5,0.0,625.965,77.081,189.784,89.456,982.286,469706,200.0,warm,0,1,,,synthetic,CONNECT_PROBLEM
,cdn-far.example,https://cdn-far.example/,9,23.721,0.0,0.0,217.783,54.947,296.45,304276,200.0,cold,1,1,,,synthetic,NORMAL
,media.example,https://media.example/,20,30.433,87.298,122.28,488.066,336.405,1064.483,2684866,200.0,cold,0,1,,,synthetic,HTTP_PROBLEM
,media.example,https://media.example/,21,129.425,143.363,142.629,153.309,500.42,1069.146,1989663,200.0,cold,0,1,,,synthetic,DNS_PROBLEM
,shop.example,https://shop.example/,15,0.0,0.0,0.0,247.122,40.109,287.231,399915,200.0,warm,1,1,,,synthetic,NORMAL
,legacy.example,https://legacy.example/,23,4188.67,0.0,0.0,0.0,0.0,4188.67,0,,cold,0,0,DNS,,synthetic,DNS_PROBLEM
,cdn-far.example,https://cdn-far.example/,19,28.408,0.0,0.0,661.345,0.303,690.056,1872,503.0,cold,1,0,HTTP,,synthetic,HTTP_PROBLEM
,legacy.example,https://legacy.example/,2,45.696,70.415,113.848,645.733,42.022,917.714,320558,200.0,cold,0,1,,,synthetic,NORMAL
,api.example,https://api.example/,20,0.0,34.72,59.144,2108.106,3.861,2205.831,32731,200.0,warm,0,1,,,synthetic,HTTP_PROBLEM
,legacy.example,https://legacy.example/,18,60.369,379.024,110.614,305.325,68.981,924.314,295930,200.0,cold,0,1,,,synthetic,CONNECT_PROBLEM
,media.example,https://media.example/,4,0.0,80.037,486.484,98.319,194.044,858.884,2211904,200.0,warm,0,1,,,synthetic,TLS_PROBLEM
,api.example,https://api.example/,12,0.0,38.395,82.047,1447.536,0.303,1568.282,2117,502.0,warm,0,0,HTTP,,synthetic,HTTP_PROBLEM
,shop.example,https://shop.example/,1,0.0,0.0,0.0,116.167,142.327,258.495,686424,200.0,warm,1,1,,,synthetic,NORMAL
,media.example,https://media.example/,5,23.381,93.149,82.279,779.704,0.13,978.643,1609,502.0,cold,0,0,HTTP,,synthetic,HTTP_PROBLEM
,api.example,https://api.example/,13,25.29,11.477,81.498,130.561,5.81,254.637,28651,200.0,cold,0,1,,,synthetic,NORMAL
,shop.example,https://shop.example/,4,19.226,19.067,75.188,141.681,260.273,515.435,2041459,200.0,cold,0,1,,,synthetic,NORMAL
,legacy.example,https://legacy.example/,8,42.035,77.907,2869.364,0.0,0.0,2989.305,0,,cold,0,0,TLS,,synthetic,TLS_PROBLEM
,api.example,https://api.example/,15,0.0,9.224,84.776,79.2,4.492,177.691,58987,200.0,warm,0,1,,,synthetic,NORMAL
,legacy.example,https://legacy.example/,0,4836.484,0.0,0.0,0.0,0.0,4836.484,0,,cold,0,0,DNS,,synthetic,DNS_PROBLEM
,cdn-near.example,https://cdn-near.example/,15,59.05,10.871,34.596,29.943,8.302,142.763,71964,200.0,cold,0,1,,,synthetic,DNS_PROBLEM
,cdn-far.example,https://cdn-far.example/,22,0.0,297.832,330.104,157.076,27.32,812.332,131898,200.0,warm,0,1,,,synthetic,NORMAL
,legacy.example,https://legacy.example/,2,334.629,66.443,150.33,392.267,113.498,1057.168,793132,200.0,cold,0,1,,,synthetic,DNS_PROBLEM
,media.example,https://media.example/,20,0.0,75.305,204.895,104.536,323.88,708.616,2750039,200.0,warm,0,1,,,synthetic,NORMAL
,api.example,https://api.example/,6,9.857,0.0,0.0,123.184,1.39,134.431,15661,200.0,cold,1,1,,,synthetic,NORMAL
,legacy.example,https://legacy.example/,5,44.942,41.61,141.798,282.501,22.186,533.036,146528,200.0,cold,0,1,,,synthetic,NORMAL
,legacy.example,https://legacy.example/,1,33.064,75.067,142.276,311.456,33.1,594.963,315674,200.0,cold,0,1,,,synthetic,NORMAL
,cdn-far.example,https://cdn-far.example/,8,0.0,196.383,246.277,101.59,12.143,556.393,61824,200.0,warm,0,1,,,synthetic,NORMAL
,api.example,https://api.example/,15,8.929,12.175,31.436,48.585,1.153,102.277,12669,200.0,cold,0,1,,,synthetic,NORMAL
,shop.example,https://shop.example/,19,13.669,483.414,120.899,461.36,121.821,1201.163,704097,200.0,cold,0,1,,,synthetic,CONNECT_PROBLEM
,cdn-far.example,https://cdn-far.example/,14,0.0,95.441,290.375,75.52,7.217,468.553,77589,200.0,warm,0,1,,,synthetic,NORMAL
,shop.example,https://shop.example/,0,0.0,46.761,60.971,139.742,304.389,551.862,1336666,200.0,warm,0,1,,,synthetic,NORMAL
,api.example,https://api.example/,9,7932.202,0.0,0.0,0.0,0.0,7932.202,0,,cold,0,0,DNS,,synthetic,DNS_PROBLEM
,cdn-far.example,https://cdn-far.example/,20,17.748,800.844,191.884,120.676,80.436,1211.589,204546,200.0,cold,0,1,,,synthetic,CONNECT_PROBLEM
,cdn-far.example,https://cdn-far.example/,19,17.349,0.0,0.0,67.137,10.462,94.947,73285,200.0,cold,1,1,,,synthetic,NORMAL
,cdn-far.example,https://cdn-far.example/,19,13.482,176.782,403.747,139.195,28.637,761.843,111573,200.0,cold,0,1,,,synthetic,NORMAL
,api.example,https://api.example/,23,0.0,38.382,66.594,190.781,5.189,300.947,32039,200.0,warm,0,1,,,synthetic,NORMAL
,legacy.example,https://legacy.example/,7,0.0,42.157,70.134,282.773,20.429,415.493,213564,200.0,warm,0,1,,,synthetic,NORMAL
,media.example,https://media.example/,7,23.193,82.315,96.96,750.859,136.389,1089.715,1696140,200.0,cold,0,1,,,synthetic,HTTP_PROBLEM
,cdn-far.example,https://cdn-far.example/,2,38.193,140.393,168.902,358.039,13.174,718.7,77417,200.0,cold,0,1,,,synthetic,HTTP_PROBLEM
,api.example,https://api.example/,16,103.311,26.581,72.747,175.276,8.903,386.817,36391,200.0,cold,0,1,,,synthetic,DNS_PROBLEM
,media.example,https://media.example/,10,20.706,86.216,73.335,122.875,322.884,626.017,1854156,200.0,cold,0,1,,,synthetic,NORMAL
,legacy.example,https://legacy.example/,10,234.17,71.13,190.549,514.183,58.255,1068.288,295108,200.0,cold,0,1,,,synthetic,DNS_PROBLEM
,media.example,https://media.example/,20,23.774,102.138,124.821,82.401,250.559,583.693,1426209,200.0,cold,0,1,,,synthetic,NORMAL
,shop.example,https://shop.example/,7,30.304,8.807,67.747,186.931,13.104,306.893,168093,200.0,cold,0,1,,,synthetic,NORMAL
,legacy.example,https://legacy.example/,19,0.0,83.781,372.573,546.458,36.77,1039.582,197476,200.0,warm,0,1,,,synthetic,NORMAL
,cdn-far.example,https://cdn-far.example/,13,0.0,904.563,164.729,78.546,15.148,1162.985,126996,200.0,warm,0,1,,,synthetic,CONNECT_PROBLEM
,cdn-far.example,https://cdn-far.example/,2,14.81,48.29,136.863,757.509,7.602,965.074,100727,200.0,cold,0,1,,,synthetic,HTTP_PROBLEM
,cdn-far.example,https://cdn-far.example/,16,243.711,149.707,295.244,62.342,15.933,766.937,106254,200.0,cold,0,1,,,synthetic,DNS_PROBLEM
,media.example,https://media.example/,20,5469.198,0.0,0.0,0.0,0.0,5469.198,0,,cold,0,0,DNS,,synthetic,DNS_PROBLEM
,legacy.example,https://legacy.example/,19,0.0,85.679,561.866,3459.679,132.111,4239.336,780197,200.0,warm,0,1,,,synthetic,HTTP_PROBLEM
,legacy.example,https://legacy.example/,22,0.0,0.0,0.0,4085.683,90.029,4175.711,259226,200.0,warm,1,1,,,synthetic,HTTP_PROBLEM
,media.example,https://media.example/,20,0.0,0.0,0.0,133.651,369.664,503.315,2948732,200.0,warm,1,1,,,synthetic,NORMAL
,cdn-far.example,https://cdn-far.example/,22,21.269,92.881,397.329,1034.808,0.311,1546.597,1385,503.0,cold,0,0,HTTP,,synthetic,HTTP_PROBLEM
,cdn-near.example,https://cdn-near.example/,16,12.338,6.748,25.662,37.897,8.803,91.447,102563,200.0,cold,0,1,,,synthetic,NORMAL
,api.example,https://api.example/,13,4420.312,0.0,0.0,0.0,0.0,4420.312,0,,cold,0,0,DNS,,synthetic,DNS_PROBLEM
,shop.example,https://shop.example/,12,0.0,20.442,97.612,451.19,90.348,659.592,965334,200.0,warm,0,1,,,synthetic,NORMAL
,media.example,https://media.example/,2,327.337,46.639,141.233,64.523,133.129,712.86,1658205,200.0,cold,0,1,,,synthetic,DNS_PROBLEM
,cdn-far.example,https://cdn-far.example/,21,25.965,0.0,0.0,121.049,14.694,161.708,94719,200.0,cold,1,1,,,synthetic,NORMAL
,cdn-far.example,https://cdn-far.example/,18,19.249,5378.669,0.0,0.0,0.0,5397.918,0,,cold,0,0,CONNECT,,synthetic,CONNECT_PROBLEM
,cdn-far.example,https://cdn-far.example/,16,0.0,73.001,353.885,45.618,12.087,484.591,95047,200.0,warm,0,1,,,synthetic,NORMAL
,api.example,https://api.example/,22,0.0,39.167,124.855,172.515,8.578,345.115,27882,200.0,warm,0,1,,,synthetic,NORMAL
,shop.example,https://shop.example/,7,0.0,24.395,102.954,272.469,23.357,423.174,199925,200.0,warm,0,1,,,synthetic,NORMAL
,shop.example,https://shop.example/,1,0.0,32.239,142.846,1041.23,45.53,1261.846,429879,200.0,warm,0,1,,,synthetic,HTTP_PROBLEM
,cdn-near.example,https://cdn-near.example/,22,0.0,23.272,62.388,99.681,5.072,190.414,33243,200.0,warm,0,1,,,synthetic,NORMAL
,cdn-near.example,https://cdn-near.example/,5,19.822,3.3,96.846,32.795,2.169,154.932,34081,200.0,cold,0,1,,,synthetic,TLS_PROBLEM
,api.example,https://api.example/,23,74.076,11.606,121.954,166.342,0.918,374.897,7173,200.0,cold,0,1,,,synthetic,DNS_PROBLEM
,cdn-far.example,https://cdn-far.example/,1,0.0,105.838,254.778,91.106,13.314,465.035,138602,200.0,warm,0,1,,,synthetic,NORMAL
,cdn-far.example,https://cdn-far.example/,2,0.0,59.689,162.397,615.591,10.694,848.372,133541,200.0,warm,0,1,,,synthetic,HTTP_PROBLEM
,shop.example,https://shop.example/,16,12.7,25.04,671.696,184.371,55.984,949.79,664958,200.0,cold,0,1,,,synthetic,TLS_PROBLEM
,cdn-near.example,https://cdn-near.example/,7,6.695,0.0,0.0,1050.316,0.287,1057.298,2046,503.0,cold,1,0,HTTP,,synthetic,HTTP_PROBLEM
,cdn-far.example,https://cdn-far.example/,4,0.0,76.164,112.533,1042.073,0.145,1230.915,1137,502.0,warm,0,0,HTTP,,synthetic,HTTP_PROBLEM
,cdn-near.example,https://cdn-near.example/,11,7.89,6.659,27.398,464.748,10.795,517.491,171500,200.0,cold,0,1,,,synthetic,HTTP_PROBLEM
,cdn-near.example,https://cdn-near.example/,4,18.728,0.0,0.0,53.546,2.127,74.401,28177,200.0,cold,1,1,,,synthetic,NORMAL
,cdn-far.example,https://cdn-far.example/,10,0.0,82.877,159.643,113.284,14.423,370.227,174361,200.0,warm,0,1,,,synthetic,NORMAL
,api.example,https://api.example/,3,0.0,108.908,44.253,67.323,1.682,222.167,12695,200.0,warm,0,1,,,synthetic,CONNECT_PROBLEM
,cdn-near.example,https://cdn-near.example/,19,0.0,85.919,34.601,74.667,66.557,261.744,191937,200.0,warm,0,1,,,synthetic,CONNECT_PROBLEM
,api.example,https://api.example/,11,21.369,38.63,33.105,138.975,1.705,233.784,22638,200.0,cold,0,1,,,synthetic,NORMAL
,media.example,https://media.example/,12,0.0,47.23,105.366,143.941,147.248,443.784,1688796,200.0,warm,0,1,,,synthetic,NORMAL
,media.example,https://media.example/,7,0.0,5384.828,0.0,0.0,0.0,5384.828,0,,warm,0,0,CONNECT,,synthetic,CONNECT_PROBLEM
,media.example,https://media.example/,8,0.0,65.38,992.944,163.986,85.859,1308.169,919395,200.0,warm,0,1,,,synthetic,TLS_PROBLEM
,media.example,https://media.example/,18,0.0,146.549,91.935,65.215,207.396,511.094,1036497,200.0,warm,0,1,,,synthetic,CONNECT_PROBLEM
,cdn-near.example,https://cdn-near.example/,11,6.636,7.972,334.037,38.166,7.12,393.931,70393,200.0,cold,0,1,,,synthetic,TLS_PROBLEM
,api.example,https://api.example/,1,117.522,23.923,41.875,86.386,2.926,272.633,14444,200.0,cold,0,1,,,synthetic,DNS_PROBLEM
,legacy.example,https://legacy.example/,20,37.721,0.0,0.0,533.665,54.11,625.495,270779,200.0,cold,1,1,,,synthetic,NORMAL
,cdn-far.example,https://cdn-far.example/,18,0.0,0.0,0.0,793.62,21.882,815.503,161378,200.0,warm,1,1,,,synthetic,HTTP_PROBLEM
,cdn-far.example,https://cdn-far.example/,23,18.817,165.309,280.184,49.063,64.577,577.95,380635,200.0,cold,0,1,,,synthetic,NORMAL
,cdn-near.example,https://cdn-near.example/,11,8.331,12.935,37.148,48.189,10.461,117.063,85852,200.0,cold,0,1,,,synthetic,NORMAL
,legacy.example,https://legacy.example/,13,555.387,61.384,228.188,505.485,38.872,1389.314,313232,200.0,cold,0,1,,,synthetic,DNS_PROBLEM
,legacy.example,https://legacy.example/,15,49.252,67.266,257.511,355.049,57.489,786.567,361492,200.0,cold,0,1,,,synthetic,NORMAL
,api.example,https://api.example/,6,5017.753,0.0,0.0,0.0,0.0,5017.753,0,,cold,0,0,DNS,,synthetic,DNS_PROBLEM
,cdn-far.example,https://cdn-far.example/,8,216.348,179.442,342.362,158.829,37.273,934.254,138111,200.0,cold,0,1,,,synthetic,DNS_PROBLEM
,cdn-near.example,https://cdn-near.example/,16,13.237,72.886,21.293,38.253,13.628,159.298,60451,200.0,cold,0,1,,,synthetic,CONNECT_PROBLEM
,api.example,https://api.example/,5,14.674,16.695,266.425,92.275,2.419,392.487,21480,200.0,cold,0,1,,,synthetic,TLS_PROBLEM
,cdn-far.example,https://cdn-far.example/,4,18.309,434.402,121.606,36.037,17.545,627.899,184396,200.0,cold,0,1,,,synthetic,CONNECT_PROBLEM
,media.example,https://media.example/,16,0.0,56.573,50.659,52.888,161.685,321.806,1728091,200.0,warm,0,1,,,synthetic,NORMAL
,cdn-near.example,https://cdn-near.example/,7,0.0,0.0,0.0,42.77,7.33,50.099,54409,200.0,warm,1,1,,,synthetic,NORMAL
,cdn-near.example,https://cdn-near.example/,15,0.0,4.747,39.291,48.628,7.597,100.264,68731,200.0,warm,0,1,,,synthetic,NORMAL
,api.example,https://api.example/,15,13.85,123.85,42.08,93.707,11.034,284.521,36102,200.0,cold,0,1,,,synthetic,CONNECT_PROBLEM
,legacy.example,https://legacy.example/,15,0.0,65.168,558.771,748.225,58.286,1430.45,358210,200.0,warm,0,1,,,synthetic,TLS_PROBLEM
,api.example,https://api.example/,10,0.0,15.896,42.761,76.197,4.94,139.793,32733,200.0,warm,0,1,,,synthetic,NORMAL
,media.example,https://media.example/,18,0.0,41.886,181.316,100.578,210.724,534.505,2307870,200.0,warm,0,1,,,synthetic,TLS_PROBLEM
,media.example,https://media.example/,13,12.657,21.41,70.996,63.608,133.631,302.302,1336055,200.0,cold,0,1,,,synthetic,NORMAL
,shop.example,https://shop.example/,23,0.0,0.0,0.0,267.86,75.843,343.703,533696,200.0,warm,1,1,,,synthetic,NORMAL
,media.example,https://media.example/,1,0.0,0.0,0.0,115.229,363.225,478.454,2641578,200.0,warm,1,1,,,synthetic,NORMAL
,media.example,https://media.example/,11,22.95,221.359,204.119,100.175,249.22,797.823,1399698,200.0,cold,0,1,,,synthetic,CONNECT_PROBLEM
,cdn-far.example,https://cdn-far.example/,17,27.092,96.276,235.256,46.52,28.325,433.468,218183,200.0,cold,0,1,,,synthetic,NORMAL
,shop.example,https://shop.example/,13,0.0,297.237,41.709,215.251,47.091,601.288,404305,200.0,warm,0,1,,,synthetic,CONNECT_PROBLEM
,media.example,https://media.example/,5,0.0,42.242,82.013,102.832,120.307,347.395,1627674,200.0,warm,0,1,,,synthetic,NORMAL
,api.example,https://api.example/,23,0.0,45.673,141.083,225.08,6.365,418.201,28562,200.0,warm,0,1,,,synthetic,NORMAL
,cdn-near.example,https://cdn-near.example/,17,0.0,28.101,30.452,37.726,16.268,112.546,213072,200.0,warm,0,1,,,synthetic,CONNECT_PROBLEM
,shop.example,https://shop.example/,18,31.64,20.599,267.481,435.361,27.153,782.234,403895,200.0,cold,0,1,,,synthetic,TLS_PROBLEM
,cdn-far.example,https://cdn-far.example/,2,30.052,0.0,0.0,116.666,13.395,160.113,106709,200.0,cold,1,1,,,synthetic,NORMAL
,legacy.example,https://legacy.example/,8,0.0,84.93,91.449,346.772,21.972,545.123,151344,200.0,warm,0,1,,,synthetic,NORMAL
,cdn-far.example,https://cdn-far.example/,9,0.0,170.909,265.758,80.054,19.238,535.96,91652,200.0,warm,0,1,,,synthetic,NORMAL
,shop.example,https://shop.example/,21,11.667,20.195,205.607,398.0,59.78,695.25,613909,200.0,cold,0,1,,,synthetic,NORMAL
,api.example,https://api.example/,22,13.121,30.984,719.081,177.622,6.354,947.163,32213,200.0,cold,0,1,,,synthetic,TLS_PROBLEM
,cdn-near.example,https://cdn-near.example/,6,0.0,0.0,0.0,73.419,10.056,83.475,59047,200.0,warm,1,1,,,synthetic,NORMAL
,api.example,https://api.example/,5,17.993,17.665,70.628,82.194,3.078,191.558,31372,200.0,cold,0,1,,,synthetic,NORMAL
,media.example,https://media.example/,3,6864.496,0.0,0.0,0.0,0.0,6864.496,0,,cold,0,0,DNS,,synthetic,DNS_PROBLEM
,api.example,https://api.example/,13,22.888,0.0,0.0,64.64,1.467,88.995,14387,200.0,cold,1,1,,,synthetic,NORMAL
,api.example,https://api.example/,1,16.745,28.579,52.95,106.724,2.462,207.46,25859,200.0,cold,0,1,,,synthetic,NORMAL
,media.example,https://media.example/,11,0.0,0.0,0.0,123.066,528.387,651.453,3058986,200.0,warm,1,1,,,synthetic,NORMAL
,cdn-far.example,https://cdn-far.example/,0,0.0,122.929,1028.094,26.659,6.791,1184.473,89245,200.0,warm,0,1,,,synthetic,TLS_PROBLEM
,media.example,https://media.example/,9,0.0,87.511,83.392,99.552,295.474,565.929,2118056,200.0,warm,0,1,,,synthetic,NORMAL
,cdn-near.example,https://cdn-near.example/,23,0.0,0.0,0.0,51.051,7.892,58.943,66163,200.0,warm,1,1,,,synthetic,NORMAL
,cdn-far.example,https://cdn-far.example/,6,18.994,0.0,0.0,48.597,11.173,78.764,111040,200.0,cold,1,1,,,synthetic,NORMAL
,legacy.example,https://legacy.example/,21,0.0,0.0,0.0,4329.997,79.889,4409.885,480315,200.0,warm,1,1,,,synthetic,HTTP_PROBLEM
,cdn-far.example,https://cdn-far.example/,18,0.0,1161.148,197.059,59.301,16.384,1433.892,68765,200.0,warm,0,1,,,synthetic,CONNECT_PROBLEM
,cdn-far.example,https://cdn-far.example/,0,0.0,55.956,193.236,1031.856,0.138,1281.186,1465,502.0,warm,0,0,HTTP,,synthetic,HTTP_PROBLEM
,media.example,https://media.example/,17,0.0,98.212,74.871,93.931,145.324,412.339,1275322,200.0,warm,0,1,,,synthetic,NORMAL
,cdn-near.example,https://cdn-near.example/,0,0.0,7.528,45.418,46.628,18.465,118.04,150903,200.0,warm,0,1,,,synthetic,NORMAL
,cdn-near.example,https://cdn-near.example/,21,0.0,0.0,0.0,112.408,5.533,117.94,41995,200.0,warm,1,1,,,synthetic,NORMAL
,api.example,https://api.example/,23,15.436,16.54,48.882,152.407,3.456,236.721,18911,200.0,cold,0,1,,,synthetic,NORMAL
,api.example,https://api.example/,0,12.585,14.78,58.16,72.95,1.204,159.68,9771,200.0,cold,0,1,,,synthetic,NORMAL
,cdn-far.example,https://cdn-far.example/,19,11.787,2117.821,295.962,109.136,27.456,2562.162,166908,200.0,cold,0,1,,,synthetic,CONNECT_PROBLEM
,legacy.example,https://legacy.example/,1,45.042,97.549,752.05,520.026,49.213,1463.88,317780,200.0,cold,0,1,,,synthetic,TLS_PROBLEM
,cdn-far.example,https://cdn-far.example/,5,0.0,130.549,224.448,34.34,5.465,394.803,77934,200.0,warm,0,1,,,synthetic,NORMAL
,cdn-near.example,https://cdn-near.example/,1,0.0,10.592,21.785,39.315,9.054,80.746,143463,200.0,warm,0,1,,,synthetic,NORMAL
,shop.example,https://shop.example/,22,19.756,0.0,0.0,564.208,54.678,638.641,348330,200.0,cold,1,1,,,synthetic,NORMAL
,cdn-far.example,https://cdn-far.example/,15,323.746,83.029,319.748,53.883,5.062,785.468,83666,200.0,cold,0,1,,,synthetic,DNS_PROBLEM
,cdn-far.example,https://cdn-far.example/,6,0.0,62.091,111.951,28.349,13.952,216.343,229440,200.0,warm,0,1,,,synthetic,NORMAL
,legacy.example,https://legacy.example/,23,39.541,55.134,1452.653,233.914,40.638,1821.879,305323,200.0,cold,0,1,,,synthetic,TLS_PROBLEM
,legacy.example,https://legacy.example/,9,0.0,153.835,443.709,1262.805,87.029,1947.378,316474,200.0,warm,0,1,,,synthetic,NORMAL
,cdn-far.example,https://cdn-far.example/,15,0.0,79.799,2694.342,0.0,0.0,2774.141,0,,warm,0,0,TLS,,synthetic,TLS_PROBLEM
,shop.example,https://shop.example/,4,0.0,31.409,78.421,135.169,32.957,277.956,439867,200.0,warm,0,1,,,synthetic,NORMAL
,cdn-far.example,https://cdn-far.example/,11,0.0,0.0,0.0,323.722,21.202,344.923,307606,200.0,warm,1,1,,,synthetic,HTTP_PROBLEM
,media.example,https://media.example/,16,0.0,0.0,0.0,60.78,305.245,366.025,2914301,200.0,warm,1,1,,,synthetic,NORMAL
,legacy.example,https://legacy.example/,22,432.19,158.565,237.571,553.056,112.2,1493.582,340155,200.0,cold,0,1,,,synthetic,DNS_PROBLEM
,media.example,https://media.example/,2,26.892,34.352,80.131,98.473,100.235,340.082,1029964,200.0,cold,0,1,,,synthetic,NORMAL
,legacy.example,https://legacy.example/,10,0.0,125.624,859.573,301.264,80.389,1366.851,547885,200.0,warm,0,1,,,synthetic,TLS_PROBLEM
,legacy.example,https://legacy.example/,2,27.412,173.695,180.933,183.02,33.696,598.755,212717,200.0,cold,0,1,,,synthetic,CONNECT_PROBLEM
,media.example,https://media.example/,23,0.0,0.0,0.0,640.922,485.76,1126.682,1761401,200.0,warm,1,1,,,synthetic,HTTP_PROBLEM
,api.example,https://api.example/,12,0.0,19.613,42.66,60.789,1.971,125.032,37865,200.0,warm,0,1,,,synthetic,NORMAL
,api.example,https://api.example/,12,11.106,10.938,42.594,41.652,1.994,108.284,25160,200.0,cold,0,1,,,synthetic,NORMAL
,legacy.example,https://legacy.example/,9,0.0,99.444,1140.562,632.56,30.774,1903.34,174129,200.0,warm,0,1,,,synthetic,TLS_PROBLEM
,shop.example,https://shop.example/,3,5550.578,0.0,0.0,0.0,0.0,5550.578,0,,cold,0,0,DNS,,synthetic,DNS_PROBLEM
,api.example,https://api.example/,7,204.609,23.346,53.127,155.145,2.029,438.257,13952,200.0,cold,0,1,,,synthetic,DNS_PROBLEM
,cdn-far.example,https://cdn-far.example/,2,0.0,142.914,156.725,77.401,14.188,391.228,163893,200.0,warm,0,1,,,synthetic,NORMAL
,api.example,https://api.example/,1,0.0,184.735,44.567,112.471,7.304,349.077,44745,200.0,warm,0,1,,,synthetic,CONNECT_PROBLEM
,media.example,https://media.example/,23,0.0,0.0,0.0,188.263,203.593,391.855,1328297,200.0,warm,1,1,,,synthetic,NORMAL
,cdn-far.example,https://cdn-far.example/,14,0.0,48.052,133.042,53.067,15.009,249.17,225394,200.0,warm,0,1,,,synthetic,NORMAL
,cdn-near.example,https://cdn-near.example/,19,19.229,4754.281,0.0,0.0,0.0,4773.51,0,,cold,0,0,CONNECT,,synthetic,CONNECT_PROBLEM
,media.example,https://media.example/,0,0.0,41.716,156.469,120.051,234.431,552.666,2707035,200.0,warm,0,1,,,synthetic,NORMAL
,shop.example,https://shop.example/,2,0.0,25.311,46.71,115.17,42.781,229.973,259101,200.0,warm,0,1,,,synthetic,NORMAL
,api.example,https://api.example/,4,0.0,0.0,0.0,91.602,2.907,94.51,23292,200.0,warm,1,1,,,synthetic,NORMAL
,cdn-far.example,https://cdn-far.example/,17,20.166,2214.038,235.351,81.895,90.449,2641.899,212434,200.0,cold,0,1,,,synthetic,CONNECT_PROBLEM
,shop.example,https://shop.example/,13,19.731,0.0,0.0,400.442,45.815,465.988,461532,200.0,cold,1,1,,,synthetic,NORMAL
,cdn-near.example,https://cdn-near.example/,20,0.0,18.367,49.878,653.049,18.814,740.109,125123,200.0,warm,0,1,,,synthetic,HTTP_PROBLEM
,api.example,https://api.example/,5,24.8,19.89,48.861,97.472,3.099,194.122,37514,200.0,cold,0,1,,,synthetic,NORMAL
,cdn-far.example,https://cdn-far.example/,21,0.0,227.346,584.586,673.421,30.814,1516.168,132740,200.0,warm,0,1,,,synthetic,HTTP_PROBLEM
,media.example,https://media.example/,1,252.732,22.711,48.277,40.493,112.478,476.691,2353836,200.0,cold,0,1,,,synthetic,DNS_PROBLEM
,cdn-near.example,https://cdn-near.example/,19,8.551,12.966,36.569,56.661,6.429,121.176,39962,200.0,cold,0,1,,,synthetic,NORMAL
,media.example,https://media.example/,16,0.0,29.164,742.875,122.576,84.835,979.45,792162,200.0,warm,0,1,,,synthetic,TLS_PROBLEM
,shop.example,https://shop.example/,8,11.884,65.834,92.303,293.596,58.65,522.267,280940,200.0,cold,0,1,,,synthetic,NORMAL
,media.example,https://media.example/,8,27.682,85.609,71.249,683.605,0.193,868.338,2410,502.0,cold,0,0,HTTP,,synthetic,HTTP_PROBLEM
,shop.example,https://shop.example/,7,0.0,65.274,43.218,1145.871,0.104,1254.468,1638,503.0,warm,0,0,HTTP,,synthetic,HTTP_PROBLEM
,shop.example,https://shop.example/,11,0.0,57.203,58.807,230.65,69.693,416.354,671197,200.0,warm,0,1,,,synthetic,NORMAL
,cdn-far.example,https://cdn-far.example/,4,239.18,100.725,142.232,90.263,33.775,606.174,289286,200.0,cold,0,1,,,synthetic,DNS_PROBLEM
,cdn-near.example,https://cdn-near.example/,23,12.942,19.611,266.525,34.556,3.058,336.692,39188,200.0,cold,0,1,,,synthetic,TLS_PROBLEM
,cdn-near.example,https://cdn-near.example/,2,5.844,4199.457,0.0,0.0,0.0,4205.301,0,,cold,0,0,CONNECT,,synthetic,CONNECT_PROBLEM
,api.example,https://api.example/,14,0.0,24.878,36.998,92.982,3.921,158.778,31770,200.0,warm,0,1,,,synthetic,NORMAL
,media.example,https://media.example/,12,0.0,26.099,114.392,770.829,133.273,1044.593,1401428,200.0,warm,0,1,,,synthetic,HTTP_PROBLEM
,api.example,https://api.example/,23,0.0,24.725,103.79,1792.694,0.171,1921.381,953,500.0,warm,0,0,HTTP,,synthetic,HTTP_PROBLEM
,api.example,https://api.example/,20,0.0,74.211,63.776,341.923,11.769,491.679,48075,200.0,warm,0,1,,,synthetic,NORMAL
,cdn-near.example,https://cdn-near.example/,9,13.177,13.733,36.38,110.041,12.375,185.706,92535,200.0,cold,0,1,,,synthetic,NORMAL
,shop.example,https://shop.example/,3,4976.026,0.0,0.0,0.0,0.0,4976.026,0,,cold,0,0,DNS,,synthetic,DNS_PROBLEM
,legacy.example,https://legacy.example/,12,0.0,25.562,121.116,386.347,25.631,558.656,267152,200.0,warm,0,1,,,synthetic,NORMAL
,cdn-near.example,https://cdn-near.example/,0,6.717,0.0,0.0,628.948,30.77,666.435,165248,200.0,cold,1,1,,,synthetic,HTTP_PROBLEM
,legacy.example,https://legacy.example/,0,0.0,60.418,117.68,466.632,70.013,714.743,330276,200.0,warm,0,1,,,synthetic,NORMAL
,cdn-near.example,https://cdn-near.example/,18,6.768,11.406,201.726,51.213,13.707,284.82,93684,200.0,cold,0,1,,,synthetic,TLS_PROBLEM
,cdn-near.example,https://cdn-near.example/,20,0.0,0.0,0.0,61.211,28.139,89.35,134965,200.0,warm,1,1,,,synthetic,NORMAL
,shop.example,https://shop.example/,21,0.0,37.376,122.269,1642.162,0.299,1802.105,1775,503.0,warm,0,0,HTTP,,synthetic,HTTP_PROBLEM
,legacy.example,https://legacy.example/,0,0.0,50.642,612.295,137.467,35.984,836.388,458735,200.0,warm,0,1,,,synthetic,TLS_PROBLEM
,cdn-far.example,https://cdn-far.example/,20,108.612,160.462,211.931,101.579,14.098,596.681,108770,200.0,cold,0,1,,,synthetic,DNS_PROBLEM
,api.example,https://api.example/,2,0.0,19.941,442.194,42.066,2.498,506.698,37928,200.0,warm,0,1,,,synthetic,TLS_PROBLEM
,shop.example,https://shop.example/,14,21.898,0.0,0.0,690.551,0.177,712.626,2447,502.0,cold,1,0,HTTP,,synthetic,HTTP_PROBLEM
,cdn-far.example,https://cdn-far.example/,6,22.677,0.0,0.0,193.091,23.442,239.211,131391,200.0,cold,1,1,,,synthetic,HTTP_PROBLEM
,cdn-near.example,https://cdn-near.example/,21,0.0,55.931,53.893,30.6,9.488,149.912,34775,200.0,warm,0,1,,,synthetic,CONNECT_PROBLEM
,legacy.example,https://legacy.example/,7,38.312,58.674,278.106,265.007,29.498,669.597,282779,200.0,cold,0,1,,,synthetic,NORMAL
,api.example,https://api.example/,16,0.0,93.493,38.704,70.036,12.722,214.955,41169,200.0,warm,0,1,,,synthetic,CONNECT_PROBLEM
,cdn-far.example,https://cdn-far.example/,16,0.0,39.128,143.873,45.368,13.176,241.544,111519,200.0,warm,0,1,,,synthetic,NORMAL
,api.example,https://api.example/,23,0.0,5353.633,0.0,0.0,0.0,5353.633,0,,warm,0,0,CONNECT,,synthetic,CONNECT_PROBLEM
,legacy.example,https://legacy.example/,7,314.125,46.91,160.651,306.326,49.314,877.326,426858,200.0,cold,0,1,,,synthetic,DNS_PROBLEM
,api.example,https://api.example/,16,4524.485,0.0,0.0,0.0,0.0,4524.485,0,,cold,0,0,DNS,,synthetic,DNS_PROBLEM
,cdn-near.example,https://cdn-near.example/,8,0.0,0.0,0.0,42.763,5.785,48.549,54414,200.0,warm,1,1,,,synthetic,NORMAL
,shop.example,https://shop.example/,22,3776.299,0.0,0.0,0.0,0.0,3776.299,0,,cold,0,0,DNS,,synthetic,DNS_PROBLEM
,legacy.example,https://legacy.example/,20,0.0,68.208,72.014,201.207,33.96,375.389,320123,200.0,warm,0,1,,,synthetic,NORMAL
,api.example,https://api.example/,18,90.311,15.385,27.036,97.448,3.043,233.223,21482,200.0,cold,0,1,,,synthetic,DNS_PROBLEM
,legacy.example,https://legacy.example/,7,0.0,61.487,111.886,199.378,62.194,434.944,424398,200.0,warm,0,1,,,synthetic,NORMAL
,cdn-far.example,https://cdn-far.example/,11,52.115,98.971,656.931,60.437,11.301,879.755,69287,200.0,cold,0,1,,,synthetic,NORMAL
,legacy.example,https://legacy.example/,1,0.0,251.807,98.603,457.197,43.4,851.007,385524,200.0,warm,0,1,,,synthetic,CONNECT_PROBLEM
,legacy.example,https://legacy.example/,6,50.694,0.0,0.0,328.872,34.037,413.602,206793,200.0,cold,1,1,,,synthetic,NORMAL
,shop.example,https://shop.example/,21,5274.307,0.0,0.0,0.0,0.0,5274.307,0,,cold,0,0,DNS,,synthetic,DNS_PROBLEM
,media.example,https://media.example/,18,0.0,291.353,151.39,51.939,545.13,1039.811,1592684,200.0,warm,0,1,,,synthetic,CONNECT_PROBLEM
,cdn-near.example,https://cdn-near.example/,17,13.724,4.226,397.483,45.75,22.881,484.063,133190,200.0,cold,0,1,,,synthetic,TLS_PROBLEM
,shop.example,https://shop.example/,11,16.58,29.316,132.64,123.644,26.719,328.9,447955,200.0,cold,0,1,,,synthetic,NORMAL
,cdn-far.example,https://cdn-far.example/,2,0.0,89.535,211.452,49.952,14.765,365.704,170230,200.0,warm,0,1,,,synthetic,NORMAL
,shop.example,https://shop.example/,4,21.432,56.953,107.819,430.121,131.803,748.128,615025,200.0,cold,0,1,,,synthetic,NORMAL
,cdn-far.example,https://cdn-far.example/,23,4894.07,0.0,0.0,0.0,0.0,4894.07,0,,cold,0,0,DNS,,synthetic,DNS_PROBLEM
,legacy.example,https://legacy.example/,12,0.0,87.851,1262.7,372.12,47.122,1769.794,261089,200.0,warm,0,1,,,synthetic,TLS_PROBLEM
,media.example,https://media.example/,18,25.911,0.0,0.0,61.034,273.508,360.452,2906237,200.0,cold,1,1,,,synthetic,NORMAL
,media.example,https://media.example/,22,0.0,74.433,182.881,72.976,267.623,597.912,1724979,200.0,warm,0,1,,,synthetic,NORMAL
,api.example,https://api.example/,13,0.0,47.11,57.504,214.498,2.984,322.096,23482,200.0,warm,0,1,,,synthetic,NORMAL
,shop.example,https://shop.example/,5,153.128,28.708,96.906,189.392,70.602,538.737,863276,200.0,cold,0,1,,,synthetic,DNS_PROBLEM
,media.example,https://media.example/,15,0.0,49.889,92.362,402.635,206.741,751.627,3060604,200.0,warm,0,1,,,synthetic,HTTP_PROBLEM
,media.example,https://media.example/,14,0.0,31.747,852.167,114.633,51.18,1049.727,1182186,200.0,warm,0,1,,,synthetic,TLS_PROBLEM
,cdn-near.example,https://cdn-near.example/,22,42.392,9.759,28.434,51.794,13.184,145.563,64936,200.0,cold,0,1,,,synthetic,DNS_PROBLEM
,cdn-near.example,https://cdn-near.example/,3,85.878,5.879,37.324,69.811,11.261,210.153,98937,200.0,cold,0,1,,,synthetic,DNS_PROBLEM
,media.example,https://media.example/,10,0.0,52.095,105.71,39.01,246.108,442.923,1678515,200.0,warm,0,1,,,synthetic,NORMAL
,media.example,https://media.example/,16,0.0,5601.017,0.0,0.0,0.0,5601.017,0,,warm,0,0,CONNECT,,synthetic,CONNECT_PROBLEM
,cdn-near.example,https://cdn-near.example/,21,281.189,12.081,70.448,95.871,26.145,485.733,181673,200.0,cold,0,1,,,synthetic,DNS_PROBLEM
,media.example,https://media.example/,19,0.0,170.237,89.441,74.399,916.12,1250.198,2028786,200.0,warm,0,1,,,synthetic,CONNECT_PROBLEM
,legacy.example,https://legacy.example/,16,53.07,32.026,104.697,213.818,24.925,428.536,266067,200.0,cold,0,1,,,synthetic,NORMAL
,media.example,https://media.example/,12,0.0,455.637,246.702,67.692,404.769,1174.8,1478953,200.0,warm,0,1,,,synthetic,CONNECT_PROBLEM
,cdn-far.example,https://cdn-far.example/,8,23.975,116.368,385.315,1051.209,5.347,1582.215,36765,200.0,cold,0,1,,,synthetic,HTTP_PROBLEM
,legacy.example,https://legacy.example/,17,0.0,40.396,131.613,266.563,26.96,465.532,319576,200.0,warm,0,1,,,synthetic,NORMAL
,cdn-far.example,https://cdn-far.example/,15,0.0,794.939,228.334,65.972,8.175,1097.421,80522,200.0,warm,0,1,,,synthetic,CONNECT_PROBLEM
,cdn-far.example,https://cdn-far.example/,22,0.0,314.4,138.221,71.598,15.097,539.317,91764,200.0,warm,0,1,,,synthetic,CONNECT_PROBLEM
,cdn-near.example,https://cdn-near.example/,23,10.463,11.45,105.028,79.764,23.641,230.347,94015,200.0,cold,0,1,,,synthetic,NORMAL
,shop.example,https://shop.example/,6,285.348,18.309,95.315,184.88,66.344,650.196,665514,200.0,cold,0,1,,,synthetic,DNS_PROBLEM
,api.example,https://api.example/,4,12.98,24.474,20.426,127.613,3.485,188.979,23064,200.0,cold,0,1,,,synthetic,NORMAL
,cdn-near.example,https://cdn-near.example/,2,9.866,6.105,36.462,40.158,3.279,95.87,42259,200.0,cold,0,1,,,synthetic,NORMAL
,api.example,https://api.example/,11,0.0,22.7,99.194,79.731,1.618,203.243,18506,200.0,warm,0,1,,,synthetic,NORMAL
,shop.example,https://shop.example/,18,0.0,61.029,108.765,274.937,76.336,521.067,656554,200.0,warm,0,1,,,synthetic,NORMAL
,media.example,https://media.example/,17,0.0,38.423,138.392,53.66,542.244,772.719,4942856,200.0,warm,0,1,,,synthetic,NORMAL
,cdn-far.example,https://cdn-far.example/,7,0.0,160.541,205.948,60.418,5.382,432.289,73849,200.0,warm,0,1,,,synthetic,NORMAL
,media.example,https://media.example/,3,28.033,0.0,0.0,58.973,56.741,143.747,616117,200.0,cold,1,1,,,synthetic,NORMAL
,api.example,https://api.example/,11,0.0,0.0,0.0,62.85,3.463,66.313,41462,200.0,warm,1,1,,,synthetic,NORMAL
,shop.example,https://shop.example/,19,33.459,0.0,0.0,448.029,64.816,546.304,458657,200.0,cold,1,1,,,synthetic,NORMAL
,cdn-far.example,https://cdn-far.example/,0,0.0,0.0,0.0,1767.405,0.297,1767.702,2291,500.0,warm,1,0,HTTP,,synthetic,HTTP_PROBLEM
,cdn-near.example,https://cdn-near.example/,3,12.842,8.747,18.739,51.416,5.716,97.459,59496,200.0,cold,0,1,,,synthetic,NORMAL
,shop.example,https://shop.example/,1,0.0,962.579,42.67,247.581,33.168,1285.998,321263,200.0,warm,0,1,,,synthetic,CONNECT_PROBLEM
,cdn-far.example,https://cdn-far.example/,15,0.0,95.45,105.834,100.482,46.928,348.694,379477,200.0,warm,0,1,,,synthetic,NORMAL
,legacy.example,https://legacy.example/,20,0.0,0.0,0.0,892.859,0.356,893.215,1856,500.0,warm,1,0,HTTP,,synthetic,HTTP_PROBLEM
,api.example,https://api.example/,2,0.0,15.61,53.985,80.301,6.002,155.897,65530,200.0,warm,0,1,,,synthetic,NORMAL
,api.example,https://api.example/,18,9.969,182.014,67.322,57.192,5.841,322.337,25071,200.0,cold,0,1,,,synthetic,CONNECT_PROBLEM
,cdn-far.example,https://cdn-far.example/,22,0.0,1074.136,279.085,75.952,19.753,1448.926,97239,200.0,warm,0,1,,,synthetic,CONNECT_PROBLEM
,api.example,https://api.example/,0,3745.685,0.0,0.0,0.0,0.0,3745.685,0,,cold,0,0,DNS,,synthetic,DNS_PROBLEM
,legacy.example,https://legacy.example/,11,37.605,6604.752,0.0,0.0,0.0,6642.357,0,,cold,0,0,CONNECT,,synthetic,CONNECT_PROBLEM
,legacy.example,https://legacy.example/,6,31.006,940.919,80.195,227.082,141.113,1420.316,820877,200.0,cold,0,1,,,synthetic,CONNECT_PROBLEM
,cdn-near.example,https://cdn-near.example/,8,0.0,24.97,594.236,56.584,7.14,682.931,81950,200.0,warm,0,1,,,synthetic,TLS_PROBLEM
,media.example,https://media.example/,19,11.563,236.829,160.931,75.983,122.594,607.9,1021834,200.0,cold,0,1,,,synthetic,CONNECT_PROBLEM
,shop.example,https://shop.example/,2,14.535,53.826,105.477,195.315,79.297,448.449,714880,200.0,cold,0,1,,,synthetic,NORMAL
,cdn-far.example,https://cdn-far.example/,3,361.96,107.898,189.677,63.874,3.73,727.139,53594,200.0,cold,0,1,,,synthetic,DNS_PROBLEM
,legacy.example,https://legacy.example/,22,25.258,99.436,2973.273,0.0,0.0,3097.967,0,,cold,0,0,TLS,,synthetic,TLS_PROBLEM
,media.example,https://media.example/,9,254.969,122.688,337.307,174.19,569.381,1458.535,4775630,200.0,cold,0,1,,,synthetic,DNS_PROBLEM
,cdn-near.example,https://cdn-near.example/,1,0.0,14.234,33.349,95.646,3.078,146.307,26375,200.0,warm,0,1,,,synthetic,NORMAL
,shop.example,https://shop.example/,15,0.0,41.835,71.625,204.635,33.103,351.199,470211,200.0,warm,0,1,,,synthetic,NORMAL
,legacy.example,https://legacy.example/,16,50.445,0.0,0.0,367.452,137.59,555.487,757974,200.0,cold,1,1,,,synthetic,NORMAL
,cdn-near.example,https://cdn-near.example/,3,11.874,0.0,0.0,35.055,11.964,58.893,135676,200.0,cold,1,1,,,synthetic,NORMAL
,cdn-far.example,https://cdn-far.example/,17,16.357,97.699,318.953,70.294,6.69,509.993,115576,200.0,cold,0,1,,,synthetic,NORMAL
,legacy.example,https://legacy.example/,6,62.298,70.694,76.098,347.209,25.537,581.836,240825,200.0,cold,0,1,,,synthetic,NORMAL
,cdn-near.example,https://cdn-near.example/,11,76.172,11.198,33.395,38.899,33.84,193.504,138521,200.0,cold,0,1,,,synthetic,DNS_PROBLEM
,media.example,https://media.example/,18,27.603,290.991,95.191,48.726,137.297,599.808,912545,200.0,cold,0,1,,,synthetic,CONNECT_PROBLEM
,media.example,https://media.example/,17,0.0,29.985,130.426,96.884,258.783,516.077,2537303,200.0,warm,0,1,,,synthetic,NORMAL
,shop.example,https://shop.example/,21,31.909,48.64,125.665,202.361,152.318,560.893,727159,200.0,cold,0,1,,,synthetic,NORMAL
,shop.example,https://shop.example/,2,0.0,0.0,0.0,215.124,61.742,276.867,513552,200.0,warm,1,1,,,synthetic,NORMAL
,media.example,https://media.example/,19,0.0,96.255,176.089,69.113,159.05,500.507,694144,200.0,warm,0,1,,,synthetic,NORMAL
,shop.example,https://shop.example/,5,80.509,26.536,106.913,157.839,60.001,431.799,759921,200.0,cold,0,1,,,synthetic,DNS_PROBLEM
,media.example,https://media.example/,6,0.0,0.0,0.0,1150.201,0.201,1150.402,2115,503.0,warm,1,0,HTTP,,synthetic,HTTP_PROBLEM
,legacy.example,https://legacy.example/,6,0.0,41.597,112.046,197.87,31.353,382.866,309062,200.0,warm,0,1,,,synthetic,NORMAL
,cdn-near.example,https://cdn-near.example/,12,15.233,16.586,19.604,26.32,6.312,84.055,80216,200.0,cold,0,1,,,synthetic,CONNECT_PROBLEM
,cdn-far.example,https://cdn-far.example/,6,15.725,0.0,0.0,40.281,25.121,81.127,236252,200.0,cold,1,1,,,synthetic,NORMAL
,cdn-far.example,https://cdn-far.example/,11,18.059,115.576,198.626,39.127,10.023,381.412,122195,200.0,cold,0,1,,,synthetic,NORMAL
,api.example,https://api.example/,0,36.569,6764.266,0.0,0.0,0.0,6800.835,0,,cold,0,0,CONNECT,,synthetic,CONNECT_PROBLEM
,api.example,https://api.example/,17,0.0,177.25,42.118,73.716,7.308,300.392,41267,200.0,warm,0,1,,,synthetic,CONNECT_PROBLEM
,shop.example,https://shop.example/,13,170.253,31.945,55.711,331.306,70.242,659.457,507510,200.0,cold,0,1,,,synthetic,DNS_PROBLEM
,legacy.example,https://legacy.example/,13,49.376,65.934,71.565,469.322,33.981,690.178,316415,200.0,cold,0,1,,,synthetic,NORMAL
,api.example,https://api.example/,17,16.92,439.581,72.321,164.249,3.712,696.783,28680,200.0,cold,0,1,,,synthetic,CONNECT_PROBLEM
,cdn-near.example,https://cdn-near.example/,0,0.0,6.05,177.775,30.586,7.456,221.866,103627,200.0,warm,0,1,,,synthetic,TLS_PROBLEM
,cdn-near.example,https://cdn-near.example/,10,0.0,56.709,17.324,63.981,13.295,151.308,63819,200.0,warm,0,1,,,synthetic,CONNECT_PROBLEM
,api.example,https://api.example/,4,7.356,27.94,1957.297,0.0,0.0,1992.593,0,,cold,0,0,TLS,,synthetic,TLS_PROBLEM
,shop.example,https://shop.example/,17,108.601,27.922,125.059,164.326,21.774,447.682,143408,200.0,cold,0,1,,,synthetic,DNS_PROBLEM
,shop.example,https://shop.example/,23,25.632,49.366,1607.674,238.044,224.202,2144.917,1555774,200.0,cold,0,1,,,synthetic,TLS_PROBLEM
,cdn-far.example,https://cdn-far.example/,2,31.023,54.013,169.755,86.59,15.681,357.062,180734,200.0,cold,0,1,,,synthetic,NORMAL
,cdn-near.example,https://cdn-near.example/,14,11.4,0.0,0.0,35.422,11.625,58.447,70636,200.0,cold,1,1,,,synthetic,NORMAL
,api.example,https://api.example/,16,0.0,15.47,56.297,74.514,1.906,148.188,20634,200.0,warm,0,1,,,synthetic,NORMAL
,cdn-far.example,https://cdn-far.example/,23,0.0,69.701,312.094,85.051,15.416,482.262,150450,200.0,warm,0,1,,,synthetic,NORMAL
,legacy.example,https://legacy.example/,8,0.0,103.91,1124.27,767.642,87.709,2083.53,406851,200.0,warm,0,1,,,synthetic,TLS_PROBLEM
,cdn-far.example,https://cdn-far.example/,10,547.927,66.921,115.986,40.71,5.589,777.132,71954,200.0,cold,0,1,,,synthetic,DNS_PROBLEM
,cdn-far.example,https://cdn-far.example/,0,0.0,164.221,867.355,85.797,9.645,1127.018,128265,200.0,warm,0,1,,,synthetic,TLS_PROBLEM
,shop.example,https://shop.example/,2,34.531,24.215,67.256,177.614,38.347,341.964,246414,200.0,cold,0,1,,,synthetic,NORMAL
,cdn-near.example,https://cdn-near.example/,14,5186.65,0.0,0.0,0.0,0.0,5186.65,0,,cold,0,0,DNS,,synthetic,DNS_PROBLEM
,cdn-far.example,https://cdn-far.example/,8,93.684,82.445,135.107,118.196,23.611,453.043,134303,200.0,cold,0,1,,,synthetic,DNS_PROBLEM
,cdn-near.example,https://cdn-near.example/,2,105.831,13.061,75.577,78.776,32.043,305.288,148785,200.0,cold,0,1,,,synthetic,DNS_PROBLEM
,api.example,https://api.example/,7,15.732,22.877,78.985,108.896,3.827,230.317,33400,200.0,cold,0,1,,,synthetic,NORMAL
,api.example,https://api.example/,3,0.0,42.641,63.875,107.823,1.334,215.673,20111,200.0,warm,0,1,,,synthetic,NORMAL
,cdn-near.example,https://cdn-near.example/,16,9.905,0.0,0.0,449.456,5.818,465.18,96988,200.0,cold,1,1,,,synthetic,HTTP_PROBLEM
,media.example,https://media.example/,12,37.835,85.17,105.25,1062.476,0.34,1291.071,2612,503.0,cold,0,0,HTTP,,synthetic,HTTP_PROBLEM
,api.example,https://api.example/,3,5466.713,0.0,0.0,0.0,0.0,5466.713,0,,cold,0,0,DNS,,synthetic,DNS_PROBLEM
,cdn-far.example,https://cdn-far.example/,5,25.231,114.7,188.777,73.508,16.057,418.273,157370,200.0,cold,0,1,,,synthetic,NORMAL
,api.example,https://api.example/,9,0.0,16.64,57.636,117.348,1.03,192.654,8534,200.0,warm,0,1,,,synthetic,NORMAL
,legacy.example,https://legacy.example/,20,56.179,738.731,173.764,226.608,91.695,1286.977,377354,200.0,cold,0,1,,,synthetic,CONNECT_PROBLEM
,api.example,https://api.example/,23,15.467,0.0,0.0,241.002,4.078,260.547,22756,200.0,cold,1,1,,,synthetic,NORMAL
,legacy.example,https://legacy.example/,12,41.581,0.0,0.0,475.505,43.548,560.634,461554,200.0,cold,1,1,,,synthetic,NORMAL
,media.example,https://media.example/,16,4898.297,0.0,0.0,0.0,0.0,4898.297,0,,cold,0,0,DNS,,synthetic,DNS_PROBLEM
,legacy.example,https://legacy.example/,7,27.256,133.538,128.04,956.932,0.217,1245.983,1050,502.0,cold,0,0,HTTP,,synthetic,HTTP_PROBLEM
,cdn-far.example,https://cdn-far.example/,2,70.455,80.767,257.304,58.392,26.856,493.773,167608,200.0,cold,0,1,,,synthetic,DNS_PROBLEM
,legacy.example,https://legacy.example/,22,0.0,0.0,0.0,256.091,91.971,348.062,364890,200.0,warm,1,1,,,synthetic,NORMAL
,shop.example,https://shop.example/,6,132.775,22.783,47.335,125.376,65.6,393.868,728459,200.0,cold,0,1,,,synthetic,DNS_PROBLEM
,cdn-near.example,https://cdn-near.example/,19,0.0,13.246,33.326,302.445,25.378,374.394,144825,200.0,warm,0,1,,,synthetic,HTTP_PROBLEM
,shop.example,https://shop.example/,5,0.0,28.964,53.051,554.392,21.728,658.136,237146,200.0,warm,0,1,,,synthetic,NORMAL
,cdn-near.example,https://cdn-near.example/,7,9.33,10.153,24.564,31.674,7.991,83.712,87170,200.0,cold,0,1,,,synthetic,NORMAL
,cdn-far.example,https://cdn-far.example/,22,0.0,150.237,372.239,124.304,40.464,687.244,81802,200.0,warm,0,1,,,synthetic,NORMAL
,cdn-far.example,https://cdn-far.example/,22,0.0,164.751,297.23,720.691,40.218,1222.89,182902,200.0,warm,0,1,,,synthetic,HTTP_PROBLEM
,cdn-far.example,https://cdn-far.example/,17,42.202,64.978,306.327,40.655,31.462,485.624,232181,200.0,cold,0,1,,,synthetic,NORMAL
,cdn-near.example,https://cdn-near.example/,8,0.0,0.0,0.0,76.699,36.418,113.117,161698,200.0,warm,1,1,,,synthetic,NORMAL
,cdn-near.example,https://cdn-near.example/,20,149.787,11.034,37.537,62.128,34.899,295.384,101792,200.0,cold,0,1,,,synthetic,DNS_PROBLEM
,api.example,https://api.example/,15,16.628,125.935,38.744,98.829,1.629,281.765,11971,200.0,cold,0,1,,,synthetic,CONNECT_PROBLEM
,cdn-near.example,https://cdn-near.example/,0,0.0,7.606,43.153,355.358,25.396,431.513,119867,200.0,warm,0,1,,,synthetic,HTTP_PROBLEM
,cdn-far.example,https://cdn-far.example/,18,42.239,127.554,252.573,88.54,21.889,532.794,138403,200.0,cold,0,1,,,synthetic,NORMAL
,legacy.example,https://legacy.example/,13,0.0,83.306,192.995,4950.116,20.18,5246.598,209290,200.0,warm,0,1,,,synthetic,HTTP_PROBLEM
,shop.example,https://shop.example/,17,54.782,67.468,108.987,188.134,47.953,467.325,510041,200.0,cold,0,1,,,synthetic,DNS_PROBLEM
,cdn-near.example,https://cdn-near.example/,22,5458.309,0.0,0.0,0.0,0.0,5458.309,0,,cold,0,0,DNS,,synthetic,DNS_PROBLEM
,cdn-near.example,https://cdn-near.example/,1,10.064,7.951,37.452,51.922,20.666,128.054,154001,200.0,cold,0,1,,,synthetic,NORMAL
,legacy.example,https://legacy.example/,3,0.0,35.546,184.364,425.041,37.021,681.972,482440,200.0,warm,0,1,,,synthetic,NORMAL
,api.example,https://api.example/,2,10.913,0.0,0.0,96.58,2.745,110.238,29530,200.0,cold,1,1,,,synthetic,NORMAL
,media.example,https://media.example/,10,15.049,51.28,164.663,678.085,87.558,996.635,937293,200.0,cold,0,1,,,synthetic,HTTP_PROBLEM
,legacy.example,https://legacy.example/,19,33.8,123.954,3013.209,0.0,0.0,3170.962,0,,cold,0,0,TLS,,synthetic,TLS_PROBLEM
,shop.example,https://shop.example/,19,25.536,0.0,0.0,483.431,50.377,559.344,540807,200.0,cold,1,1,,,synthetic,NORMAL
,api.example,https://api.example/,14,13.767,27.579,79.012,66.641,2.888,189.886,24954,200.0,cold,0,1,,,synthetic,NORMAL
,legacy.example,https://legacy.example/,9,0.0,0.0,0.0,401.112,57.822,458.935,445689,200.0,warm,1,1,,,synthetic,NORMAL
,api.example,https://api.example/,10,0.0,15.152,59.856,773.715,3.66,852.382,28819,200.0,warm,0,1,,,synthetic,HTTP_PROBLEM
,api.example,https://api.example/,1,11.309,22.878,114.576,150.658,2.975,302.396,29479,200.0,cold,0,1,,,synthetic,TLS_PROBLEM
,media.example,https://media.example/,6,0.0,144.716,126.491,194.539,284.521,750.267,1510157,200.0,warm,0,1,,,synthetic,NORMAL
,legacy.example,https://legacy.example/,3,0.0,47.922,103.2,200.253,31.942,383.317,255979,200.0,warm,0,1,,,synthetic,NORMAL
,api.example,https://api.example/,4,6276.82,0.0,0.0,0.0,0.0,6276.82,0,,cold,0,0,DNS,,synthetic,DNS_PROBLEM
,shop.example,https://shop.example/,11,0.0,5596.018,0.0,0.0,0.0,5596.018,0,,warm,0,0,CONNECT,,synthetic,CONNECT_PROBLEM
,media.example,https://media.example/,23,0.0,42.419,112.241,3190.838,122.652,3468.149,807585,200.0,warm,0,1,,,synthetic,HTTP_PROBLEM
,api.example,https://api.example/,18,0.0,570.019,77.975,153.469,4.486,805.949,21285,200.0,warm,0,1,,,synthetic,CONNECT_PROBLEM
,media.example,https://media.example/,1,16.094,37.507,771.284,94.721,134.586,1054.192,1411749,200.0,cold,0,1,,,synthetic,TLS_PROBLEM
,media.example,https://media.example/,0,0.0,0.0,0.0,947.906,0.22,948.127,2111,502.0,warm,1,0,HTTP,,synthetic,HTTP_PROBLEM
,media.example,https://media.example/,17,38.1,25.607,314.674,82.622,90.104,551.107,1333857,200.0,cold,0,1,,,synthetic,TLS_PROBLEM
,shop.example,https://shop.example/,8,0.0,63.53,184.259,293.382,59.321,600.492,412320,200.0,warm,0,1,,,synthetic,NORMAL
,media.example,https://media.example/,16,3905.987,0.0,0.0,0.0,0.0,3905.987,0,,cold,0,0,DNS,,synthetic,DNS_PROBLEM
,cdn-near.example,https://cdn-near.example/,1,0.0,0.0,0.0,50.803,10.633,61.436,96336,200.0,warm,1,1,,,synthetic,NORMAL
,cdn-far.example,https://cdn-far.example/,15,15.302,1210.628,348.481,63.119,20.998,1658.528,102667,200.0,cold,0,1,,,synthetic,CONNECT_PROBLEM
,shop.example,https://shop.example/,14,14.621,0.0,0.0,836.574,72.071,923.267,713653,200.0,cold,1,1,,,synthetic,HTTP_PROBLEM
,shop.example,https://shop.example/,21,0.0,0.0,0.0,573.008,43.023,616.032,289123,200.0,warm,1,1,,,synthetic,NORMAL
,cdn-near.example,https://cdn-near.example/,6,6.485,3.953,30.026,28.268,4.496,73.228,33179,200.0,cold,0,1,,,synthetic,NORMAL
,legacy.example,https://legacy.example/,11,0.0,52.476,148.882,298.407,60.339,560.104,402195,200.0,warm,0,1,,,synthetic,NORMAL
,cdn-far.example,https://cdn-far.example/,16,0.0,973.177,210.025,57.331,25.953,1266.486,92804,200.0,warm,0,1,,,synthetic,CONNECT_PROBLEM
,media.example,https://media.example/,23,0.0,82.922,1916.522,114.352,457.906,2571.702,3554687,200.0,warm,0,1,,,synthetic,TLS_PROBLEM
,api.example,https://api.example/,10,12.637,24.513,79.064,95.983,4.497,216.695,39777,200.0,cold,0,1,,,synthetic,NORMAL
,media.example,https://media.example/,0,34.175,20.98,66.949,740.255,272.461,1134.821,2962541,200.0,cold,0,1,,,synthetic,HTTP_PROBLEM
,cdn-near.example,https://cdn-near.example/,13,0.0,5.355,368.653,28.45,22.881,425.338,229201,200.0,warm,0,1,,,synthetic,TLS_PROBLEM
,api.example,https://api.example/,22,10.6,42.234,340.568,74.573,2.193,470.167,20186,200.0,cold,0,1,,,synthetic,TLS_PROBLEM
,cdn-far.example,https://cdn-far.example/,12,0.0,0.0,0.0,55.65,6.069,61.718,97929,200.0,warm,1,1,,,synthetic,NORMAL
,media.example,https://media.example/,21,0.0,85.139,193.519,255.816,109.354,643.828,790623,200.0,warm,0,1,,,synthetic,NORMAL
,cdn-near.example,https://cdn-near.example/,0,13.175,14.975,34.553,72.469,15.341,150.513,80502,200.0,cold,0,1,,,synthetic,NORMAL
,media.example,https://media.example/,17,3259.069,0.0,0.0,0.0,0.0,3259.069,0,,cold,0,0,DNS,,synthetic,DNS_PROBLEM
,cdn-near.example,https://cdn-near.example/,12,0.0,0.0,0.0,46.06,7.956,54.016,89429,200.0,warm,1,1,,,synthetic,NORMAL
,legacy.example,https://legacy.example/,19,51.462,61.037,149.807,327.463,26.789,616.557,263098,200.0,cold,0,1,,,synthetic,NORMAL
,media.example,https://media.example/,0,14.55,31.01,94.107,632.051,201.858,973.576,937238,200.0,cold,0,1,,,synthetic,HTTP_PROBLEM
,media.example,https://media.example/,4,0.0,58.6,268.877,809.885,173.04,1310.401,2574391,200.0,warm,0,1,,,synthetic,HTTP_PROBLEM
,legacy.example,https://legacy.example/,1,0.0,549.13,196.509,554.632,43.492,1343.763,305499,200.0,warm,0,1,,,synthetic,CONNECT_PROBLEM
,api.example,https://api.example/,14,0.0,20.476,932.81,98.782,4.668,1056.736,42907,200.0,warm,0,1,,,synthetic,TLS_PROBLEM
,cdn-far.example,https://cdn-far.example/,18,0.0,137.57,378.177,66.888,14.52,597.155,187839,200.0,warm,0,1,,,synthetic,NORMAL
,cdn-far.example,https://cdn-far.example/,15,0.0,43.319,150.23,46.179,25.458,265.185,222851,200.0,warm,0,1,,,synthetic,NORMAL
,cdn-near.example,https://cdn-near.example/,3,0.0,4.015,33.698,60.619,29.198,127.53,170926,200.0,warm,0,1,,,synthetic,NORMAL
,media.example,https://media.example/,2,224.852,26.293,121.978,148.924,1317.014,1839.06,4603790,200.0,cold,0,1,,,synthetic,DNS_PROBLEM
,legacy.example,https://legacy.example/,9,0.0,0.0,0.0,5619.282,50.386,5669.668,229950,200.0,warm,1,1,,,synthetic,HTTP_PROBLEM
,cdn-near.example,https://cdn-near.example/,21,0.0,12.006,58.043,46.81,10.552,127.412,66522,200.0,warm,0,1,,,synthetic,NORMAL
,legacy.example,https://legacy.example/,15,0.0,0.0,0.0,543.494,19.495,562.989,273680,200.0,warm,1,1,,,synthetic,NORMAL
,legacy.example,https://legacy.example/,11,31.539,36.722,237.11,398.736,25.843,729.949,216447,200.0,cold,0,1,,,synthetic,NORMAL
,shop.example,https://shop.example/,5,17.775,48.108,4005.815,0.0,0.0,4071.698,0,,cold,0,0,TLS,,synthetic,TLS_PROBLEM
,api.example,https://api.example/,7,0.0,229.135,76.793,59.547,16.921,382.396,70551,200.0,warm,0,1,,,synthetic,CONNECT_PROBLEM
,cdn-far.example,https://cdn-far.example/,18,24.116,128.658,350.584,98.68,24.839,626.878,157243,200.0,cold,0,1,,,synthetic,NORMAL
,cdn-near.example,https://cdn-near.example/,0,11.914,0.0,0.0,356.3,7.228,375.442,110903,200.0,cold,1,1,,,synthetic,HTTP_PROBLEM
,api.example,https://api.example/,5,0.0,615.247,55.901,127.767,5.919,804.834,21332,200.0,warm,0,1,,,synthetic,CONNECT_PROBLEM
,cdn-near.example,https://cdn-near.example/,10,11.962,8.804,204.562,68.721,20.989,315.039,190959,200.0,cold,0,1,,,synthetic,TLS_PROBLEM
,shop.example,https://shop.example/,17,0.0,0.0,0.0,3675.05,47.393,3722.443,403417,200.0,warm,1,1,,,synthetic,HTTP_PROBLEM
,legacy.example,https://legacy.example/,7,0.0,255.063,154.633,281.886,64.638,756.22,329182,200.0,warm,0,1,,,synthetic,CONNECT_PROBLEM
,legacy.example,https://legacy.example/,10,38.808,71.976,1321.169,352.633,33.662,1818.248,258951,200.0,cold,0,1,,,synthetic,TLS_PROBLEM
,cdn-near.example,https://cdn-near.example/,16,10.348,9.492,58.531,56.896,3.125,138.392,38997,200.0,cold,0,1,,,synthetic,NORMAL
,api.example,https://api.example/,7,6419.795,0.0,0.0,0.0,0.0,6419.795,0,,cold,0,0,DNS,,synthetic,DNS_PROBLEM
,shop.example,https://shop.example/,12,0.0,34.283,99.702,205.545,29.843,369.373,253413,200.0,warm,0,1,,,synthetic,NORMAL
,shop.example,https://shop.example/,2,0.0,41.328,162.523,173.364,65.378,442.592,548041,200.0,warm,0,1,,,synthetic,NORMAL
,legacy.example,https://legacy.example/,21,0.0,6546.163,0.0,0.0,0.0,6546.163,0,,warm,0,0,CONNECT,,synthetic,CONNECT_PROBLEM
,cdn-near.example,https://cdn-near.example/,2,0.0,18.562,38.327,48.693,7.636,113.218,60520,200.0,warm,0,1,,,synthetic,NORMAL
,media.example,https://media.example/,23,0.0,284.364,355.487,83.068,1490.847,2213.766,5199931,200.0,warm,0,1,,,synthetic,CONNECT_PROBLEM
,cdn-far.example,https://cdn-far.example/,4,0.0,116.486,288.852,65.456,29.902,500.697,210217,200.0,warm,0,1,,,synthetic,NORMAL
,cdn-far.example,https://cdn-far.example/,1,131.507,73.605,83.36,44.203,11.249,343.923,122927,200.0,cold,0,1,,,synthetic,DNS_PROBLEM
,legacy.example,https://legacy.example/,13,33.181,127.868,177.011,302.252,15.289,655.601,187508,200.0,cold,0,1,,,synthetic,NORMAL
,legacy.example,https://legacy.example/,21,4427.225,0.0,0.0,0.0,0.0,4427.225,0,,cold,0,0,DNS,,synthetic,DNS_PROBLEM
,media.example,https://media.example/,21,270.73,103.736,113.75,180.245,411.702,1080.161,1892106,200.0,cold,0,1,,,synthetic,DNS_PROBLEM
,media.example,https://media.example/,2,0.0,45.823,141.307,95.266,99.505,381.902,1690248,200.0,warm,0,1,,,synthetic,NORMAL
,legacy.example,https://legacy.example/,23,0.0,176.741,1324.29,696.86,77.9,2275.791,310865,200.0,warm,0,1,,,synthetic,TLS_PROBLEM
,api.example,https://api.example/,7,11.425,14.425,48.448,231.846,2.116,308.26,22732,200.0,cold,0,1,,,synthetic,NORMAL
,cdn-near.example,https://cdn-near.example/,20,0.0,4605.151,0.0,0.0,0.0,4605.151,0,,warm,0,0,CONNECT,,synthetic,CONNECT_PROBLEM
,legacy.example,https://legacy.example/,14,0.0,45.917,571.429,372.739,11.463,1001.548,190182,200.0,warm,0,1,,,synthetic,TLS_PROBLEM
,cdn-near.example,https://cdn-near.example/,15,187.475,5.687,34.406,34.724,7.339,269.631,83572,200.0,cold,0,1,,,synthetic,DNS_PROBLEM
,cdn-far.example,https://cdn-far.example/,4,0.0,1103.035,184.785,89.024,41.631,1418.475,219242,200.0,warm,0,1,,,synthetic,CONNECT_PROBLEM
,cdn-far.example,https://cdn-far.example/,5,10.665,178.219,128.292,321.223,14.384,652.783,176269,200.0,cold,0,1,,,synthetic,HTTP_PROBLEM
,api.example,https://api.example/,3,0.0,35.876,1195.632,154.007,1.278,1386.793,5261,200.0,warm,0,1,,,synthetic,TLS_PROBLEM
,api.example,https://api.example/,9,9.755,39.762,123.568,120.468,12.695,306.248,35618,200.0,cold,0,1,,,synthetic,NORMAL
,media.example,https://media.example/,2,11.755,50.172,76.876,1074.832,0.264,1213.899,3750,502.0,cold,0,0,HTTP,,synthetic,HTTP_PROBLEM
,api.example,https://api.example/,18,0.0,14.52,147.792,54.902,1.025,218.239,7527,200.0,warm,0,1,,,synthetic,TLS_PROBLEM
,media.example,https://media.example/,11,0.0,46.808,104.314,112.952,222.295,486.369,1704633,200.0,warm,0,1,,,synthetic,NORMAL
,legacy.example,https://legacy.example/,12,798.463,70.364,95.86,204.805,87.725,1257.217,692146,200.0,cold,0,1,,,synthetic,DNS_PROBLEM
,cdn-near.example,https://cdn-near.example/,9,4.924,72.741,45.277,79.931,44.732,247.605,97514,200.0,cold,0,1,,,synthetic,CONNECT_PROBLEM
,cdn-far.example,https://cdn-far.example/,15,38.994,636.163,174.279,78.718,17.51,945.665,135370,200.0,cold,0,1,,,synthetic,CONNECT_PROBLEM
,cdn-far.example,https://cdn-far.example/,12,0.0,98.537,194.516,64.885,25.505,383.444,287188,200.0,warm,0,1,,,synthetic,NORMAL
,cdn-far.example,https://cdn-far.example/,3,28.086,97.584,199.285,54.594,7.018,386.567,96715,200.0,cold,0,1,,,synthetic,NORMAL
,cdn-near.example,https://cdn-near.example/,4,0.0,5.486,31.395,34.068,19.543,90.492,110610,200.0,warm,0,1,,,synthetic,NORMAL
,cdn-near.example,https://cdn-near.example/,14,12.266,0.0,0.0,945.512,0.183,957.961,1949,503.0,cold,1,0,HTTP,,synthetic,HTTP_PROBLEM
,shop.example,https://shop.example/,1,30.009,0.0,0.0,1003.988,21.855,1055.852,271499,200.0,cold,1,1,,,synthetic,HTTP_PROBLEM
,legacy.example,https://legacy.example/,14,0.0,131.444,171.874,332.58,8.889,644.787,133335,200.0,warm,0,1,,,synthetic,NORMAL
,cdn-far.example,https://cdn-far.example/,18,19.759,71.233,159.129,76.466,14.972,341.56,192823,200.0,cold,0,1,,,synthetic,NORMAL
,media.example,https://media.example/,12,18.326,36.909,67.304,162.618,222.463,507.62,3636385,200.0,cold,0,1,,,synthetic,NORMAL
,cdn-far.example,https://cdn-far.example/,11,0.0,94.592,252.01,636.424,0.161,983.188,2553,503.0,warm,0,0,HTTP,,synthetic,HTTP_PROBLEM
,cdn-far.example,https://cdn-far.example/,13,0.0,77.034,246.267,65.925,29.38,418.608,245884,200.0,warm,0,1,,,synthetic,NORMAL
,cdn-far.example,https://cdn-far.example/,17,0.0,89.237,3474.217,0.0,0.0,3563.454,0,,warm,0,0,TLS,,synthetic,TLS_PROBLEM
,legacy.example,https://legacy.example/,16,0.0,92.11,123.832,1939.276,0.23,2155.448,2425,500.0,warm,0,0,HTTP,,synthetic,HTTP_PROBLEM
,cdn-near.example,https://cdn-near.example/,12,0.0,9.764,114.505,40.008,13.931,178.209,98152,200.0,warm,0,1,,,synthetic,TLS_PROBLEM
,legacy.example,https://legacy.example/,15,0.0,814.295,292.831,320.274,65.785,1493.185,298960,200.0,warm,0,1,,,synthetic,CONNECT_PROBLEM
,api.example,https://api.example/,1,0.0,11.809,56.625,98.343,2.969,169.745,25493,200.0,warm,0,1,,,synthetic,NORMAL
,legacy.example,https://legacy.example/,15,26.075,0.0,0.0,2605.571,79.721,2711.366,426933,200.0,cold,1,1,,,synthetic,HTTP_PROBLEM
,media.example,https://media.example/,15,166.665,70.602,119.603,143.95,103.725,604.544,603450,200.0,cold,0,1,,,synthetic,DNS_PROBLEM
,cdn-far.example,https://cdn-far.example/,20,0.0,0.0,0.0,53.805,37.881,91.686,201402,200.0,warm,1,1,,,synthetic,NORMAL
,media.example,https://media.example/,13,0.0,0.0,0.0,187.783,159.662,347.446,601808,200.0,warm,1,1,,,synthetic,NORMAL
,shop.example,https://shop.example/,19,0.0,0.0,0.0,321.495,80.14,401.634,356797,200.0,warm,1,1,,,synthetic,NORMAL
,cdn-near.example,https://cdn-near.example/,10,11.853,0.0,0.0,39.859,15.888,67.601,122585,200.0,cold,1,1,,,synthetic,NORMAL
,shop.example,https://shop.example/,15,24.431,27.12,93.035,195.638,56.128,396.353,532014,200.0,cold,0,1,,,synthetic,NORMAL
,cdn-near.example,https://cdn-near.example/,4,6.984,6.832,149.971,82.844,9.811,256.441,77525,200.0,cold,0,1,,,synthetic,TLS_PROBLEM
,legacy.example,https://legacy.example/,10,0.0,0.0,0.0,241.642,118.848,360.489,569802,200.0,warm,1,1,,,synthetic,NORMAL
,cdn-far.example,https://cdn-far.example/,1,0.0,0.0,0.0,85.826,14.536,100.362,217609,200.0,warm,1,1,,,synthetic,NORMAL
,legacy.example,https://legacy.example/,6,25.143,37.248,130.783,1670.364,20.598,1884.134,225063,200.0,cold,0,1,,,synthetic,HTTP_PROBLEM
,legacy.example,https://legacy.example/,18,0.0,64.616,710.476,261.769,22.358,1059.219,233256,200.0,warm,0,1,,,synthetic,TLS_PROBLEM
,media.example,https://media.example/,18,18.689,27.579,82.075,58.613,95.044,282.0,1094797,200.0,cold,0,1,,,synthetic,NORMAL
,shop.example,https://shop.example/,4,50.477,33.57,62.896,149.549,61.469,357.961,942143,200.0,cold,0,1,,,synthetic,DNS_PROBLEM
,api.example,https://api.example/,3,0.0,18.468,46.334,37.326,3.677,105.805,33618,200.0,warm,0,1,,,synthetic,NORMAL
,media.example,https://media.example/,18,23.302,26.204,2335.443,0.0,0.0,2384.949,0,,cold,0,0,TLS,,synthetic,TLS_PROBLEM
,cdn-far.example,https://cdn-far.example/,21,0.0,850.426,355.998,77.466,39.142,1323.032,279826,200.0,warm,0,1,,,synthetic,CONNECT_PROBLEM
,cdn-near.example,https://cdn-near.example/,8,0.0,7.975,46.386,31.599,9.508,95.467,52590,200.0,warm,0,1,,,synthetic,NORMAL
,cdn-near.example,https://cdn-near.example/,18,4.944,0.0,0.0,27.914,12.833,45.691,174328,200.0,cold,1,1,,,synthetic,NORMAL
,api.example,https://api.example/,12,0.0,22.983,559.839,103.399,1.446,687.667,14476,200.0,warm,0,1,,,synthetic,TLS_PROBLEM
,api.example,https://api.example/,11,0.0,0.0,0.0,80.283,4.345,84.629,32550,200.0,warm,1,1,,,synthetic,NORMAL
,cdn-far.example,https://cdn-far.example/,20,19.171,151.476,365.245,793.019,0.426,1329.338,2699,503.0,cold,0,0,HTTP,,synthetic,HTTP_PROBLEM
,api.example,https://api.example/,2,0.0,21.139,461.627,63.153,8.254,554.173,83485,200.0,warm,0,1,,,synthetic,TLS_PROBLEM
,cdn-near.example,https://cdn-near.example/,22,10.521,154.872,75.822,77.598,10.0,328.812,33061,200.0,cold,0,1,,,synthetic,CONNECT_PROBLEM
,media.example,https://media.example/,15,321.746,39.11,80.021,84.558,163.722,689.158,1479186,200.0,cold,0,1,,,synthetic,DNS_PROBLEM
,legacy.example,https://legacy.example/,12,0.0,484.471,84.374,445.102,22.821,1036.767,184854,200.0,warm,0,1,,,synthetic,CONNECT_PROBLEM
,api.example,https://api.example/,0,75.402,25.972,56.314,43.279,4.319,205.287,21056,200.0,cold,0,1,,,synthetic,DNS_PROBLEM
,media.example,https://media.example/,13,30.493,23.312,181.946,70.889,168.077,474.717,1248624,200.0,cold,0,1,,,synthetic,NORMAL
,cdn-far.example,https://cdn-far.example/,20,0.0,154.594,317.016,53.51,18.163,543.284,156881,200.0,warm,0,1,,,synthetic,NORMAL
,api.example,https://api.example/,11,152.012,19.334,46.687,77.66,5.624,301.317,39630,200.0,cold,0,1,,,synthetic,DNS_PROBLEM
,cdn-near.example,https://cdn-near.example/,22,0.0,0.0,0.0,54.511,11.292,65.803,120857,200.0,warm,1,1,,,synthetic,NORMAL
,api.example,https://api.example/,17,0.0,0.0,0.0,2747.371,1.575,2748.947,16397,200.0,warm,1,1,,,synthetic,HTTP_PROBLEM
,media.example,https://media.example/,1,21.947,55.429,192.316,106.077,118.215,493.985,1254288,200.0,cold,0,1,,,synthetic,NORMAL
,legacy.example,https://legacy.example/,23,50.365,161.224,210.637,4318.354,26.458,4767.038,216666,200.0,cold,0,1,,,synthetic,HTTP_PROBLEM
,api.example,https://api.example/,2,10.064,0.0,0.0,74.992,1.489,86.544,15214,200.0,cold,1,1,,,synthetic,NORMAL
,shop.example,https://shop.example/,16,14.815,51.747,108.701,357.812,164.494,697.568,872093,200.0,cold,0,1,,,synthetic,NORMAL
,legacy.example,https://legacy.example/,13,0.0,96.686,116.017,254.37,46.808,513.882,303169,200.0,warm,0,1,,,synthetic,NORMAL
,media.example,https://media.example/,15,15.038,49.567,53.412,122.772,239.676,480.464,2520361,200.0,cold,0,1,,,synthetic,NORMAL
,media.example,https://media.example/,7,0.0,93.304,111.011,1038.61,138.965,1381.89,1209685,200.0,warm,0,1,,,synthetic,HTTP_PROBLEM
,legacy.example,https://legacy.example/,12,5630.527,0.0,0.0,0.0,0.0,5630.527,0,,cold,0,0,DNS,,synthetic,DNS_PROBLEM
,cdn-far.example,https://cdn-far.example/,13,18.886,93.265,100.279,57.024,13.295,282.748,165254,200.0,cold,0,1,,,synthetic,NORMAL
,cdn-far.example,https://cdn-far.example/,7,0.0,459.321,209.483,76.65,42.644,788.099,376010,200.0,warm,0,1,,,synthetic,CONNECT_PROBLEM
,cdn-far.example,https://cdn-far.example/,6,0.0,102.247,226.699,67.028,16.757,412.732,183150,200.0,warm,0,1,,,synthetic,NORMAL
,shop.example,https://shop.example/,14,13.421,45.269,112.123,183.471,41.113,395.396,396340,200.0,cold,0,1,,,synthetic,NORMAL
,media.example,https://media.example/,6,8.284,0.0,0.0,75.317,118.822,202.423,870841,200.0,cold,1,1,,,synthetic,NORMAL
,api.example,https://api.example/,13,34.988,31.615,75.692,96.262,2.79,241.347,20028,200.0,cold,0,1,,,synthetic,NORMAL
,media.example,https://media.example/,21,15.777,88.091,139.237,29.149,137.595,409.849,1316121,200.0,cold,0,1,,,synthetic,NORMAL
,shop.example,https://shop.example/,6,14.358,46.977,159.648,264.018,86.127,571.127,560890,200.0,cold,0,1,,,synthetic,NORMAL
,legacy.example,https://legacy.example/,14,0.0,77.828,172.91,188.04,29.868,468.645,199928,200.0,warm,0,1,,,synthetic,NORMAL
,cdn-near.example,https://cdn-near.example/,10,9.243,23.235,37.071,69.202,14.666,153.417,62382,200.0,cold,0,1,,,synthetic,NORMAL
,media.example,https://media.example/,1,0.0,0.0,0.0,62.484,78.747,141.231,852608,200.0,warm,1,1,,,synthetic,NORMAL
,api.example,https://api.example/,4,11.938,40.339,52.9,99.804,1.398,206.378,16912,200.0,cold,0,1,,,synthetic,NORMAL
,cdn-near.example,https://cdn-near.example/,23,224.94,9.552,42.29,48.519,6.197,331.497,38721,200.0,cold,0,1,,,synthetic,DNS_PROBLEM
,media.example,https://media.example/,5,20.072,44.281,1045.588,65.111,135.145,1310.197,1435760,200.0,cold,0,1,,,synthetic,TLS_PROBLEM
,shop.example,https://shop.example/,3,3665.009,0.0,0.0,0.0,0.0,3665.009,0,,cold,0,0,DNS,,synthetic,DNS_PROBLEM
,legacy.example,https://legacy.example/,8,0.0,132.108,199.881,625.436,18.656,976.081,190363,200.0,warm,0,1,,,synthetic,NORMAL
,cdn-far.example,https://cdn-far.example/,11,16.322,118.566,141.334,70.574,20.117,366.912,195668,200.0,cold,0,1,,,synthetic,NORMAL
,media.example,https://media.example/,2,0.0,0.0,0.0,40.537,238.105,278.641,1732795,200.0,warm,1,1,,,synthetic,NORMAL
,api.example,https://api.example/,13,0.0,7577.872,0.0,0.0,0.0,7577.872,0,,warm,0,0,CONNECT,,synthetic,CONNECT_PROBLEM
,api.example,https://api.example/,5,12.745,13.298,58.297,87.33,4.098,175.768,28048,200.0,cold,0,1,,,synthetic,NORMAL
,shop.example,https://shop.example/,3,10.767,34.069,92.715,322.046,68.042,527.639,374043,200.0,cold,0,1,,,synthetic,NORMAL
,legacy.example,https://legacy.example/,15,0.0,0.0,0.0,275.789,23.127,298.916,257716,200.0,warm,1,1,,,synthetic,NORMAL
,media.example,https://media.example/,10,0.0,360.637,77.881,56.958,180.619,676.094,1762329,200.0,warm,0,1,,,synthetic,CONNECT_PROBLEM
,legacy.example,https://legacy.example/,23,0.0,170.982,199.264,803.717,137.811,1311.775,481921,200.0,warm,0,1,,,synthetic,NORMAL
,cdn-near.example,https://cdn-near.example/,14,9.376,5.454,25.541,117.556,6.936,164.862,41687,200.0,cold,0,1,,,synthetic,NORMAL
,cdn-near.example,https://cdn-near.example/,18,100.968,9.754,42.341,64.452,10.738,228.253,82808,200.0,cold,0,1,,,synthetic,DNS_PROBLEM
,cdn-far.example,https://cdn-far.example/,15,0.0,961.932,194.449,41.666,10.675,1208.721,110087,200.0,warm,0,1,,,synthetic,CONNECT_PROBLEM
,cdn-far.example,https://cdn-far.example/,7,0.0,685.568,264.491,34.466,15.503,1000.027,123237,200.0,warm,0,1,,,synthetic,CONNECT_PROBLEM
,legacy.example,https://legacy.example/,0,0.0,102.798,159.601,554.193,38.608,855.2,298922,200.0,warm,0,1,,,synthetic,NORMAL
,shop.example,https://shop.example/,6,0.0,47.586,159.526,166.007,94.457,467.575,696988,200.0,warm,0,1,,,synthetic,NORMAL
,cdn-far.example,https://cdn-far.example/,12,41.51,45.612,203.96,24.663,9.775,325.52,126199,200.0,cold,0,1,,,synthetic,NORMAL
,cdn-near.example,https://cdn-near.example/,2,0.0,12.722,19.361,41.16,4.939,78.181,30776,200.0,warm,0,1,,,synthetic,NORMAL
,legacy.example,https://legacy.example/,4,0.0,55.443,78.48,287.997,31.86,453.779,289205,200.0,warm,0,1,,,synthetic,NORMAL
,shop.example,https://shop.example/,18,12.09,24.555,61.61,156.37,37.39,292.016,559614,200.0,cold,0,1,,,synthetic,NORMAL
,cdn-far.example,https://cdn-far.example/,11,0.0,131.306,206.137,1209.598,26.398,1573.439,250378,200.0,warm,0,1,,,synthetic,HTTP_PROBLEM
,legacy.example,https://legacy.example/,18,32.787,352.082,153.24,323.118,29.696,890.923,288936,200.0,cold,0,1,,,synthetic,CONNECT_PROBLEM
,legacy.example,https://legacy.example/,16,0.0,424.168,80.307,242.99,74.459,821.924,261137,200.0,warm,0,1,,,synthetic,CONNECT_PROBLEM
,media.example,https://media.example/,10,0.0,52.613,167.383,114.833,146.821,481.649,1323000,200.0,warm,0,1,,,synthetic,NORMAL
,media.example,https://media.example/,2,0.0,71.276,82.055,108.697,307.989,570.018,2106766,200.0,warm,0,1,,,synthetic,NORMAL
,cdn-far.example,https://cdn-far.example/,15,20.669,654.534,321.987,30.31,20.631,1048.131,151561,200.0,cold,0,1,,,synthetic,CONNECT_PROBLEM
,shop.example,https://shop.example/,21,0.0,516.17,117.966,304.898,250.689,1189.723,595420,200.0,warm,0,1,,,synthetic,CONNECT_PROBLEM
,shop.example,https://shop.example/,17,202.358,39.177,58.951,137.719,111.837,550.042,670592,200.0,cold,0,1,,,synthetic,DNS_PROBLEM
,shop.example,https://shop.example/,14,0.0,26.218,50.091,170.227,276.143,522.679,1551910,200.0,warm,0,1,,,synthetic,NORMAL
,api.example,https://api.example/,22,13.993,19.919,2846.747,0.0,0.0,2880.659,0,,cold,0,0,TLS,,synthetic,TLS_PROBLEM
,cdn-near.example,https://cdn-near.example/,8,15.866,104.575,50.647,92.261,13.23,276.578,57902,200.0,cold,0,1,,,synthetic,CONNECT_PROBLEM
,cdn-far.example,https://cdn-far.example/,0,27.724,179.786,187.422,47.922,15.499,458.354,113935,200.0,cold,0,1,,,synthetic,CONNECT_PROBLEM
,cdn-far.example,https://cdn-far.example/,7,23.254,82.649,140.948,452.426,0.227,699.504,1413,503.0,cold,0,0,HTTP,,synthetic,HTTP_PROBLEM
,shop.example,https://shop.example/,11,0.0,26.763,181.872,173.179,60.661,442.475,548662,200.0,warm,0,1,,,synthetic,NORMAL
,cdn-far.example,https://cdn-far.example/,13,0.0,0.0,0.0,49.479,17.315,66.794,192503,200.0,warm,1,1,,,synthetic,NORMAL
,api.example,https://api.example/,10,12.081,21.188,71.639,71.648,1.718,178.273,12468,200.0,cold,0,1,,,synthetic,NORMAL
,shop.example,https://shop.example/,18,22.831,24.749,122.12,1201.748,0.235,1371.683,1928,502.0,cold,0,0,HTTP,,synthetic,HTTP_PROBLEM
,legacy.example,https://legacy.example/,8,26.644,307.081,984.342,425.467,103.248,1846.782,413852,200.0,cold,0,1,,,synthetic,TLS_PROBLEM
,legacy.example,https://legacy.example/,4,161.144,113.948,91.668,204.302,37.043,608.106,364381,200.0,cold,0,1,,,synthetic,DNS_PROBLEM
,media.example,https://media.example/,9,0.0,72.415,133.081,156.319,187.546,549.36,1002864,200.0,warm,0,1,,,synthetic,NORMAL
,cdn-far.example,https://cdn-far.example/,16,280.329,59.405,312.445,69.327,13.265,734.771,79885,200.0,cold,0,1,,,synthetic,DNS_PROBLEM
,legacy.example,https://legacy.example/,0,5469.858,0.0,0.0,0.0,0.0,5469.858,0,,cold,0,0,DNS,,synthetic,DNS_PROBLEM
,media.example,https://media.example/,19,28.98,91.126,201.528,865.873,530.572,1718.08,2489399,200.0,cold,0,1,,,synthetic,HTTP_PROBLEM
,shop.example,https://shop.example/,14,0.0,0.0,0.0,154.357,24.697,179.054,307452,200.0,warm,1,1,,,synthetic,NORMAL
,legacy.example,https://legacy.example/,6,0.0,116.795,1061.664,311.903,82.55,1572.912,853291,200.0,warm,0,1,,,synthetic,TLS_PROBLEM
,shop.example,https://shop.example/,8,0.0,38.628,222.448,420.499,107.792,789.367,598968,200.0,warm,0,1,,,synthetic,NORMAL
,media.example,https://media.example/,13,21.449,30.898,101.887,51.393,426.06,631.686,3350704,200.0,cold,0,1,,,synthetic,NORMAL
,cdn-far.example,https://cdn-far.example/,6,0.0,685.783,292.184,65.081,39.346,1082.394,189615,200.0,warm,0,1,,,synthetic,CONNECT_PROBLEM
,legacy.example,https://legacy.example/,17,258.872,46.593,134.049,631.266,5.786,1076.567,53444,200.0,cold,0,1,,,synthetic,DNS_PROBLEM
,media.example,https://media.example/,8,19.568,0.0,0.0,1109.186,0.476,1129.23,2924,500.0,cold,1,0,HTTP,,synthetic,HTTP_PROBLEM
,cdn-near.example,https://cdn-near.example/,12,12.826,12.424,37.519,41.515,10.12,114.404,103474,200.0,cold,0,1,,,synthetic,NORMAL
,api.example,https://api.example/,12,0.0,0.0,0.0,64.852,3.156,68.008,21140,200.0,warm,1,1,,,synthetic,NORMAL
,shop.example,https://shop.example/,19,0.0,57.525,1669.953,221.986,92.426,2041.89,308559,200.0,warm,0,1,,,synthetic,TLS_PROBLEM
,media.example,https://media.example/,18,0.0,55.58,117.72,367.84,243.741,784.881,3574630,200.0,warm,0,1,,,synthetic,HTTP_PROBLEM
,shop.example,https://shop.example/,10,0.0,4241.272,0.0,0.0,0.0,4241.272,0,,warm,0,0,CONNECT,,synthetic,CONNECT_PROBLEM
,legacy.example,https://legacy.example/,15,0.0,38.606,131.729,2551.168,31.899,2753.403,418830,200.0,warm,0,1,,,synthetic,HTTP_PROBLEM
,api.example,https://api.example/,16,0.0,0.0,0.0,668.849,1.409,670.258,19981,200.0,warm,1,1,,,synthetic,HTTP_PROBLEM
,media.example,https://media.example/,2,0.0,0.0,0.0,106.594,533.838,640.432,3430529,200.0,warm,1,1,,,synthetic,NORMAL
,cdn-far.example,https://cdn-far.example/,14,294.223,66.554,281.525,38.043,28.282,708.626,227698,200.0,cold,0,1,,,synthetic,DNS_PROBLEM
,shop.example,https://shop.example/,23,0.0,36.428,147.428,248.818,969.845,1402.52,6510444,200.0,warm,0,1,,,synthetic,NORMAL
,legacy.example,https://legacy.example/,17,31.61,80.624,119.585,235.501,33.545,500.865,224082,200.0,cold,0,1,,,synthetic,NORMAL
,legacy.example,https://legacy.example/,19,39.425,43.786,152.668,1893.199,48.167,2177.243,514188,200.0,cold,0,1,,,synthetic,HTTP_PROBLEM
,media.example,https://media.example/,1,0.0,43.827,31.82,110.994,460.662,647.302,3285227,200.0,warm,0,1,,,synthetic,NORMAL
,legacy.example,https://legacy.example/,4,230.028,60.836,70.63,201.508,30.566,593.567,288761,200.0,cold,0,1,,,synthetic,DNS_PROBLEM
,shop.example,https://shop.example/,8,0.0,49.109,103.301,390.994,0.684,544.087,2206,502.0,warm,0,0,HTTP,,synthetic,HTTP_PROBLEM
,api.example,https://api.example/,6,57.596,27.648,35.904,54.324,3.617,179.089,50497,200.0,cold,0,1,,,synthetic,DNS_PROBLEM
,legacy.example,https://legacy.example/,1,37.174,0.0,0.0,293.462,17.784,348.42,145067,200.0,cold,1,1,,,synthetic,NORMAL
,api.example,https://api.example/,20,0.0,0.0,0.0,124.318,6.287,130.604,47504,200.0,warm,1,1,,,synthetic,NORMAL
,legacy.example,https://legacy.example/,9,0.0,88.101,255.51,3879.325,100.31,4323.246,242959,200.0,warm,0,1,,,synthetic,HTTP_PROBLEM
,cdn-far.example,https://cdn-far.example/,13,27.196,120.271,238.331,83.143,18.945,487.885,163982,200.0,cold,0,1,,,synthetic,NORMAL
,cdn-far.example,https://cdn-far.example/,13,0.0,68.385,246.501,49.55,5.294,369.73,94482,200.0,warm,0,1,,,synthetic,NORMAL
,cdn-near.example,https://cdn-near.example/,18,15.24,6.612,19.024,36.551,7.624,85.052,67756,200.0,cold,0,1,,,synthetic,NORMAL
,legacy.example,https://legacy.example/,7,0.0,79.837,276.709,408.847,23.451,788.844,280095,200.0,warm,0,1,,,synthetic,NORMAL
,api.example,https://api.example/,4,0.0,37.142,820.245,135.348,4.516,997.251,39944,200.0,warm,0,1,,,synthetic,TLS_PROBLEM
,shop.example,https://shop.example/,17,7.442,0.0,0.0,115.643,44.409,167.494,408339,200.0,cold,1,1,,,synthetic,NORMAL
,api.example,https://api.example/,5,23.053,28.18,64.135,101.767,2.728,219.863,14678,200.0,cold,0,1,,,synthetic,NORMAL
,api.example,https://api.example/,0,12.879,12.669,52.681,427.893,2.286,508.409,41643,200.0,cold,0,1,,,synthetic,HTTP_PROBLEM
,api.example,https://api.example/,14,123.435,14.595,41.959,83.339,4.235,267.563,44626,200.0,cold,0,1,,,synthetic,DNS_PROBLEM
,media.example,https://media.example/,7,0.0,0.0,0.0,120.709,263.046,383.755,1553484,200.0,warm,1,1,,,synthetic,NORMAL
,media.example,https://media.example/,2,0.0,30.037,87.274,59.29,187.899,364.5,1968413,200.0,warm,0,1,,,synthetic,NORMAL
,cdn-far.example,https://cdn-far.example/,4,0.0,64.431,180.71,251.829,34.807,531.778,347770,200.0,warm,0,1,,,synthetic,HTTP_PROBLEM
,shop.example,https://shop.example/,0,0.0,45.946,132.048,1715.804,72.409,1966.207,974116,200.0,warm,0,1,,,synthetic,HTTP_PROBLEM
,legacy.example,https://legacy.example/,6,0.0,39.284,94.009,246.443,59.902,439.638,368031,200.0,warm,0,1,,,synthetic,NORMAL
,legacy.example,https://legacy.example/,19,27.314,99.89,253.312,363.225,24.646,768.387,241758,200.0,cold,0,1,,,synthetic,NORMAL
,legacy.example,https://legacy.example/,12,0.0,577.757,134.707,155.478,64.929,932.872,243716,200.0,warm,0,1,,,synthetic,CONNECT_PROBLEM
,legacy.example,https://legacy.example/,4,44.088,51.334,95.583,298.536,28.645,518.186,207637,200.0,cold,0,1,,,synthetic,NORMAL
,api.example,https://api.example/,11,0.0,18.443,36.568,61.068,4.467,120.546,24596,200.0,warm,0,1,,,synthetic,NORMAL
,media.example,https://media.example/,14,19.973,34.412,112.31,139.364,230.212,536.27,1978248,200.0,cold,0,1,,,synthetic,NORMAL
,api.example,https://api.example/,18,0.0,23.256,59.13,61.91,2.878,147.175,23756,200.0,warm,0,1,,,synthetic,NORMAL
,api.example,https://api.example/,12,9.418,27.042,45.802,73.512,4.533,160.308,45009,200.0,cold,0,1,,,synthetic,NORMAL
,legacy.example,https://legacy.example/,19,553.542,70.125,173.733,199.659,35.814,1032.873,310826,200.0,cold,0,1,,,synthetic,DNS_PROBLEM
,media.example,https://media.example/,19,0.0,0.0,0.0,166.826,575.769,742.594,2446316,200.0,warm,1,1,,,synthetic,NORMAL
,cdn-far.example,https://cdn-far.example/,11,0.0,203.922,2187.521,73.376,18.235,2483.054,111149,200.0,warm,0,1,,,synthetic,TLS_PROBLEM
,legacy.example,https://legacy.example/,3,62.192,51.273,862.821,483.153,18.748,1478.187,243387,200.0,cold,0,1,,,synthetic,TLS_PROBLEM
,media.example,https://media.example/,5,0.0,51.426,762.059,54.362,89.271,957.119,779307,200.0,warm,0,1,,,synthetic,TLS_PROBLEM
,shop.example,https://shop.example/,14,0.0,38.373,40.561,90.738,42.845,212.517,473371,200.0,warm,0,1,,,synthetic,NORMAL
,shop.example,https://shop.example/,11,0.0,41.637,55.46,1167.614,0.143,1264.854,1719,503.0,warm,0,0,HTTP,,synthetic,HTTP_PROBLEM
,media.example,https://media.example/,10,0.0,38.283,66.884,134.734,139.53,379.431,1242265,200.0,warm,0,1,,,synthetic,NORMAL
,cdn-near.example,https://cdn-near.example/,15,9.736,17.522,331.071,31.99,8.937,399.257,74461,200.0,cold,0,1,,,synthetic,TLS_PROBLEM
,api.example,https://api.example/,20,0.0,19.952,89.005,131.369,8.132,248.459,24128,200.0,warm,0,1,,,synthetic,NORMAL
,api.example,https://api.example/,13,0.0,16.031,654.136,105.18,5.569,780.916,33640,200.0,warm,0,1,,,synthetic,TLS_PROBLEM
,media.example,https://media.example/,1,0.0,71.917,95.628,55.189,135.912,358.646,1083563,200.0,warm,0,1,,,synthetic,NORMAL
,cdn-near.example,https://cdn-near.example/,15,9.815,7.581,40.101,45.614,8.619,111.729,70270,200.0,cold,0,1,,,synthetic,NORMAL
,cdn-near.example,https://cdn-near.example/,3,0.0,4652.504,0.0,0.0,0.0,4652.504,0,,warm,0,0,CONNECT,,synthetic,CONNECT_PROBLEM
,legacy.example,https://legacy.example/,10,141.544,91.992,108.747,230.354,49.43,622.066,453630,200.0,cold,0,1,,,synthetic,DNS_PROBLEM
,cdn-far.example,https://cdn-far.example/,21,19.808,138.887,358.653,129.938,43.811,691.097,221440,200.0,cold,0,1,,,synthetic,NORMAL
,legacy.example,https://legacy.example/,10,41.286,113.284,134.3,590.433,87.722,967.025,320319,200.0,cold,0,1,,,synthetic,NORMAL
,cdn-near.example,https://cdn-near.example/,17,0.0,5.104,32.753,440.544,10.758,489.158,89082,200.0,warm,0,1,,,synthetic,HTTP_PROBLEM
,cdn-far.example,https://cdn-far.example/,9,0.0,79.902,191.675,74.948,17.002,363.527,140954,200.0,warm,0,1,,,synthetic,NORMAL
,legacy.example,https://legacy.example/,17,48.217,498.766,98.33,101.527,68.117,814.957,497398,200.0,cold,0,1,,,synthetic,CONNECT_PROBLEM
,media.example,https://media.example/,7,0.0,0.0,0.0,109.105,591.199,700.305,3251764,200.0,warm,1,1,,,synthetic,NORMAL
,shop.example,https://shop.example/,17,13.219,0.0,0.0,476.286,119.475,608.979,784639,200.0,cold,1,1,,,synthetic,NORMAL
,api.example,https://api.example/,10,0.0,6291.688,0.0,0.0,0.0,6291.688,0,,warm,0,0,CONNECT,,synthetic,CONNECT_PROBLEM
,cdn-far.example,https://cdn-far.example/,15,17.464,76.135,150.714,67.252,5.815,317.38,78808,200.0,cold,0,1,,,synthetic,NORMAL
,legacy.example,https://legacy.example/,9,21.47,56.158,153.722,1687.127,0.338,1918.815,1905,502.0,cold,0,0,HTTP,,synthetic,HTTP_PROBLEM
,shop.example,https://shop.example/,0,0.0,0.0,0.0,283.184,78.072,361.257,723637,200.0,warm,1,1,,,synthetic,NORMAL
,shop.example,https://shop.example/,14,0.0,30.915,96.551,162.197,37.207,326.87,267772,200.0,warm,0,1,,,synthetic,NORMAL
,cdn-far.example,https://cdn-far.example/,14,167.847,114.935,275.811,103.577,41.177,703.348,301372,200.0,cold,0,1,,,synthetic,DNS_PROBLEM
,legacy.example,https://legacy.example/,0,40.558,50.496,226.183,517.014,0.383,834.634,2335,503.0,cold,0,0,HTTP,,synthetic,HTTP_PROBLEM
,legacy.example,https://legacy.example/,2,382.49,43.343,74.696,312.435,42.724,855.687,461191,200.0,cold,0,1,,,synthetic,DNS_PROBLEM
,legacy.example,https://legacy.example/,23,753.158,93.838,116.131,939.135,73.592,1975.855,425216,200.0,cold,0,1,,,synthetic,DNS_PROBLEM
,shop.example,https://shop.example/,4,0.0,45.223,72.34,290.538,81.972,490.073,631369,200.0,warm,0,1,,,synthetic,NORMAL
,cdn-far.example,https://cdn-far.example/,3,0.0,115.615,348.115,97.679,14.542,575.951,121753,200.0,warm,0,1,,,synthetic,NORMAL
,media.example,https://media.example/,23,0.0,405.954,359.084,178.376,1131.172,2074.586,4145106,200.0,warm,0,1,,,synthetic,CONNECT_PROBLEM
,cdn-far.example,https://cdn-far.example/,0,427.538,135.049,295.454,84.091,23.666,965.798,206536,200.0,cold,0,1,,,synthetic,DNS_PROBLEM
,cdn-far.example,https://cdn-far.example/,13,0.0,751.854,302.026,42.058,30.37,1126.308,231009,200.0,warm,0,1,,,synthetic,CONNECT_PROBLEM
,media.example,https://media.example/,1,0.0,20.672,108.281,45.098,66.566,240.617,1405581,200.0,warm,0,1,,,synthetic,NORMAL
,cdn-near.example,https://cdn-near.example/,18,0.0,0.0,0.0,388.851,8.86,397.711,100507,200.0,warm,1,1,,,synthetic,HTTP_PROBLEM
,media.example,https://media.example/,12,0.0,29.419,1047.831,113.687,706.876,1897.813,2852034,200.0,warm,0,1,,,synthetic,TLS_PROBLEM
,api.example,https://api.example/,12,0.0,0.0,0.0,107.787,3.853,111.641,28881,200.0,warm,1,1,,,synthetic,NORMAL
,media.example,https://media.example/,4,0.0,0.0,0.0,49.819,311.816,361.635,2877624,200.0,warm,1,1,,,synthetic,NORMAL
,cdn-far.example,https://cdn-far.example/,0,0.0,120.507,148.622,105.079,44.433,418.642,288217,200.0,warm,0,1,,,synthetic,NORMAL
,api.example,https://api.example/,13,146.63,13.867,95.772,68.809,1.762,326.84,22602,200.0,cold,0,1,,,synthetic,DNS_PROBLEM
,shop.example,https://shop.example/,17,145.056,23.549,45.55,125.814,51.07,391.037,646357,200.0,cold,0,1,,,synthetic,DNS_PROBLEM
,legacy.example,https://legacy.example/,2,35.871,56.361,228.435,657.898,61.127,1039.693,336676,200.0,cold,0,1,,,synthetic,NORMAL
,cdn-near.example,https://cdn-near.example/,23,0.0,55.472,33.742,144.865,13.378,247.457,59878,200.0,warm,0,1,,,synthetic,CONNECT_PROBLEM
,shop.example,https://shop.example/,6,0.0,27.695,77.664,246.436,109.782,461.576,549114,200.0,warm,0,1,,,synthetic,NORMAL
,media.example,https://media.example/,17,0.0,23.224,463.006,165.857,274.895,926.982,2317212,200.0,warm,0,1,,,synthetic,TLS_PROBLEM
,media.example,https://media.example/,17,0.0,58.209,60.36,1094.861,241.228,1454.658,2417487,200.0,warm,0,1,,,synthetic,HTTP_PROBLEM
,cdn-near.example,https://cdn-near.example/,20,0.0,200.086,93.817,132.315,21.24,447.458,42837,200.0,warm,0,1,,,synthetic,CONNECT_PROBLEM
,legacy.example,https://legacy.example/,22,0.0,879.222,190.188,559.347,35.525,1664.282,266377,200.0,warm,0,1,,,synthetic,CONNECT_PROBLEM
,legacy.example,https://legacy.example/,0,0.0,77.855,134.337,3645.499,14.574,3872.265,157048,200.0,warm,0,1,,,synthetic,HTTP_PROBLEM
,cdn-far.example,https://cdn-far.example/,10,18.011,1134.743,194.667,114.798,19.485,1481.704,114513,200.0,cold,0,1,,,synthetic,CONNECT_PROBLEM
,cdn-far.example,https://cdn-far.example/,8,48.361,187.404,267.894,131.892,33.292,668.843,240945,200.0,cold,0,1,,,synthetic,NORMAL
,media.example,https://media.example/,22,0.0,44.859,1302.431,64.047,85.972,1497.309,762746,200.0,warm,0,1,,,synthetic,TLS_PROBLEM
,legacy.example,https://legacy.example/,20,91.379,78.145,306.48,716.413,45.891,1238.308,278677,200.0,cold,0,1,,,synthetic,NORMAL
,api.example,https://api.example/,6,0.0,14.683,44.927,87.938,3.217,150.766,31958,200.0,warm,0,1,,,synthetic,NORMAL
,api.example,https://api.example/,13,12.831,20.263,88.651,130.752,1.693,254.189,25558,200.0,cold,0,1,,,synthetic,NORMAL
,shop.example,https://shop.example/,2,18.751,45.224,147.627,1961.808,39.627,2213.037,466877,200.0,cold,0,1,,,synthetic,HTTP_PROBLEM
,cdn-far.example,https://cdn-far.example/,15,32.616,1023.514,171.635,85.561,40.669,1353.995,395402,200.0,cold,0,1,,,synthetic,CONNECT_PROBLEM
,cdn-far.example,https://cdn-far.example/,3,0.0,5118.882,0.0,0.0,0.0,5118.882,0,,warm,0,0,CONNECT,,synthetic,CONNECT_PROBLEM
,cdn-far.example,https://cdn-far.example/,17,0.0,76.532,138.691,41.932,20.78,277.935,258667,200.0,warm,0,1,,,synthetic,NORMAL
,api.example,https://api.example/,10,0.0,0.0,0.0,77.484,2.324,79.808,29809,200.0,warm,1,1,,,synthetic,NORMAL
,shop.example,https://shop.example/,20,0.0,408.979,218.104,438.788,343.452,1409.322,788489,200.0,warm,0,1,,,synthetic,CONNECT_PROBLEM
,shop.example,https://shop.example/,8,29.19,52.426,156.565,350.652,0.524,589.356,2507,502.0,cold,0,0,HTTP,,synthetic,HTTP_PROBLEM
,legacy.example,https://legacy.example/,3,0.0,82.398,139.649,170.279,34.042,426.368,315222,200.0,warm,0,1,,,synthetic,NORMAL
,shop.example,https://shop.example/,23,19.918,83.001,212.048,235.884,58.056,608.907,353386,200.0,cold,0,1,,,synthetic,NORMAL
,cdn-near.example,https://cdn-near.example/,3,8.193,0.0,0.0,40.852,23.933,72.978,259831,200.0,cold,1,1,,,synthetic,NORMAL
,cdn-far.example,https://cdn-far.example/,0,0.0,200.771,190.868,36.311,13.71,441.661,197706,200.0,warm,0,1,,,synthetic,NORMAL
,api.example,https://api.example/,17,0.0,18.129,46.858,75.693,3.748,144.427,47004,200.0,warm,0,1,,,synthetic,NORMAL
,media.example,https://media.example/,13,20.507,44.086,158.669,64.308,222.425,509.996,2759562,200.0,cold,0,1,,,synthetic,NORMAL
,media.example,https://media.example/,6,11.273,61.725,81.133,156.067,121.657,431.855,1511904,200.0,cold,0,1,,,synthetic,NORMAL
,media.example,https://media.example/,6,17.362,37.447,228.94,42.523,73.578,399.851,1010290,200.0,cold,0,1,,,synthetic,NORMAL
,legacy.example,https://legacy.example/,17,33.683,52.559,78.556,374.586,37.173,576.558,310431,200.0,cold,0,1,,,synthetic,NORMAL
,cdn-near.example,https://cdn-near.example/,16,6.494,13.122,57.014,108.307,12.595,197.531,35631,200.0,cold,0,1,,,synthetic,NORMAL
,media.example,https://media.example/,14,0.0,25.845,91.57,87.569,185.518,390.502,2011675,200.0,warm,0,1,,,synthetic,NORMAL
,shop.example,https://shop.example/,18,0.0,19.31,463.007,139.766,42.571,664.654,841122,200.0,warm,0,1,,,synthetic,TLS_PROBLEM
,shop.example,https://shop.example/,2,12.112,43.4,76.385,252.011,57.928,441.837,290511,200.0,cold,0,1,,,synthetic,NORMAL
,api.example,https://api.example/,17,157.614,12.873,50.207,49.732,1.654,272.08,11652,200.0,cold,0,1,,,synthetic,DNS_PROBLEM
,media.example,https://media.example/,15,0.0,0.0,0.0,59.396,565.691,625.087,2966867,200.0,warm,1,1,,,synthetic,NORMAL
,cdn-near.example,https://cdn-near.example/,20,9.113,10.245,101.897,83.08,8.733,213.069,52776,200.0,cold,0,1,,,synthetic,NORMAL
,legacy.example,https://legacy.example/,7,44.778,57.98,96.753,356.732,33.504,589.747,223665,200.0,cold,0,1,,,synthetic,NORMAL
,legacy.example,https://legacy.example/,14,34.899,0.0,0.0,181.177,9.895,225.972,213919,200.0,cold,1,1,,,synthetic,NORMAL
,legacy.example,https://legacy.example/,18,0.0,73.02,187.521,264.922,44.524,569.986,383559,200.0,warm,0,1,,,synthetic,NORMAL
,legacy.example,https://legacy.example/,10,379.007,54.309,98.296,366.651,16.781,915.045,305375,200.0,cold,0,1,,,synthetic,DNS_PROBLEM
,media.example,https://media.example/,8,50.443,38.822,126.94,172.338,189.752,578.296,1528016,200.0,cold,0,1,,,synthetic,NORMAL
,cdn-near.example,https://cdn-near.example/,9,0.0,4.85,47.046,70.622,17.885,140.403,101620,200.0,warm,0,1,,,synthetic,NORMAL
,shop.example,https://shop.example/,6,0.0,23.322,73.444,141.566,168.351,406.684,1016765,200.0,warm,0,1,,,synthetic,NORMAL
,cdn-far.example,https://cdn-far.example/,0,0.0,105.233,157.788,59.432,18.345,340.799,115941,200.0,warm,0,1,,,synthetic,NORMAL
,shop.example,https://shop.example/,19,0.0,5749.432,0.0,0.0,0.0,5749.432,0,,warm,0,0,CONNECT,,synthetic,CONNECT_PROBLEM
,cdn-far.example,https://cdn-far.example/,14,5301.431,0.0,0.0,0.0,0.0,5301.431,0,,cold,0,0,DNS,,synthetic,DNS_PROBLEM
,shop.example,https://shop.example/,15,13.698,28.417,642.118,339.619,64.434,1088.285,494072,200.0,cold,0,1,,,synthetic,TLS_PROBLEM
,shop.example,https://shop.example/,4,0.0,30.258,136.162,121.022,26.442,313.884,322876,200.0,warm,0,1,,,synthetic,NORMAL
,cdn-near.example,https://cdn-near.example/,2,0.0,8.797,135.859,73.831,22.896,241.382,137348,200.0,warm,0,1,,,synthetic,TLS_PROBLEM
,api.example,https://api.example/,10,235.333,38.989,35.737,101.365,0.81,412.235,14702,200.0,cold,0,1,,,synthetic,DNS_PROBLEM
,api.example,https://api.example/,1,0.0,15.249,36.144,100.871,2.484,154.749,24951,200.0,warm,0,1,,,synthetic,NORMAL
,cdn-far.example,https://cdn-far.example/,13,25.61,191.685,302.739,1340.825,15.944,1876.803,139205,200.0,cold,0,1,,,synthetic,HTTP_PROBLEM
,legacy.example,https://legacy.example/,10,44.803,50.161,167.958,3135.616,18.623,3417.163,337632,200.0,cold,0,1,,,synthetic,HTTP_PROBLEM
,api.example,https://api.example/,4,0.0,27.263,67.321,130.575,4.727,229.886,50131,200.0,warm,0,1,,,synthetic,NORMAL
,shop.example,https://shop.example/,3,0.0,57.929,84.381,196.184,48.494,386.988,429259,200.0,warm,0,1,,,synthetic,NORMAL
,shop.example,https://shop.example/,11,0.0,35.6,87.47,205.601,34.957,363.628,420813,200.0,warm,0,1,,,synthetic,NORMAL
,media.example,https://media.example/,9,17.259,65.857,268.455,115.556,228.69,695.817,1240201,200.0,cold,0,1,,,synthetic,NORMAL
,cdn-near.example,https://cdn-near.example/,18,10.638,24.339,43.956,68.814,11.9,159.647,92146,200.0,cold,0,1,,,synthetic,NORMAL
,media.example,https://media.example/,3,0.0,5540.677,0.0,0.0,0.0,5540.677,0,,warm,0,0,CONNECT,,synthetic,CONNECT_PROBLEM
,cdn-near.example,https://cdn-near.example/,13,12.634,0.0,0.0,38.542,4.073,55.25,58696,200.0,cold,1,1,,,synthetic,NORMAL
,api.example,https://api.example/,12,0.0,26.163,69.323,70.202,4.144,169.832,50687,200.0,warm,0,1,,,synthetic,NORMAL
,cdn-near.example,https://cdn-near.example/,13,0.0,0.0,0.0,298.105,6.646,304.751,41245,200.0,warm,1,1,,,synthetic,HTTP_PROBLEM
,media.example,https://media.example/,20,0.0,0.0,0.0,200.69,916.496,1117.186,3960382,200.0,warm,1,1,,,synthetic,NORMAL
,cdn-far.example,https://cdn-far.example/,17,16.186,203.049,1633.87,67.304,19.592,1940.002,201782,200.0,cold,0,1,,,synthetic,TLS_PROBLEM
,shop.example,https://shop.example/,15,0.0,27.11,60.408,111.798,39.711,239.028,395610,200.0,warm,0,1,,,synthetic,NORMAL
,shop.example,https://shop.example/,7,31.178,34.411,88.901,938.297,62.378,1155.165,1025804,200.0,cold,0,1,,,synthetic,HTTP_PROBLEM
,legacy.example,https://legacy.example/,22,65.244,53.45,206.188,312.133,28.862,665.878,232601,200.0,cold,0,1,,,synthetic,NORMAL
,cdn-near.example,https://cdn-near.example/,19,0.0,0.0,0.0,103.418,10.232,113.651,73770,200.0,warm,1,1,,,synthetic,NORMAL
,legacy.example,https://legacy.example/,9,0.0,91.355,1359.663,0.0,0.0,1451.018,0,,warm,0,0,TLS,,synthetic,TLS_PROBLEM
,api.example,https://api.example/,20,0.0,183.307,143.334,308.237,7.549,642.428,27816,200.0,warm,0,1,,,synthetic,CONNECT_PROBLEM
,cdn-far.example,https://cdn-far.example/,16,0.0,91.131,194.537,79.938,7.184,372.79,93757,200.0,warm,0,1,,,synthetic,NORMAL
,cdn-far.example,https://cdn-far.example/,17,0.0,83.936,2257.132,0.0,0.0,2341.069,0,,warm,0,0,TLS,,synthetic,TLS_PROBLEM
,api.example,https://api.example/,8,0.0,16.929,68.171,536.186,0.146,621.432,1427,502.0,warm,0,0,HTTP,,synthetic,HTTP_PROBLEM
,cdn-far.example,https://cdn-far.example/,18,23.834,103.754,308.426,114.874,19.519,570.406,144824,200.0,cold,0,1,,,synthetic,NORMAL
,media.example,https://media.example/,23,13.168,93.088,256.543,1118.565,0.363,1481.728,2318,503.0,cold,0,0,HTTP,,synthetic,HTTP_PROBLEM
,legacy.example,https://legacy.example/,0,0.0,5925.14,0.0,0.0,0.0,5925.14,0,,warm,0,0,CONNECT,,synthetic,CONNECT_PROBLEM
,shop.example,https://shop.example/,3,0.0,321.672,112.417,133.925,82.985,651.0,456467,200.0,warm,0,1,,,synthetic,CONNECT_PROBLEM
,cdn-far.example,https://cdn-far.example/,22,0.0,87.161,242.388,120.082,12.403,462.035,62458,200.0,warm,0,1,,,synthetic,NORMAL
,cdn-near.example,https://cdn-near.example/,12,46.459,8.113,1540.154,0.0,0.0,1594.726,0,,cold,0,0,TLS,,synthetic,TLS_PROBLEM
,cdn-far.example,https://cdn-far.example/,17,245.241,133.328,220.581,65.125,11.457,675.732,135448,200.0,cold,0,1,,,synthetic,DNS_PROBLEM
,shop.example,https://shop.example/,18,0.0,22.632,52.626,218.073,31.966,325.297,464361,200.0,warm,0,1,,,synthetic,NORMAL
,media.example,https://media.example/,23,0.0,0.0,0.0,181.783,423.431,605.214,1794604,200.0,warm,1,1,,,synthetic,NORMAL
,api.example,https://api.example/,23,0.0,16.583,60.302,93.882,0.774,171.542,8303,200.0,warm,0,1,,,synthetic,NORMAL
,api.example,https://api.example/,20,0.0,204.553,93.041,90.96,8.458,397.011,34471,200.0,warm,0,1,,,synthetic,CONNECT_PROBLEM
,legacy.example,https://legacy.example/,5,40.053,0.0,0.0,576.216,0.156,616.425,1787,503.0,cold,1,0,HTTP,,synthetic,HTTP_PROBLEM
,cdn-far.example,https://cdn-far.example/,6,25.044,166.454,356.257,290.071,14.483,852.31,112189,200.0,cold,0,1,,,synthetic,HTTP_PROBLEM
,shop.example,https://shop.example/,21,0.0,48.494,116.622,2285.726,160.084,2610.926,1151760,200.0,warm,0,1,,,synthetic,HTTP_PROBLEM
,media.example,https://media.example/,16,20.013,679.081,126.384,96.181,332.792,1254.451,1537972,200.0,cold,0,1,,,synthetic,CONNECT_PROBLEM
,cdn-near.example,https://cdn-near.example/,3,0.0,18.105,57.097,818.483,5.442,899.126,44576,200.0,warm,0,1,,,synthetic,HTTP_PROBLEM
,legacy.example,https://legacy.example/,18,44.55,260.454,161.947,245.506,29.63,742.087,306197,200.0,cold,0,1,,,synthetic,CONNECT_PROBLEM
,cdn-far.example,https://cdn-far.example/,10,0.0,177.121,177.818,95.769,38.827,489.535,438320,200.0,warm,0,1,,,synthetic,NORMAL
,cdn-far.example,https://cdn-far.example/,12,21.169,88.038,421.097,67.449,35.725,633.477,253723,200.0,cold,0,1,,,synthetic,NORMAL
,cdn-far.example,https://cdn-far.example/,19,20.617,120.82,5982.236,114.989,19.156,6257.819,137981,200.0,cold,0,1,,,synthetic,TLS_PROBLEM
,media.example,https://media.example/,1,0.0,26.571,59.656,69.077,110.881,266.185,1884137,200.0,warm,0,1,,,synthetic,NORMAL
,legacy.example,https://legacy.example/,19,46.184,0.0,0.0,700.329,49.009,795.521,263587,200.0,cold,1,1,,,synthetic,NORMAL
,shop.example,https://shop.example/,17,0.0,38.529,160.851,328.289,101.839,629.509,990061,200.0,warm,0,1,,,synthetic,NORMAL
,cdn-near.example,https://cdn-near.example/,1,0.0,5.024,21.724,54.458,3.097,84.303,30320,200.0,warm,0,1,,,synthetic,NORMAL
,api.example,https://api.example/,0,14.525,0.0,0.0,108.361,2.488,125.374,20044,200.0,cold,1,1,,,synthetic,NORMAL
,media.example,https://media.example/,11,14.118,45.473,81.372,66.294,116.102,323.359,1204107,200.0,cold,0,1,,,synthetic,NORMAL
,api.example,https://api.example/,14,15.556,28.961,102.138,159.479,1.862,307.997,13291,200.0,cold,0,1,,,synthetic,NORMAL
,api.example,https://api.example/,2,16.654,28.017,302.253,89.018,2.476,438.419,9925,200.0,cold,0,1,,,synthetic,TLS_PROBLEM
,shop.example,https://shop.example/,17,0.0,22.179,91.253,2375.408,65.515,2554.355,617590,200.0,warm,0,1,,,synthetic,HTTP_PROBLEM
,cdn-far.example,https://cdn-far.example/,4,27.136,0.0,0.0,131.17,21.728,180.035,203075,200.0,cold,1,1,,,synthetic,NORMAL
,api.example,https://api.example/,6,20.802,17.941,34.691,123.233,3.877,200.544,43712,200.0,cold,0,1,,,synthetic,NORMAL
,api.example,https://api.example/,9,0.0,300.452,133.828,216.301,7.558,658.139,33846,200.0,warm,0,1,,,synthetic,CONNECT_PROBLEM
,shop.example,https://shop.example/,15,13.613,38.283,984.072,493.625,49.528,1579.121,326650,200.0,cold,0,1,,,synthetic,TLS_PROBLEM
,shop.example,https://shop.example/,6,0.0,183.489,59.585,298.698,353.904,895.676,1111117,200.0,warm,0,1,,,synthetic,CONNECT_PROBLEM
,cdn-far.example,https://cdn-far.example/,19,26.039,85.288,234.064,44.804,7.797,397.991,44115,200.0,cold,0,1,,,synthetic,NORMAL
,api.example,https://api.example/,22,0.0,28.013,113.133,124.681,1.571,267.398,15651,200.0,warm,0,1,,,synthetic,NORMAL
,legacy.example,https://legacy.example/,19,0.0,0.0,0.0,461.994,67.848,529.842,644903,200.0,warm,1,1,,,synthetic,NORMAL
,cdn-near.example,https://cdn-near.example/,20,11.913,13.702,41.993,1632.22,0.491,1700.319,2025,502.0,cold,0,0,HTTP,,synthetic,HTTP_PROBLEM
,media.example,https://media.example/,9,16.501,0.0,0.0,173.805,354.662,544.968,2381580,200.0,cold,1,1,,,synthetic,NORMAL
,shop.example,https://shop.example/,9,14.942,23.745,98.373,325.761,38.885,501.707,428687,200.0,cold,0,1,,,synthetic,NORMAL
,cdn-near.example,https://cdn-near.example/,5,21.593,7.6,34.644,54.495,11.973,130.304,57820,200.0,cold,0,1,,,synthetic,NORMAL
,shop.example,https://shop.example/,17,0.0,43.273,52.263,851.846,12.725,960.108,126515,200.0,warm,0,1,,,synthetic,HTTP_PROBLEM
,cdn-far.example,https://cdn-far.example/,21,4955.717,0.0,0.0,0.0,0.0,4955.717,0,,cold,0,0,DNS,,synthetic,DNS_PROBLEM
,cdn-near.example,https://cdn-near.example/,9,0.0,10.051,283.052,69.947,15.897,378.947,50360,200.0,warm,0,1,,,synthetic,TLS_PROBLEM
,media.example,https://media.example/,19,43.149,58.824,310.47,106.46,206.868,725.77,1134709,200.0,cold,0,1,,,synthetic,NORMAL
,cdn-far.example,https://cdn-far.example/,20,30.102,1561.751,230.984,99.165,44.958,1966.96,143250,200.0,cold,0,1,,,synthetic,CONNECT_PROBLEM
,cdn-far.example,https://cdn-far.example/,6,26.25,136.354,396.739,269.547,14.738,843.628,172702,200.0,cold,0,1,,,synthetic,HTTP_PROBLEM
,cdn-near.example,https://cdn-near.example/,4,22.538,11.794,26.182,45.301,22.863,128.678,136655,200.0,cold,0,1,,,synthetic,NORMAL
,legacy.example,https://legacy.example/,1,0.0,45.091,1639.702,275.887,142.063,2102.743,1433396,200.0,warm,0,1,,,synthetic,TLS_PROBLEM
,cdn-far.example,https://cdn-far.example/,14,0.0,103.24,304.097,89.574,5.357,502.268,76247,200.0,warm,0,1,,,synthetic,NORMAL
,shop.example,https://shop.example/,6,14.968,0.0,0.0,3512.334,30.153,3557.454,249358,200.0,cold,1,1,,,synthetic,HTTP_PROBLEM
,legacy.example,https://legacy.example/,3,44.975,40.491,143.972,1973.582,22.381,2225.4,338399,200.0,cold,0,1,,,synthetic,HTTP_PROBLEM
,api.example,https://api.example/,19,10.408,0.0,0.0,300.124,4.911,315.444,18876,200.0,cold,1,1,,,synthetic,NORMAL
,legacy.example,https://legacy.example/,18,0.0,33.541,91.646,217.276,13.278,355.741,235388,200.0,warm,0,1,,,synthetic,NORMAL
,cdn-far.example,https://cdn-far.example/,23,25.291,116.341,152.611,60.285,25.587,380.115,157858,200.0,cold,0,1,,,synthetic,NORMAL
,shop.example,https://shop.example/,22,0.0,6513.586,0.0,0.0,0.0,6513.586,0,,warm,0,0,CONNECT,,synthetic,CONNECT_PROBLEM
,media.example,https://media.example/,12,22.586,59.782,194.101,858.782,523.677,1658.928,3216684,200.0,cold,0,1,,,synthetic,HTTP_PROBLEM
,media.example,https://media.example/,23,6.488,566.541,169.871,134.552,415.122,1292.574,2625002,200.0,cold,0,1,,,synthetic,CONNECT_PROBLEM
,api.example,https://api.example/,17,0.0,18.033,69.056,112.613,2.518,202.22,26303,200.0,warm,0,1,,,synthetic,NORMAL
,cdn-near.example,https://cdn-near.example/,21,8.985,15.952,78.608,105.726,10.601,219.871,63300,200.0,cold,0,1,,,synthetic,NORMAL
,cdn-near.example,https://cdn-near.example/,20,0.0,11.605,56.835,81.067,8.656,158.162,54611,200.0,warm,0,1,,,synthetic,NORMAL
,cdn-near.example,https://cdn-near.example/,17,11.46,9.756,50.232,50.59,3.665,125.704,36776,200.0,cold,0,1,,,synthetic,NORMAL
,legacy.example,https://legacy.example/,18,32.609,51.924,4736.247,0.0,0.0,4820.78,0,,cold,0,0,TLS,,synthetic,TLS_PROBLEM
,shop.example,https://shop.example/,11,16.987,29.731,80.096,198.277,132.234,457.325,1092949,200.0,cold,0,1,,,synthetic,NORMAL
,cdn-near.example,https://cdn-near.example/,11,10.742,7.284,45.549,30.146,8.189,101.91,122339,200.0,cold,0,1,,,synthetic,NORMAL
,cdn-far.example,https://cdn-far.example/,17,13.651,751.428,272.005,75.994,127.008,1240.085,196035,200.0,cold,0,1,,,synthetic,CONNECT_PROBLEM
,cdn-far.example,https://cdn-far.example/,5,76.249,204.666,208.741,94.464,11.815,595.933,168492,200.0,cold,0,1,,,synthetic,DNS_PROBLEM
,legacy.example,https://legacy.example/,18,33.817,0.0,0.0,288.539,56.994,379.35,393656,200.0,cold,1,1,,,synthetic,NORMAL
,api.example,https://api.example/,17,20.121,31.229,745.11,38.243,2.946,837.65,28822,200.0,cold,0,1,,,synthetic,TLS_PROBLEM
,shop.example,https://shop.example/,10,11.704,7014.186,0.0,0.0,0.0,7025.89,0,,cold,0,0,CONNECT,,synthetic,CONNECT_PROBLEM
,legacy.example,https://legacy.example/,7,33.24,63.381,177.558,3196.882,29.331,3500.392,226674,200.0,cold,0,1,,,synthetic,HTTP_PROBLEM
,cdn-near.example,https://cdn-near.example/,23,0.0,16.752,40.677,63.875,42.713,164.017,124507,200.0,warm,0,1,,,synthetic,NORMAL
,api.example,https://api.example/,4,7.962,5299.179,0.0,0.0,0.0,5307.141,0,,cold,0,0,CONNECT,,synthetic,CONNECT_PROBLEM
,legacy.example,https://legacy.example/,17,23.089,127.507,103.585,335.593,43.267,633.042,386567,200.0,cold,0,1,,,synthetic,NORMAL
,api.example,https://api.example/,6,10.424,153.926,23.79,47.944,2.024,238.108,13377,200.0,cold,0,1,,,synthetic,CONNECT_PROBLEM
,api.example,https://api.example/,18,118.775,21.804,44.436,62.687,2.052,249.753,39541,200.0,cold,0,1,,,synthetic,DNS_PROBLEM
,cdn-far.example,https://cdn-far.example/,21,0.0,0.0,0.0,212.108,50.193,262.301,228847,200.0,warm,1,1,,,synthetic,NORMAL
,shop.example,https://shop.example/,22,0.0,66.181,146.646,315.63,88.628,617.086,486259,200.0,warm,0,1,,,synthetic,NORMAL
,media.example,https://media.example/,14,0.0,45.296,105.69,109.678,452.173,712.837,3769019,200.0,warm,0,1,,,synthetic,NORMAL
,cdn-far.example,https://cdn-far.example/,19,172.003,181.018,603.344,63.441,56.938,1076.744,477675,200.0,cold,0,1,,,synthetic,DNS_PROBLEM
,shop.example,https://shop.example/,9,0.0,61.268,128.947,447.214,84.154,721.583,411019,200.0,warm,0,1,,,synthetic,NORMAL
,api.example,https://api.example/,22,14.899,42.903,69.903,747.111,0.24,875.056,1854,502.0,cold,0,0,HTTP,,synthetic,HTTP_PROBLEM
,api.example,https://api.example/,5,23.046,20.919,36.14,62.754,2.629,145.488,41507,200.0,cold,0,1,,,synthetic,NORMAL
